stock1,stock2,trade_capital,open,loss,reward,open_num
1301,2492,912.21,1.8079859466287909,5.99999999999997,3.066250000000082,1
2049,2492,2400.9825,1.1433818417759427,7.290679890624436,19.982500000000186,1
2492,9904,585.03375,1.8079859466287909,5.99999999999997,6.533750000000026,1
2492,9910,683.1600000000001,1.9903685727286529,4.999999999999846,6.220000000000027,1
