stock1,stock2,trade_capital,open,loss,reward,open_num
2049,2371,492.66375,9.98977440750324,24.99573317561555,0.40875000000005457,1
2301,2371,149.24812500000002,9.98977440750324,24.99573317561555,0.06662500000000904,1
2327,2376,1312.0125,1.8079859466287909,5.99999999999997,11.925000000000182,1
2327,2885,1104.4875,2.1048266865449103,22.69250838613482,12.464375000000047,1
2327,2887,1107.8625,2.9250000000000016,20.10344827586205,17.455000000000055,1
2344,2371,132.418125,9.98977440750324,24.99573317561555,0.11337500000000489,1
2371,2409,35.660624999999996,9.98977440750324,24.99573317561555,0.010624999999997442,1
