stock1,stock2,trade_capital,open,loss,reward,open_num
2356,3044,181.89187500000003,5.022148337595906,22.808695652173878,-0.07362499999997851,1
