stock1,stock2,trade_capital,open,loss,reward,open_num
1536,6269,463.33875,2.9250000000000016,20.10344827586205,2.3387500000000045,1
2301,2915,321.273,9.98977440750324,24.99573317561555,-4.1440000000000055,1
2303,6269,161.39550000000003,3.508635996771593,16.51957223567391,0.4455000000000169,1
2330,6269,790.0200000000001,2.9250000000000016,20.10344827586205,4.020000000000067,1
2454,2915,541.155,9.98977440750324,24.99573317561555,-0.42874999999997954,1
2618,2915,119.70000000000002,9.98977440750324,24.99573317561555,-0.5999999999999872,1
2915,5264,237.03300000000002,9.98977440750324,24.99573317561555,-1.0112499999999756,1
