stock1,stock2,trade_capital,open,loss,reward,open_num
2492,5871,594.9,1.9903685727286529,4.999999999999846,4.83125000000004,1
3406,5871,832.05,1.9903685727286529,4.999999999999846,3.673750000000041,1
5871,9910,399.15,2.9250000000000016,20.10344827586205,2.382499999999993,1
5871,9938,338.13,2.9250000000000016,20.10344827586205,3.3499999999999943,1
