stock1,stock2,trade_capital,open,loss,reward,open_num
2492,3532,1023.36,1.8916951729380467,12.846636259977194,5.741250000000036,1
