stock1,stock2,trade_capital,open,loss,reward,open_num
2883,4915,93.148125,4.323914893617021,9.632680851063803,-0.494374999999998,1
