stock1,stock2,trade_capital,open,loss,reward,open_num
2327,3443,1670.8200000000002,3.254488356362935,7.52294907720547,-1.4699999999998,1
3443,3532,1068.61875,2.9250000000000016,20.10344827586205,-2.326249999999959,1
