stock1,stock2,trade_capital,open,loss,reward,open_num
1605,3443,328.84125,2.9250000000000016,20.10344827586205,0.9006250000000193,1
