stock1,stock2,trade_capital,open,loss,reward,open_num
1536,2633,240.148125,9.98977440750324,24.99573317561555,-0.8518749999999926,1
2231,2633,416.36437500000005,4.323914893617021,9.632680851063803,-3.8668749999999505,1
2395,2633,325.434375,9.98977440750324,24.99573317561555,-2.065624999999997,1
