stock1,stock2,trade_capital,open,loss,reward,open_num
1303,2891,155.38500000000002,4.2079168858495475,14.57469752761706,-0.3817499999999967,1
1590,3706,429.96000000000004,1.4616844455470226,11.091664599354965,-0.6562499999999716,1
2308,2360,687.9525,4.2079168858495475,14.57469752761706,-4.872499999999931,1
2345,2360,690.5475000000001,2.9250000000000016,20.10344827586205,-10.104499999999973,1
2345,3406,608.5725,1.8079859466287909,5.99999999999997,-7.621249999999947,1
2360,3406,767.90625,2.9250000000000016,20.10344827586205,3.527500000000032,1
2610,9910,236.40750000000003,1.9903685727286529,4.999999999999846,-0.5924999999999727,1
