stock1,stock2,trade_capital,open,loss,reward,open_num
2303,6116,62.475,2.9250000000000016,20.10344827586205,-0.17832500000000007,1
