stock1,stock2,trade_capital,open,loss,reward,open_num
2049,2344,337.404375,4.2079168858495475,14.57469752761706,-1.5956249999999983,1
