stock1,stock2,trade_capital,open,loss,reward,open_num
1477,2379,505.35,3.254488356362935,7.52294907720547,-1.4037499999999454,1
1909,2352,116.41499999999999,4.2079168858495475,14.57469752761706,-0.8221249999999856,1
