stock1,stock2,trade_capital,open,loss,reward,open_num
1402,2337,151.228125,2.9250000000000016,20.10344827586205,0.45587500000001313,1
