stock1,stock2,trade_capital,open,loss,reward,open_num
4943,6239,1740.78,1.1433818417759427,7.290679890624436,-41.34399999999977,1
