stock1,stock2,trade_capital,open,loss,reward,open_num
1301,1605,288.675,4.2079168858495475,14.57469752761706,1.4425000000000239,1
