stock1,stock2,trade_capital,open,loss,reward,open_num
1314,2882,114.79415,1.3000000000000007,23.0,0.06715000000001226,1
1314,6505,181.7935,2.1000000000000014,9.0,0.9665000000000106,1
1536,2360,650.7,1.8500000000000012,9.0,1.9110000000000014,1
1536,2610,191.462375,1.550000000000009,7.0,0.46237500000000153,1
1536,2801,229.655,2.9000000000000017,20.0,0.40500000000000114,1
1536,9933,324.7521,1.6500000000000008,16.0,0.3906000000000063,1
2201,2801,103.01490000000001,1.4500000000000008,5.0,0.13177500000000464,1
2330,6505,831.2512500000001,1.3000000000000007,23.0,3.7512500000001125,1
2317,2883,131.31,2.7500000000000018,15.0,0.330325000000002,1
2317,2888,133.56,2.7500000000000018,15.0,0.1268749999999983,1
2317,6505,763.2125000000001,2.7500000000000018,15.0,3.8273000000000934,1
2317,9933,133.4418,2.7500000000000018,15.0,0.042099999999997806,1
2345,2886,197.64,2.7500000000000018,15.0,0.07000000000000739,1
2345,9933,282.97490000000005,1.9500000000000013,5.0,0.17490000000002226,1
2376,6505,678.4325000000001,2.4000000000000017,10.0,3.5692000000000945,1
2449,5880,165.24810000000002,1.8500000000000012,9.0,0.2881,1
2408,2409,152.664375,2.4000000000000017,10.0,0.006025000000008163,1
2610,9933,90.21447500000001,1.7500000000000009,15.0,-0.13552499999999412,1
2882,2888,107.81915000000001,1.9500000000000013,5.0,0.1787750000000088,1
2888,4904,131.78315,2.1000000000000014,9.0,0.042775000000006,1
3673,9938,195.8202,10.0,25.0,-0.8043499999999852,1
