stock1,stock2,trade_capital,open,loss,reward,open_num
3532,6269,744.135,1.9903685727286529,4.999999999999846,-1.3649999999999523,1
