stock1,stock2,trade_capital,open,loss,reward,open_num
2327,3532,1171.875,2.9250000000000016,20.10344827586205,4.982500000000016,1
