stock1,stock2,trade_capital,open,loss,reward,open_num
2353,3189,203.57999999999998,3.508635996771593,16.51957223567391,-0.8647499999999866,1
2379,3034,643.215,1.8916951729380467,12.846636259977194,2.85125000000005,1
3189,3231,134.64,4.2079168858495475,14.57469752761706,-0.2742499999999879,1
