stock1,stock2,trade_capital,open,loss,reward,open_num
2327,2409,347.345625,4.2079168858495475,14.57469752761706,4.289375000000028,1
