stock1,stock2,trade_capital,open,loss,reward,open_num
2353,6116,92.409525,9.98977440750324,24.99573317561555,0.17452500000000626,1
