stock1,stock2,trade_capital,open,loss,reward,open_num
3481,3682,68.536575,3.508635996771593,16.51957223567391,0.06532500000000141,1
