stock1,stock2,trade_capital,open,loss,reward,open_num
1723,2603,217.565625,2.9250000000000016,20.10344827586205,0.4143749999999926,1
