stock1,stock2,trade_capital,open,loss,reward,open_num
2352,5871,191.925,5.022148337595906,22.808695652173878,1.2125000000000057,1
