stock1,stock2,trade_capital,open,loss,reward,open_num
2353,2409,54.74587500000001,3.508635996771593,16.51957223567391,0.20800000000001262,1
2376,2409,84.3645,3.508635996771593,16.51957223567391,0.12937500000001023,1
