stock1,stock2,trade_capital,open,loss,reward,open_num
2344,2376,110.523,2.9250000000000016,20.10344827586205,0.0730000000000004,1
2344,3532,196.92000000000002,2.9250000000000016,20.10344827586205,-1.7737499999999926,1
