stock1,stock2,trade_capital,open,loss,reward,open_num
3044,6269,677.0475,2.9250000000000016,20.10344827586205,6.160500000000013,1
