stock1,stock2,trade_capital,open,loss,reward,open_num
2454,6456,1731.6,4.2079168858495475,14.57469752761706,-18.276249999999948,1
