stock1,stock2,trade_capital,open,loss,reward,open_num
2345,3673,596.34,1.4616844455470226,11.091664599354965,4.627749999999992,1
2454,3481,324.73125000000005,3.508635996771593,16.51957223567391,0.36249999999999716,1
