stock1,stock2,trade_capital,open,loss,reward,open_num
3008,5871,3915.0,4.471572794899045,12.523910733262484,-35.81249999999977,1
