stock1,stock2,trade_capital,open,loss,reward,open_num
1909,2610,79.2165,2.2011242403781104,9.193923024983164,-0.4609999999999985,1
2303,2371,87.44962500000001,9.98977440750324,24.99573317561555,0.2696250000000191,1
2377,2408,355.1925,4.2079168858495475,14.57469752761706,-0.7579999999999245,1
