stock1,stock2,trade_capital,open,loss,reward,open_num
2891,6456,651.825,1.4616844455470226,11.091664599354965,-3.8056249999999494,1
