stock1,stock2,trade_capital,open,loss,reward,open_num
1314,2347,75.75075000000001,2.9250000000000016,20.10344827586205,0.2504999999999953,1
1536,2885,181.965,2.9250000000000016,20.10344827586205,1.0268750000000182,1
2347,6176,319.5765,2.9250000000000016,20.10344827586205,1.4490000000000407,1
2885,3673,126.28687500000001,2.9250000000000016,20.10344827586205,0.16687500000000455,1
