stock1,stock2,trade_capital,open,loss,reward,open_num
2379,2449,259.599375,2.9250000000000016,20.10344827586205,-0.6506249999999767,1
2492,3706,279.06375,4.2079168858495475,14.57469752761706,1.2693750000000108,1
