stock1,stock2,trade_capital,open,loss,reward,open_num
1101,2439,252.846,3.508635996771593,16.51957223567391,-2.061499999999981,1
