stock1,stock2,trade_capital,open,loss,reward,open_num
2883,3532,183.823125,4.2079168858495475,14.57469752761706,-1.9931249999999778,1
2883,4915,93.19312500000001,4.2079168858495475,14.57469752761706,-0.5443749999999952,1
