stock1,stock2,trade_capital,open,loss,reward,open_num
1301,2888,149.14125,4.2079168858495475,14.57469752761706,0.8631250000000108,1
