stock1,stock2,trade_capital,open,loss,reward,open_num
2618,6456,248.87625,4.2079168858495475,14.57469752761706,0.8762499999999989,1
