stock1,stock2,trade_capital,open,loss,reward,open_num
2308,9910,554.47875,4.2079168858495475,14.57469752761706,-1.4349999999999739,1
