stock1,stock2,trade_capital,open,loss,reward,open_num
2308,9941,724.1850000000001,2.9250000000000016,20.10344827586205,0.6850000000000591,1
2345,2618,169.824375,3.254488356362935,7.52294907720547,0.5743750000000034,1
2345,3406,1015.6125000000001,4.2079168858495475,14.57469752761706,-4.184999999999945,1
