stock1,stock2,trade_capital,open,loss,reward,open_num
1477,3019,366.9525,2.9250000000000016,20.10344827586205,0.16500000000000625,1
1536,2448,520.709625,1.8079859466287909,5.99999999999997,2.569625000000002,1
2454,3481,272.06625,1.8079859466287909,5.99999999999997,-0.7399999999999878,1
