stock1,stock2,trade_capital,open,loss,reward,open_num
1605,2498,89.67712500000002,1.8079859466287909,5.99999999999997,0.014500000000005286,1
2412,3532,764.085,2.1048266865449103,22.69250838613482,-0.4149999999999636,1
2492,3481,207.54375,3.254488356362935,7.52294907720547,-1.7831249999999983,1
3443,9914,745.2,2.2011242403781104,9.193923024983164,5.910000000000082,1
