stock1,stock2,trade_capital,open,loss,reward,open_num
2379,3481,175.809375,2.9250000000000016,20.10344827586205,-0.9406249999999972,1
2888,3481,54.657000000000004,2.9250000000000016,20.10344827586205,0.16737500000000338,1
