stock1,stock2,trade_capital,open,loss,reward,open_num
2049,2308,805.5,2.9250000000000016,20.10344827586205,4.7450000000000045,1
3443,6456,626.5762500000001,3.254488356362935,7.52294907720547,0.3250000000000455,1
