stock1,stock2,trade_capital,open,loss,reward,open_num
1402,1605,152.775,2.9250000000000016,20.10344827586205,0.24462500000001342,1
1402,2383,183.51,1.1433818417759427,7.290679890624436,0.34317500000001644,1
1605,2383,426.28487500000006,1.1433818417759427,7.290679890624436,1.2998750000000285,1
2303,2352,130.3283,1.4616844455470226,11.091664599354965,0.14697500000000474,1
2303,2454,390.34575,1.1433818417759427,7.290679890624436,1.15300000000002,1
2311,2618,111.2329,1.8079859466287909,5.99999999999997,0.13290000000000646,1
2317,3231,162.5558,1.1433818417759427,7.290679890624436,0.3558000000000021,1
2330,2383,475.61,1.1433818417759427,7.290679890624436,-0.7484999999999786,1
2330,6456,1331.55,1.1433818417759427,7.290679890624436,-3.2177500000000236,1
2353,2618,40.635000000000005,1.8916951729380467,12.846636259977194,0.032125000000000625,1
2353,2886,175.55037500000003,3.254488356362935,7.52294907720547,0.12647500000001344,1
2352,3481,148.725,1.1433818417759427,7.290679890624436,0.20145000000000834,1
2454,2891,406.09575,1.8079859466287909,5.99999999999997,-0.8747499999999775,1
2454,3481,389.16537500000004,1.1433818417759427,7.290679890624436,1.1653750000000258,1
2891,3231,111.73795000000001,1.8079859466287909,5.99999999999997,0.06745000000000445,1
3231,3481,119.47052500000001,1.8079859466287909,5.99999999999997,0.27052500000000634,1
