stock1,stock2,trade_capital,open,loss,reward,open_num
2105,2603,316.755,1.8916951729380467,12.846636259977194,-0.3282249999999891,1
2303,2330,322.26587500000005,2.9250000000000016,20.10344827586205,0.01587500000002251,1
2303,2888,96.07387500000002,1.1433818417759427,7.290679890624436,0.3128650000000093,1
2303,6269,173.475,1.1433818417759427,7.290679890624436,-0.039499999999989654,1
2325,2603,240.1826,2.9250000000000016,20.10344827586205,0.13069999999999027,1
2330,2383,1197.45,1.4616844455470226,11.091664599354965,3.4960000000000946,1
2330,5871,1083.39975,2.9250000000000016,20.10344827586205,1.8140000000000782,1
2354,2603,177.55630000000002,1.1433818417759427,7.290679890624436,-1.4290749999999974,1
2354,2801,168.70675,1.8079859466287909,5.99999999999997,-0.7158749999999969,1
2353,2409,47.25000000000001,1.1433818417759427,7.290679890624436,0.12094999999999523,1
2383,2498,521.5500000000001,1.1433818417759427,7.290679890624436,-1.3684999999999832,1
2383,5871,821.16,1.8079859466287909,5.99999999999997,3.6239000000001056,1
2409,6269,165.157375,1.1433818417759427,7.290679890624436,0.4841250000000059,1
2498,2603,133.7305,1.8079859466287909,5.99999999999997,0.3890999999999991,1
2498,2882,261.3388,2.9250000000000016,20.10344827586205,0.4972500000000224,1
2880,3231,150.710475,2.9250000000000016,20.10344827586205,0.3613500000000016,1
3045,6456,758.0844999999999,1.8916951729380467,12.846636259977194,1.778250000000014,1
