stock1,stock2,trade_capital,open,loss,reward,open_num
1301,2603,159.255,1.8079859466287909,5.99999999999997,0.08405000000000484,1
1301,3034,890.60025,2.9250000000000016,20.10344827586205,-1.4077499999999645,1
1216,3034,163.17000000000002,1.4616844455470226,11.091664599354965,0.22730000000001382,1
1101,2603,94.87832500000002,1.8079859466287909,5.99999999999997,-0.0024749999999826855,1
1101,2801,93.078325,2.1048266865449103,22.69250838613482,0.10022500000000889,1
1314,2542,50.45855000000001,2.9250000000000016,20.10344827586205,0.06825000000000259,1
1314,2834,44.288624999999996,2.9250000000000016,20.10344827586205,-0.0214749999999988,1
1314,3034,148.885875,1.4616844455470226,11.091664599354965,0.4081250000000196,1
1605,2337,127.4086,1.4616844455470226,11.091664599354965,0.1086000000000098,1
1605,2356,36.171150000000004,1.4616844455470226,11.091664599354965,0.042250000000002785,1
1605,2376,120.69075000000001,1.1433818417759427,7.290679890624436,0.061900000000008504,1
2308,2603,216.88775000000004,1.8079859466287909,5.99999999999997,0.4113750000000209,1
2344,2882,218.305975,0.6133408446003465,20.043565348022334,0.339775000000035,1
2356,2603,52.716100000000004,2.9250000000000016,20.10344827586205,0.06570000000000675,1
2409,2603,73.6602,1.8079859466287909,5.99999999999997,0.07910000000000039,1
2603,3034,193.92225000000002,1.1433818417759427,7.290679890624436,0.4458750000000151,1
2603,9914,193.423,1.4616844455470226,11.091664599354965,-0.053374999999988404,1
2882,2888,98.423125,2.1048266865449103,22.69250838613482,0.34437500000000654,1
2882,2892,144.354125,1.1433818417759427,7.290679890624436,0.12522500000001457,1
2888,3034,136.903875,1.8079859466287909,5.99999999999997,0.27612500000001106,1
2888,6176,95.905925,1.1433818417759427,7.290679890624436,0.10592499999999916,1
