stock1,stock2,trade_capital,open,loss,reward,open_num
1216,2912,583.6232500000001,1.9903685727286529,4.999999999999846,-0.8767499999999586,1
1303,2357,588.1500000000001,2.9250000000000016,20.10344827586205,0.018250000000023192,1
1303,2881,418.41,5.022148337595906,22.808695652173878,0.8004000000000246,1
1303,2888,141.534,2.9250000000000016,20.10344827586205,-0.2259050000000009,1
2105,2383,255.3658,1.9903685727286529,4.999999999999846,-0.904699999999977,1
2327,2409,169.7275,1.1433818417759427,7.290679890624436,0.48562500000000597,1
2327,3682,166.000625,0.6133408446003465,20.043565348022334,-0.49937499999998636,1
2330,2883,238.1316,2.9250000000000016,20.10344827586205,-0.2394000000000034,1
2330,3682,266.10025,1.4616844455470226,11.091664599354965,0.10025000000002393,1
2330,6505,378.9,3.254488356362935,7.52294907720547,0.8662500000000364,1
2347,2891,53.41975000000001,2.9250000000000016,20.10344827586205,0.06975000000000975,1
2352,6505,135.81,2.9250000000000016,20.10344827586205,0.8720000000000141,1
2353,2912,320.85,1.4616844455470226,11.091664599354965,0.2141250000000241,1
2353,3682,91.902375,1.1433818417759427,7.290679890624436,0.25509999999999877,1
2357,6505,626.4000000000001,1.8079859466287909,5.99999999999997,1.4522500000000491,1
2883,6505,134.10000000000002,1.8079859466287909,5.99999999999997,0.3756000000000057,1
2881,9938,213.31650000000002,1.1433818417759427,7.290679890624436,0.4659500000000065,1
2882,3045,534.0317500000001,2.9250000000000016,20.10344827586205,-1.0997499999999718,1
2888,6505,133.987975,2.9250000000000016,20.10344827586205,-0.2165249999999972,1
2891,6505,282.65525,2.9250000000000016,20.10344827586205,1.0432500000000289,1
2912,6505,718.2,2.9250000000000016,20.10344827586205,-0.6977499999999281,1
3406,9938,987.5165000000001,1.1433818417759427,7.290679890624436,4.016500000000065,1
3682,9938,179.73000000000002,1.4616844455470226,11.091664599354965,-0.7699999999999889,1
3682,9945,81.667,1.8079859466287909,5.99999999999997,-0.07764999999999134,1
6176,6505,370.62,2.9250000000000016,20.10344827586205,-0.318149999999946,1
6269,9938,765.8495,1.1433818417759427,7.290679890624436,4.349500000000035,1
9938,9945,294.05825000000004,2.9250000000000016,20.10344827586205,0.8082500000000152,1
