stock1,stock2,trade_capital,open,loss,reward,open_num
1402,3034,237.14375,1.8916951729380467,12.846636259977194,0.6437500000000114,1
1504,3702,87.4739,2.9250000000000016,20.10344827586205,0.11004999999999399,1
2303,2377,137.543375,1.9903685727286529,4.999999999999846,0.14337499999999892,1
2303,2474,269.3245,2.9250000000000016,20.10344827586205,0.3363750000000252,1
2360,2498,162.5558,1.1433818417759427,7.290679890624436,0.05580000000000496,1
2356,9914,263.724875,1.1433818417759427,7.290679890624436,0.3288750000000249,1
2383,2474,317.02375,1.1433818417759427,7.290679890624436,0.5237500000000068,1
2383,2492,246.825,1.8079859466287909,5.99999999999997,0.5871250000000146,1
2412,6456,592.37125,1.1433818417759427,7.290679890624436,1.4970000000000567,1
2409,2492,54.585,1.8079859466287909,5.99999999999997,0.20857500000000684,1
2449,5264,204.89465,2.9250000000000016,20.10344827586205,0.1720250000000192,1
2449,9914,242.68542500000004,1.1433818417759427,7.290679890624436,0.13542500000002633,1
2881,2891,135.785375,2.9250000000000016,20.10344827586205,0.13827500000000725,1
2891,3034,201.44737500000002,2.1048266865449103,22.69250838613482,0.44737500000000807,1
2912,8464,2023.9595,2.9250000000000016,20.10344827586205,7.459500000000048,1
3034,9938,184.41000000000003,1.9903685727286529,4.999999999999846,-0.8065999999999889,1
3702,9938,270.079875,2.9250000000000016,20.10344827586205,-0.569625000000002,1
