stock1,stock2,trade_capital,open,loss,reward,open_num
1326,2887,154.48790000000002,2.9250000000000016,20.10344827586205,0.25677500000001885,1
1504,3481,158.66165,2.1048266865449103,22.69250838613482,0.3116500000000144,1
1504,4958,198.21955000000003,1.4616844455470226,11.091664599354965,0.18042500000001382,1
1605,2327,161.4555,1.1433818417759427,7.290679890624436,0.4905000000000115,1
1605,2344,112.5855,1.1433818417759427,7.290679890624436,0.22247500000000286,1
1605,3231,64.9683,1.1433818417759427,7.290679890624436,0.14777499999999577,1
2049,2327,1083.6,1.1433818417759427,7.290679890624436,0.6902499999999918,1
2317,2352,186.61965,1.1433818417759427,7.290679890624436,0.36965000000000714,1
2352,2887,37.84315,1.1433818417759427,7.290679890624436,0.043150000000002464,1
2347,4958,192.95455,2.9250000000000016,20.10344827586205,0.5887500000000045,1
2382,2454,639.53925,2.9250000000000016,20.10344827586205,0.0392500000000382,1
2382,2883,395.85532500000005,2.9250000000000016,20.10344827586205,0.41532500000004546,1
2382,3231,184.87227500000003,2.9250000000000016,20.10344827586205,-0.02772499999995759,1
2382,3481,167.90750000000003,2.9250000000000016,20.10344827586205,0.1955250000000195,1
2382,4958,457.11330000000004,2.9250000000000016,20.10344827586205,0.313300000000055,1
2887,2890,97.95882500000002,1.8079859466287909,5.99999999999997,0.2439250000000044,1
2887,9904,79.22297500000002,1.8079859466287909,5.99999999999997,0.17430000000000234,1
2886,9914,250.32395000000002,1.1433818417759427,7.290679890624436,0.3239500000000106,1
3231,9914,299.799625,1.4616844455470226,11.091664599354965,0.29962500000002024,1
