stock1,stock2,trade_capital,open,loss,reward,open_num
1319,2308,402.89225,1.1433818417759427,7.290679890624436,0.35050000000003934,1
1319,3019,340.0966,1.1433818417759427,7.290679890624436,0.37110000000001264,1
1319,5871,344.0806,1.1433818417759427,7.290679890624436,0.4381000000000057,1
1301,2353,170.84335,1.8079859466287909,5.99999999999997,-1.156649999999999,1
1326,2353,131.178,2.9250000000000016,20.10344827586205,-0.5107500000000016,1
1326,2618,158.1611,1.1433818417759427,7.290679890624436,0.10122499999999945,1
1101,2449,181.22887500000002,2.9250000000000016,20.10344827586205,-0.04774999999998997,1
2105,2823,173.739,3.254488356362935,7.52294907720547,0.23900000000001143,1
2204,2823,53.0568,2.9250000000000016,20.10344827586205,0.06622500000000642,1
2317,2353,190.46387500000003,1.4616844455470226,11.091664599354965,0.4638750000000158,1
2324,2360,247.38387500000002,1.9903685727286529,4.999999999999846,0.35512500000001523,1
2330,2618,308.3355,1.1433818417759427,7.290679890624436,-0.22437499999999488,1
2344,2353,96.075,1.4616844455470226,11.091664599354965,0.18935000000001168,1
2353,2451,156.4615,1.4616844455470226,11.091664599354965,-2.0976500000000016,1
2353,3019,183.481875,1.4616844455470226,11.091664599354965,0.4563750000000084,1
2353,3406,407.88725000000005,1.4616844455470226,11.091664599354965,-7.612749999999963,1
2353,4938,149.371875,1.4616844455470226,11.091664599354965,0.11382500000001983,1
2353,5871,158.26225,1.4616844455470226,11.091664599354965,-1.7377499999999912,1
2376,2448,488.16975,2.9250000000000016,20.10344827586205,3.4330500000000654,1
2383,2618,175.290125,1.1433818417759427,7.290679890624436,-0.03012499999999818,1
2383,3019,320.62525000000005,1.8079859466287909,5.99999999999997,1.4817500000000337,1
2383,6239,846.45,1.4616844455470226,11.091664599354965,2.5832500000000778,1
2412,3019,566.55,1.4616844455470226,11.091664599354965,1.5520000000000778,1
2448,3019,395.41965,4.2079168858495475,14.57469752761706,0.1686499999999569,1
2823,9904,180.82835000000003,1.8916951729380467,12.846636259977194,0.22835000000002026,1
2888,3019,153.777175,1.4616844455470226,11.091664599354965,-0.1483249999999856,1
2888,3406,345.027175,1.4616844455470226,11.091664599354965,-1.4155749999999898,1
