stock1,stock2,trade_capital,open,loss,reward,open_num
1909,2106,378.83090000000004,1.4616844455470226,11.091664599354965,0.4309000000000083,1
2454,2603,414.89975000000004,1.1433818417759427,7.290679890624436,0.11287500000001671,1
2603,3044,197.00175000000002,1.1433818417759427,7.290679890624436,0.440250000000006,1
2603,6269,208.9345,1.8916951729380467,12.846636259977194,-2.5762500000000017,1
2603,6456,355.98825,1.1433818417759427,7.290679890624436,0.20137500000002717,1
