stock1,stock2,trade_capital,open,loss,reward,open_num
2002,2337,156.51487500000002,3.3500000000000023,16.0,0.06487500000000779,1
2313,2382,120.15,1.4800000000000009,11.0,0.09930000000001371,1
2327,2337,380.71612500000003,1.3000000000000007,23.0,-0.11987499999997908,1
