stock1,stock2,trade_capital,open,loss,reward,open_num
2356,2615,104.74265000000001,1.3000000000000007,23.0,0.14265000000000683,1
2356,3481,70.716775,1.3000000000000007,23.0,0.1854000000000049,1
2892,4915,116.64,1.3000000000000007,23.0,0.05522500000001429,1
