stock1,stock2,trade_capital,open,loss,reward,open_num
1434,9910,268.425,1.3000000000000007,23.0,-0.6969999999999743,1
2344,2409,44.262,0.5,10.0,0.04604999999999393,1
