stock1,stock2,trade_capital,open,loss,reward,open_num
2408,2439,167.535,1.3000000000000007,23.0,-0.8283999999999736,1
2408,2542,272.092775,1.3000000000000007,23.0,0.05202500000003596,1
2449,2884,123.61430000000001,1.3000000000000007,23.0,-0.2856999999999843,1
3034,3231,224.412875,1.3000000000000007,23.0,-0.8371249999999861,1
