stock1,stock2,trade_capital,open,loss,reward,open_num
2311,2498,263.9256,1.7500000000000009,15.0,0.0757250000000198,1
2498,3702,284.7722,1.3000000000000007,23.0,0.3222000000000236,1
