stock1,stock2,trade_capital,open,loss,reward,open_num
1303,2542,314.24025,0.5,10.0,-1.4260250000000099,1
2325,2542,285.3713,1.3000000000000007,23.0,-1.9786999999999821,1
2330,2542,481.701,0.5,10.0,1.5681500000000455,1
2357,2542,1219.23,0.5,10.0,2.8971250000001305,1
2542,2603,108.13499999999999,0.5,10.0,-0.8791749999999894,1
2542,2809,132.42325,1.3000000000000007,23.0,0.49727500000001257,1
2542,2881,270.48062500000003,0.5,10.0,0.8297750000000121,1
3189,3706,223.965,1.3000000000000007,23.0,0.27575000000001637,1
