stock1,stock2,trade_capital,open,loss,reward,open_num
2454,9910,1687.68125,1.7500000000000009,15.0,3.88025000000016,1
2498,4958,381.31575000000004,1.3000000000000007,23.0,0.41200000000004877,1
2603,2610,60.309400000000004,2.200000000000001,6.0,-0.1405999999999903,1
2542,2887,102.4461,1.3000000000000007,23.0,0.0461000000000098,1
