stock1,stock2,trade_capital,open,loss,reward,open_num
1704,2449,115.57637500000001,1.3000000000000007,23.0,0.2763750000000158,1
2308,9933,308.88597500000003,1.3000000000000007,23.0,1.4859750000000247,1
2324,3481,80.5327,10.0,25.0,0.32167500000000615,1
2325,9933,262.21500000000003,1.3000000000000007,23.0,0.4117000000000246,1
2883,6176,99.45060000000001,1.3000000000000007,23.0,0.30060000000000286,1
2887,9933,79.785,1.3000000000000007,23.0,0.11664999999999992,1
