stock1,stock2,trade_capital,open,loss,reward,open_num
2049,2324,239.85000000000002,1.3000000000000007,23.0,-0.3997499999999832,1
2324,2492,99.09,1.3500000000000008,7.0,-0.6144749999999988,1
2337,3231,116.13825000000001,1.3000000000000007,23.0,0.32490500000001177,1
2356,2867,76.27499999999999,1.3000000000000007,23.0,0.12250000000001293,1
2454,2885,270.675,1.3000000000000007,23.0,0.29775000000000773,1
3231,3682,29.924999999999997,1.4800000000000009,11.0,0.04997500000000166,1
