stock1,stock2,trade_capital,open,loss,reward,open_num
1303,2412,158.31,1.3000000000000007,23.0,0.6348000000000127,1
1303,2603,122.71565000000001,1.3000000000000007,23.0,0.16565000000000651,1
1303,2883,295.245,1.3000000000000007,23.0,0.5363800000000403,1
2379,2412,694.45675,1.3000000000000007,23.0,1.9567499999999995,1
2379,2603,176.984125,1.3000000000000007,23.0,0.4841250000000059,1
2379,2618,172.575,1.3000000000000007,23.0,0.4612500000000068,1
6116,6505,106.11,1.3000000000000007,23.0,-0.027075000000003513,1
