stock1,stock2,trade_capital,open,loss,reward,open_num
2448,3008,2664.35075,10.0,25.0,50.24325000000039,1
