stock1,stock2,trade_capital,open,loss,reward,open_num
1326,1802,159.85985,0.5,10.0,0.35985000000000866,1
1227,1476,759.35925,1.3000000000000007,23.0,2.3592500000000314,1
1476,2344,378.372375,0.5,10.0,-4.366124999999997,1
2344,2474,291.811625,0.5,10.0,1.3116250000000065,1
2881,2891,108.13500000000002,1.3000000000000007,23.0,0.2191749999999928,1
