stock1,stock2,trade_capital,open,loss,reward,open_num
1477,2885,185.625,1.3000000000000007,23.0,0.6891250000000113,1
2303,3045,168.996125,1.3000000000000007,23.0,-0.003874999999986528,1
2324,2353,71.99185,1.3000000000000007,23.0,0.09185000000000798,1
2409,2474,263.904375,1.3000000000000007,23.0,0.31987500000001035,1
2615,2885,119.42060000000001,1.3000000000000007,23.0,-0.7293999999999912,1
2886,3045,200.89820000000003,1.7500000000000009,15.0,-0.30179999999998586,1
