stock1,stock2,trade_capital,open,loss,reward,open_num
1101,6116,48.683575000000005,1.3000000000000007,23.0,0.02230000000000487,1
1504,5264,151.42260000000002,1.3000000000000007,23.0,0.7546000000000106,1
2103,6116,46.480175,1.3000000000000007,23.0,-0.019824999999993764,1
2313,6116,35.81357500000001,1.3000000000000007,23.0,-0.006174999999995379,1
2801,6116,35.63357500000001,1.3000000000000007,23.0,-0.005874999999996078,1
3702,6116,58.112700000000004,1.3000000000000007,23.0,0.06269999999999953,1
4938,9933,505.22925000000004,0.5,10.0,0.7108500000000504,1
5264,9933,245.481375,0.5,10.0,0.5468750000000142,1
