stock1,stock2,model_type,w1,w2,pval,snr,mu,stdev,skewness,Emu,Estd,action
2542,2823,model1,-0.4695245888961735,0.5304754111038266,0.9031335912835174,0.28355796878124856,4.6655135098399766e-05,0.0007677000407817022,-0.265147758349275,6.661338147750938e-16,0.0007766790052743569,16
