stock1,stock2,model_type,w1,w2,pval,snr,mu,stdev,skewness,Emu,Estd,action
2823,2890,model3,-0.32692518322323544,0.6730748167767645,0.02474348814828089,0.4795722584580544,0.3933635964871384,0.0005266443708527767,-0.21735817520399145,0.3933856347901144,0.0005160152433321093,24
2890,2892,model1,-0.5654472196871316,0.4345527803128683,0.8340798470260483,1.4661822202569472,-1.3406106683544472e-05,0.00040727732855967583,0.14488052824251502,-1.270095140171179e-13,0.00040440443766507315,13
