stock1,stock2,model_type,w1,w2,pval,snr,mu,stdev,skewness,Emu,Estd,action
2347,2834,model1,-0.38143800012554063,0.6185619998744594,0.8618237300499232,0.4211112666835904,5.023396776069037e-05,0.000619594600155595,0.22816712519828544,9.015010959956274e-14,0.0006027541086717479,0
