stock1,stock2,model_type,w1,w2,pval,snr,mu,stdev,skewness,Emu,Estd,action
1303,2883,model3,-0.4626323420426415,0.5373676579573585,0.04154061496666743,1.0082142146678166,-0.8392821092038085,0.00040231481249773887,0.08285820820972432,-0.8392800724453153,0.00040353656249261213,8
