stock1,stock2,model_type,w1,w2,pval,snr,mu,stdev,skewness,Emu,Estd,action
2801,9945,model3,0.21195204976544985,0.7880479502345502,0.08547386835950893,0.10223818110034637,3.4457495278825414,0.0014050964309990153,-1.0876169446977544,3.4462760813101223,0.0008551702599456891,24
3702,9945,model3,-0.2342469067746051,0.7657530932253951,0.02751387138911996,0.25651580873179064,1.908726108241088,0.000900736091684582,0.050505404796702014,1.9088939271027168,0.0007127669220819713,16
