stock1,stock2,model_type,w1,w2,pval,snr,mu,stdev,skewness,Emu,Estd,action
2105,2834,model3,-0.5662235594270739,0.433776440572926,0.059115371388720236,1.0308616908182913,-1.3269238629155478,0.00043800435814407205,0.22583914551129475,-1.3269407984382229,0.0004315555040502697,4
2542,2834,model3,0.5981052488060472,0.4018947511939528,0.013888489382763974,0.3874808948168059,3.061954396462614,0.0006011495919736402,0.4707018072144888,3.0619077164633963,0.0005578706627735184,4
