stock1,stock2,model_type,w1,w2,pval,snr,mu,stdev,skewness,Emu,Estd,action
2382,2834,model3,0.1799249519831343,0.8200750480168657,0.09919491351944973,0.8260746779861308,2.48747326230044,0.0005771875128553734,0.4449753920729523,2.487501416389767,0.0005801770023265608,14
2834,2880,model3,-0.8783361417187685,0.1216638582812314,0.0824008034806062,0.5263078793896736,-1.5037498342522901,0.000690577268990468,-0.7052031516670879,-1.5038410861115756,0.0006924742235832309,24
2834,4904,model1,-0.6708784829092813,0.3291215170907188,0.9008920423273292,0.2795098417758828,8.98554099802847e-05,0.000738218468854101,-0.8213823651068283,-6.661338147750938e-16,0.0007397664841314564,8
2880,4904,model2,-0.04495805184885825,-0.9550419481511416,0.001,0.8958220557309439,-4.216416503419844,0.0006852105580176196,0.6821595556607573,-4.216390736409239,0.0006890438313963275,24
