stock1,stock2,model_type,w1,w2,pval,snr,mu,stdev,skewness,Emu,Estd,action
2313,2892,model2,-0.34030653392030763,-0.6596934660796924,0.001,1.0328387418755636,-2.844103176132488,0.0008184049406473018,-0.3138218353933109,-2.844054022754775,0.0007667706015631675,24
2313,9945,model3,-0.3811603847830681,0.6188396152169319,0.16322104158801154,0.3474853456005909,1.1796925533086433,0.0008335859854001221,-0.9662253852481126,1.179781825246915,0.0007410208747485783,8
2892,9945,model3,0.5723815243071707,0.42761847569282935,0.11018762746620928,1.0028631054469546,3.19321421597076,0.0006718003587583332,-0.04523859915848475,3.1932064761115746,0.0006751902502553429,3
