stock1,stock2,model_type,w1,w2,pval,snr,mu,stdev,skewness,Emu,Estd,action
1303,2880,model1,-0.3937451394220898,0.6062548605779101,0.8538902030004886,1.67508673103397,4.686430988947167e-06,0.0007597292662496807,0.14143440557584375,2.6645352591003757e-14,0.0007652093379182503,24
1303,9933,model3,0.8391921221365296,0.16080787786347042,0.4374483135298199,2.004820035800522,4.238309393990131,0.0004887537022399169,-0.2863089050633199,4.238298016939396,0.0004847451384227192,3
2880,9933,model3,-0.9132424374737969,-0.0867575625262032,0.5130632836673382,1.2648190760731721,-2.8925916231282414,0.0012112528818136036,0.02750666102749636,-2.892569378676965,0.0012186784295435658,10
