stock1,stock2,model_type,w1,w2,pval,snr,mu,stdev,skewness,Emu,Estd,action
1303,2317,model3,0.2568693047849065,0.7431306952150935,0.6761364237486432,0.4595150886022424,4.47914553533628,0.0005513703175459766,0.24404504481068165,4.479108098018919,0.0005033909658073671,24
2103,2317,model3,-0.13955403617873008,0.8604459638212699,0.00760593338863457,0.9777394907898254,3.3964423946996205,0.0004780245753343669,-0.2986986234309396,3.396427997299309,0.00047292438797388154,24
