stock1,stock2,model_type,w1,w2,pval,snr,mu,stdev,skewness,Emu,Estd,action
2812,2882,model3,-0.8423460030945331,0.15765399690546694,0.11693726596367382,0.4696514255988541,-1.2880109865366778,0.0006370428150570289,0.4271253230321727,-1.2879856800098852,0.0006372094746149664,5
