stock1,stock2,model_type,w1,w2,pval,snr,mu,stdev,skewness,Emu,Estd,action
2330,2890,model3,0.3200124061207319,0.6799875938792682,0.0446238415451289,2.4044511920688216,3.2501452107009734,0.000384493947429341,0.12901486346803318,3.2501596491078377,0.0003844716524360461,11
2330,9904,model3,-0.6972387341272362,0.3027612658727638,0.157783256800319,0.6627762271425494,-2.6252770180626395,0.0007209992716710147,-0.07265637070803803,-2.625353425864212,0.0007060296400673122,9
2890,9904,model3,0.8288942807916149,0.17110571920838508,0.1262901398675681,1.1264845309670477,2.4994372300002032,0.0004164471022784991,0.2594919768249885,2.4994308942113324,0.000413917953320672,8
