stock1,stock2,model_type,w1,w2,pval,snr,mu,stdev,skewness,Emu,Estd,action
2347,2890,model3,0.12734495624653375,0.8726550437534663,0.02265827717555241,2.643553065605152,2.4165711041379554,0.00033773478227792166,0.4682729386193658,2.416574840342967,0.00033648645832783656,8
