stock1,stock2,model_type,w1,w2,pval,snr,mu,stdev,skewness,Emu,Estd,action
1216,2610,model3,-0.3491112741226141,0.6508887258773861,0.0824500948293722,1.528651390676813,0.04406140100890888,0.0003906004677610227,-0.04961265364958657,0.04405216527995415,0.00039449219517924416,0
1301,2610,model3,0.3510559448695178,0.6489440551304823,0.2707474829202096,1.6549922941044592,3.0359858202335714,0.00034964652388875763,-0.4593893721947432,3.035984807822018,0.0003518721307426652,8
1301,2880,model3,0.3270407950148765,0.6729592049851235,0.2871810074997112,1.1460571437362013,3.380452483638815,0.0006388707143075878,-0.6647720762972164,3.3804828070180863,0.0006135521693466183,8
2610,2823,model3,-0.4858805069874992,0.5141194930125009,0.05182784830032778,0.8491109534869667,0.6434727912924765,0.0004966157555515809,0.11130720489572464,0.6434703857961959,0.0005005691886327152,8
2610,2880,model3,-0.4541852966185325,0.5458147033814675,0.03589005315799053,0.9627031595189512,0.5282882512985148,0.0005944437257204639,-0.2387925773639317,0.5283148364879411,0.0005762625194300197,5
2823,2880,model3,-0.4206107162928419,0.5793892837071581,0.016432291098642974,0.611735070200119,0.2226898441618919,0.0006940706912447573,0.08009792547352698,0.22271683468486406,0.0006839914776331929,5
2880,2883,model3,-0.7562593118065697,0.24374068819343034,0.045719664992025726,0.6785516172710055,-1.6246752766314811,0.0008201651592780223,-0.05613195989285415,-1.624691408788575,0.0008093042765285827,8
