stock1,stock2,model_type,w1,w2,pval,snr,mu,stdev,skewness,Emu,Estd,action
2308,2448,model3,0.2520409820207952,0.7479590179792048,0.0055802756310172645,0.6442561318103865,3.798233548493609,0.0008960361182064882,0.0071200257442687485,3.7982603980365406,0.0008987053344786813,24
2308,2882,model1,-0.4334529621449654,0.5665470378550347,0.9468327505362706,0.4358912798118069,6.664749593531915e-05,0.0008639677120663548,0.6103693237562111,8.881784197001252e-16,0.0008084433048636317,17
2308,2886,model3,0.07050400242016931,0.9294959975798308,0.006111849189880238,3.613105917302773,3.36773216130755,0.0005377035096361212,0.03771419253938479,3.3677432225528228,0.0005310936403745347,15
2448,2882,model2,0.9362070519594318,0.06379294804056829,0.001,0.41294534098255664,3.398749117761124,0.0011263428112952033,0.0893167734427224,3.3986996431039147,0.0011102966197118539,24
2834,2882,model1,-0.6477188329120273,0.3522811670879727,0.9756132957912408,0.8202522045694703,8.762898570194484e-06,0.0004420893005530197,0.16376062519465834,0.0,0.0004433292025573376,17
2834,2886,model1,-0.6048572701823761,0.39514272981762394,0.9367923576240359,0.5021355755254697,4.394540592061644e-06,0.000591166874118893,-0.3022435244026156,8.88178419700125e-15,0.0005959809489786232,14
