stock1,stock2,model_type,w1,w2,pval,snr,mu,stdev,skewness,Emu,Estd,action
2002,4904,model3,-0.7399558634570315,0.26004413654296843,0.07666233688137791,1.6514722646922022,-1.2545212293686103,0.0005755424164064183,0.1539792254534154,-1.2545317740671966,0.0005708528327472253,8
