stock1,stock2,model_type,w1,w2,pval,snr,mu,stdev,skewness,Emu,Estd,action
2002,2542,model1,-0.5455450839524132,0.4544549160475868,0.9534698516504554,0.3753232006639548,1.047981099126183e-05,0.0007830431704267869,-0.20739516002679428,8.881784197001252e-16,0.0007800056012272162,5
2002,2881,model3,-0.723068233201333,0.2769317667986669,0.0697072106606835,0.5081389758015895,-1.26206488635586,0.0008877915310864465,0.2365989059660752,-1.2620430102864642,0.0008907108664335124,3
2002,2890,model3,-0.1158612883794816,0.8841387116205184,0.010452233985922113,0.5014593063059285,1.6370941123347598,0.000621052164689632,0.02588731094002574,1.6370700769522306,0.0006315288167491924,18
2311,2890,model3,-0.12792784699524626,0.8720721530047538,0.03129075545970363,0.5487049144580207,1.5215857997750963,0.000583690999537137,-0.05073557776796826,1.5215600059951382,0.0005982771949757651,24
