stock1,stock2,model_type,w1,w2,pval,snr,mu,stdev,skewness,Emu,Estd,action
1303,2201,model3,-0.4775340436035133,0.5224659563964866,0.02433668027043988,1.206427958789548,-0.4145411107502661,0.0005098951763670897,-0.16935223980451222,-0.4145366875629672,0.0005118855043185835,8
1303,2887,model3,-0.2670992058667987,0.7329007941332014,0.014545351936345357,0.7032040811916207,0.7641339151247724,0.001311629718422129,-0.0634266669567009,0.7642693536368159,0.0012195473832245286,24
1303,2890,model3,-0.6971977231866345,0.3028022768133656,0.04271521313859601,0.3824420840605951,-2.334892911746867,0.0005674679388183686,0.2984649963772956,-2.3348505509735085,0.0005713291875473032,18
2201,2890,model3,-0.7146740054173862,0.28532599458261376,0.0614902334707033,1.1045746444098443,-1.6168897775414002,0.0005978255633558387,-0.1653679239320416,-1.6168754236133096,0.0005935402371935938,8
2887,2890,model3,-0.9068830217350552,0.0931169782649449,0.06543665255203754,0.7611589921737765,-2.1655607043471576,0.0015965120878153822,-0.001392174245476184,-2.165652115055144,0.0015535994668946743,13
