stock1,stock2,model_type,w1,w2,pval,snr,mu,stdev,skewness,Emu,Estd,action
1434,2357,model3,-0.2778526982201269,0.7221473017798731,0.06645281160159087,0.5280049981088633,3.1005990228858944,0.0009067499064214793,0.3436421194375407,3.10063667614493,0.0008903857763122368,5
1434,4904,model3,-0.22537290863190834,0.7746270913680916,0.06798751049652123,1.9298083013240723,2.5527499248871117,0.00040787648759234887,0.06373341943116663,2.552755630791217,0.00040980327003542114,8
2357,2892,model3,-0.6249311747491738,0.37506882525082624,0.01855607083538035,1.0063427252218449,-2.389239109053058,0.0006782361695614031,-0.17192567153401542,-2.389245553300269,0.0006839182541920061,4
