stock1,stock2,model_type,w1,w2,pval,snr,mu,stdev,skewness,Emu,Estd,action
2308,2891,model3,-0.3752849086191071,0.6247150913808929,0.061029985862412324,2.1518849455994484,-0.06674265001555363,0.0006473827825514562,-0.13583408333934385,-0.0667415033677432,0.0006532879696165273,13
2308,2892,model3,-0.29955933904482474,0.7004406609551753,0.0153878648949557,4.69708808603657,0.5341574615837786,0.0006054483463833666,-0.18068480199742426,0.5341533398861136,0.0006073903930271017,5
2891,2892,model3,-0.4057268414389421,0.5942731585610579,0.06549373345810823,3.5468491162696547,0.5498534032872581,0.0006032480462091378,-0.07536978549364172,0.5498487950381818,0.0006058841111096738,0
