stock1,stock2,model_type,w1,w2,pval,snr,mu,stdev,skewness,Emu,Estd,action
2204,3702,model3,-0.3479203739646751,0.6520796260353249,0.0845329195867484,0.994261210133882,1.2457031366713291,0.0005855148603385485,0.2941318192577709,1.245667729450254,0.0005668726704970716,4
2325,2888,model3,-0.3589391395941637,0.6410608604058363,0.016184677072962173,0.7851809873385082,-0.09658775816919814,0.0005098408142907068,-0.6378560606915666,-0.09657700999031582,0.0005083580072718149,5
