stock1,stock2,trade_capital,open,loss,reward,open_num
2382,2449,158.153025,1.8916951729380467,12.846636259977194,0.0967250000000206,1
2449,2801,104.442825,3.508635996771593,16.51957223567391,0.2787000000000077,1
2449,3702,99.023025,1.1433818417759427,7.290679890624436,0.1455750000000151,1
