stock1,stock2,trade_capital,open,loss,reward,open_num
2317,2812,114.60275000000001,1.4616844455470226,11.091664599354965,-0.03240000000000265,1
2382,5880,128.12650000000002,1.9903685727286529,4.999999999999846,0.044125000000008185,1
2610,5880,114.96094000000001,3.254488356362935,7.52294907720547,-0.31530999999999665,1
2812,5880,98.94275,2.2011242403781104,9.193923024983164,0.19377500000000225,1
