stock1,stock2,trade_capital,open,loss,reward,open_num
1504,2834,57.700700000000005,3.254488356362935,7.52294907720547,0.06977500000000703,1
1504,6239,193.74585000000002,2.9250000000000016,20.10344827586205,-0.40877499999999145,1
