stock1,stock2,trade_capital,open,loss,reward,open_num
1301,2357,1253.31525,1.9500000000000013,5.0,1.9472500000001105,1
1301,2887,136.67175,1.9500000000000013,5.0,0.035875000000011426,1
1402,2890,67.54645000000001,2.9000000000000017,20.0,0.09470000000000312,1
1909,2002,95.657125,1.3000000000000007,23.0,0.10292499999999905,1
1909,2330,245.237125,1.3000000000000007,23.0,0.3528750000000116,1
1909,2371,83.304855,1.3000000000000007,23.0,0.18485499999999888,1
1909,2882,111.857125,1.3000000000000007,23.0,0.27600000000000335,1
1909,3189,141.917125,1.3000000000000007,23.0,-0.9223750000000024,1
2049,2330,693.2157500000001,1.4000000000000008,20.0,0.8727500000000532,1
2049,2371,181.37752500000002,1.6500000000000008,16.0,-0.22247499999998155,1
2049,2888,160.3484,2.4000000000000017,10.0,0.7368999999999986,1
2049,3682,176.673875,1.3000000000000007,23.0,0.4631250000000122,1
2303,2408,95.9465,2.7500000000000018,15.0,-0.15022499999999184,1
2303,2884,94.98950000000002,1.6500000000000008,16.0,0.19917500000001098,1
2308,2603,208.26225,1.9500000000000013,5.0,0.9110000000000014,1
2308,2887,207.71375,2.7500000000000018,15.0,0.4125000000000014,1
2308,2891,226.125,1.7500000000000009,15.0,0.3720000000000141,1
2308,3034,1196.0037499999999,2.7500000000000018,15.0,2.601750000000038,1
2330,2357,687.81575,2.4000000000000017,10.0,0.8817500000000678,1
2330,2834,209.990075,2.9000000000000017,20.0,0.7050750000000008,1
2330,2884,269.31575000000004,2.4000000000000017,10.0,0.331875000000025,1
2357,2891,326.475,1.550000000000009,7.0,-0.7937499999999886,1
2371,3034,160.409025,1.52,8.0,-0.19097499999998746,1
2379,6269,870.19275,1.6500000000000008,16.0,-8.307249999999954,1
2408,2887,82.128275,2.4000000000000017,10.0,0.31927500000000464,1
2409,3189,126.75962500000001,1.3000000000000007,23.0,0.1484750000000048,1
2449,2888,59.508325,2.4000000000000017,10.0,-0.14344999999999075,1
2633,2882,227.55815,1.4800000000000009,11.0,0.6581500000000062,1
2886,2890,84.51145000000001,3.3500000000000023,16.0,-0.03334999999998445,1
2886,3034,215.18762500000003,2.7500000000000018,15.0,0.4083750000000066,1
2884,5880,101.685375,2.4000000000000017,10.0,0.39152500000000146,1
2887,3034,164.51375000000002,2.7500000000000018,15.0,0.48450000000000415,1
2888,3034,141.948325,2.7500000000000018,15.0,-0.7301749999999956,1
2890,3034,153.231375,2.7500000000000018,15.0,-0.5971249999999912,1
3034,3673,304.60330000000005,2.200000000000001,6.0,-1.974449999999976,1
