stock1,stock2,trade_capital,open,loss,reward,open_num
1402,2330,803.825,1.3000000000000007,23.0,3.781774999999996,1
1504,2412,223.21077499999998,1.6500000000000008,16.0,0.6807750000000148,1
1504,3045,544.808,1.3000000000000007,23.0,1.411875000000009,1
1605,2049,164.43,1.4500000000000008,5.0,-1.921574999999983,1
1605,2887,45.15217,1.4500000000000008,5.0,0.23217000000000176,1
2313,2382,115.1217,1.3000000000000007,23.0,-0.8826999999999998,1
2313,2882,151.24110000000002,1.3000000000000007,23.0,0.15910000000000935,1
2330,2885,195.70300000000003,1.4500000000000008,5.0,0.4477500000000205,1
2330,2887,201.27875,1.550000000000009,7.0,0.1880000000000024,1
2382,3045,568.298,1.3000000000000007,23.0,1.422649999999976,1
2412,2880,386.745,1.9500000000000013,5.0,0.9095999999999975,1
2439,2882,238.71737500000003,1.3000000000000007,23.0,0.03212500000002194,1
2408,2412,608.09,1.9500000000000013,5.0,1.0587500000000318,1
2603,2892,46.35,1.3000000000000007,23.0,0.22229999999999706,1
2603,4958,113.445,1.3000000000000007,23.0,0.3101750000000081,1
2882,2887,72.541025,1.6500000000000008,16.0,0.19102500000000333,1
2884,2887,96.81945,1.9500000000000013,5.0,0.1971500000000006,1
2885,2892,86.47579999999999,2.1000000000000014,9.0,0.41267500000000723,1
3045,4958,624.54375,1.3000000000000007,23.0,0.5122500000000514,1
