stock1,stock2,trade_capital,open,loss,reward,open_num
2313,2890,46.116,2.200000000000001,6.0,-0.056889999999992114,1
