stock1,stock2,trade_capital,open,loss,reward,open_num
2324,2352,35.773300000000006,1.4000000000000008,20.0,0.09299999999999997,1
2324,3702,150.29575,2.4000000000000017,10.0,0.26420000000000243,1
