stock1,stock2,trade_capital,open,loss,reward,open_num
1536,2357,1020.96625,1.5000000000000009,5.0,0.9662500000000023,1
2303,2408,94.55795,1.8500000000000012,9.0,0.10795000000000243,1
2308,2357,566.595,1.8500000000000012,9.0,0.5985000000000582,1
2308,2474,556.1645000000001,1.8500000000000012,9.0,-6.335499999999968,1
2308,3034,984.00525,1.4000000000000008,20.0,0.9377500000000509,1
2474,2888,256.486,1.550000000000009,7.0,-0.9402999999999935,1
2884,2892,113.43812500000001,2.200000000000001,6.0,0.2739750000000143,1
3034,3189,283.9734,1.3500000000000008,7.0,1.4734000000000123,1
6269,6505,240.3,1.8500000000000012,9.0,0.29844999999998834,1
