stock1,stock2,trade_capital,open,loss,reward,open_num
1909,2834,74.835,1.4000000000000008,20.0,0.13488500000000414,1
2201,2880,152.95237500000002,2.0000000000000013,6.0,0.20849999999998658,1
2880,2890,87.798675,1.5000000000000009,5.0,0.061850000000006844,1
