stock1,stock2,trade_capital,open,loss,reward,open_num
1536,2303,193.275,1.8079859466287909,5.99999999999997,0.4267500000000126,1
1216,2313,354.9942,2.9250000000000016,20.10344827586205,0.9368249999999989,1
2327,2884,315.11125,1.4616844455470226,11.091664599354965,0.23925000000001262,1
2337,3481,113.69310000000002,1.8079859466287909,5.99999999999997,-0.7797750000000008,1
2383,3443,503.35075,1.8079859466287909,5.99999999999997,2.208750000000009,1
2603,2884,107.93125,1.8079859466287909,5.99999999999997,0.08530000000000015,1
2887,3481,77.985625,1.4616844455470226,11.091664599354965,0.180825000000004,1
2887,5871,137.520625,1.4616844455470226,11.091664599354965,0.13152500000002476,1
2887,9914,198.19150000000002,1.4616844455470226,11.091664599354965,0.44212500000001853,1
3443,3481,358.00075,2.9250000000000016,20.10344827586205,1.7028749999999917,1
3443,9914,960.5612500000001,1.8079859466287909,5.99999999999997,2.011250000000075,1
