stock1,stock2,trade_capital,open,loss,reward,open_num
1319,6456,360.3015,1.3000000000000007,23.0,0.6150000000000375,1
1326,1477,486.99,1.3000000000000007,23.0,1.0855000000000246,1
1303,5871,342.60375,2.7500000000000018,15.0,0.4745500000000078,1
1477,2303,157.05,1.8500000000000012,9.0,0.487125000000006,1
1477,2354,464.3175,1.3000000000000007,23.0,0.5664999999999907,1
1477,2371,378.0,1.3000000000000007,23.0,-0.13074999999999193,1
1477,2449,236.12375,1.6500000000000008,16.0,0.37537500000000534,1
1477,6456,781.52595,1.3000000000000007,23.0,3.025949999999966,1
1536,2408,344.8065,3.3500000000000023,16.0,0.44575000000000387,1
1536,3231,249.199375,1.3000000000000007,23.0,0.3558749999999975,1
2105,2618,130.6875,1.3000000000000007,23.0,0.14435000000000997,1
2352,6116,73.220005,1.3000000000000007,23.0,0.3100050000000092,1
2383,2618,165.78750000000002,1.3000000000000007,23.0,-0.013999999999995794,1
2408,2618,122.91535,1.3000000000000007,23.0,0.1153500000000065,1
2454,2618,286.5695,1.3000000000000007,23.0,0.3195000000000192,1
2454,6456,669.2025500000001,2.7500000000000018,15.0,-0.2991999999999422,1
2618,2888,37.90306,1.3000000000000007,23.0,0.043060000000004095,1
2618,3019,110.9775,1.3000000000000007,23.0,-0.22220000000000084,1
2618,5871,124.7475,1.3000000000000007,23.0,0.05440000000000822,1
3702,6456,266.0518,2.200000000000001,6.0,0.37205000000002997,1
