stock1,stock2,trade_capital,open,loss,reward,open_num
1102,2356,69.57,2.9000000000000017,20.0,-0.115949999999998,1
2303,2888,96.07387500000002,1.3000000000000007,23.0,0.3128650000000093,1
2330,2409,280.807375,1.3000000000000007,23.0,0.29137500000001637,1
2353,2884,80.1,2.7500000000000018,15.0,0.11612499999999137,1
2356,2880,89.515525,1.6500000000000008,16.0,0.0655250000000045,1
2356,3231,122.61580000000001,2.7500000000000018,15.0,0.21580000000001576,1
2603,2801,99.80007499999999,1.3000000000000007,23.0,0.05007499999999965,1
2880,3231,150.710475,2.7500000000000018,15.0,0.3613500000000016,1
