stock1,stock2,trade_capital,open,loss,reward,open_num
1319,2002,178.01100000000002,1.3000000000000007,23.0,0.0738500000000144,1
1536,2324,242.63625000000002,1.3000000000000007,23.0,0.36862499999999443,1
1504,2887,52.15525,2.7500000000000018,15.0,0.06735000000000468,1
1605,2618,28.966225,1.3000000000000007,23.0,0.0043250000000014666,1
1605,3481,111.062375,1.3000000000000007,23.0,0.22645000000000692,1
1704,2324,108.43710000000002,1.6500000000000008,16.0,0.13710000000001799,1
1704,3682,88.5626,1.3000000000000007,23.0,0.15885000000000815,1
2105,3682,107.93350000000001,1.3000000000000007,23.0,0.17975000000000563,1
2324,2371,58.26247500000001,1.3000000000000007,23.0,0.11247500000000876,1
2324,3673,218.232375,1.3000000000000007,23.0,1.1531250000000028,1
2330,3673,1097.07225,1.3000000000000007,23.0,3.1835000000001656,1
2330,6269,1101.06625,1.6500000000000008,16.0,3.1775000000001654,1
2344,2360,184.40925000000001,2.7500000000000018,15.0,0.1094500000000096,1
2356,2382,183.22925,1.3000000000000007,23.0,0.5139500000000083,1
2360,3034,300.15000000000003,1.3000000000000007,23.0,0.49825000000001296,1
2371,2454,338.0095,1.7500000000000009,15.0,0.731749999999991,1
2371,2610,113.57725,1.3000000000000007,23.0,0.32195000000000107,1
2371,3682,32.439525,1.3000000000000007,23.0,0.048025000000004425,1
2371,6269,185.014,1.3000000000000007,23.0,0.9616250000000122,1
2382,2882,201.44410000000002,1.3000000000000007,23.0,-0.024599999999963984,1
2408,2409,122.24950000000001,1.3000000000000007,23.0,0.056875000000005116,1
2408,2823,231.70192500000002,1.3000000000000007,23.0,0.15192500000000564,1
2408,3673,240.42000000000002,2.4000000000000017,10.0,1.119000000000014,1
2882,6505,432.68662500000005,1.3000000000000007,23.0,-2.4298749999999814,1
2887,9945,93.7527,2.7500000000000018,15.0,0.20307500000001255,1
3034,3682,169.24575,1.4000000000000008,20.0,0.495750000000001,1
3682,6269,169.8405,1.3000000000000007,23.0,-0.013249999999999318,1
3481,6505,357.59275,1.3000000000000007,23.0,0.6635000000000275,1
9914,9945,258.23175000000003,2.7500000000000018,15.0,0.5927500000000236,1
