stock1,stock2,trade_capital,open,loss,reward,open_num
2308,2409,215.982,2.4000000000000017,10.0,0.4162500000000051,1
2308,2610,222.415875,1.3000000000000007,23.0,0.4158750000000069,1
2352,6176,162.25625000000002,1.3000000000000007,23.0,0.2562500000000085,1
2347,2357,387.6435,2.4000000000000017,10.0,0.630500000000012,1
2347,2376,206.3385,1.3000000000000007,23.0,0.03402500000001396,1
2347,2880,117.27382500000002,2.9000000000000017,20.0,0.07382500000001357,1
2347,6176,179.03105000000002,1.3000000000000007,23.0,0.08105000000003315,1
2409,2618,64.2873,2.4000000000000017,10.0,0.14784999999999826,1
2409,6285,137.205,1.9500000000000013,5.0,0.020949999999999136,1
2376,2891,133.288375,1.9500000000000013,5.0,0.043900000000000716,1
2603,3034,329.255375,1.9500000000000013,5.0,1.5053750000000008,1
3034,6285,478.98,1.3000000000000007,23.0,3.0958499999999987,1
6176,6285,630.8255,2.4000000000000017,10.0,0.8110499999999661,1
