stock1,stock2,trade_capital,open,loss,reward,open_num
1326,1802,391.36260000000004,2.4000000000000017,10.0,-3.1902000000000186,1
1504,2618,102.98875000000001,1.3000000000000007,23.0,0.1410000000000089,1
1504,5880,91.75500000000001,1.3000000000000007,23.0,0.14662500000000378,1
1605,2409,49.46077500000001,1.3000000000000007,23.0,0.07350000000001167,1
1605,2454,270.387875,1.3000000000000007,23.0,0.06162500000002069,1
1802,2344,69.24905000000001,2.7500000000000018,15.0,0.18705000000000638,1
1802,2891,108.38550000000001,2.7500000000000018,15.0,0.3346250000000026,1
2002,2542,164.94925,2.7500000000000018,15.0,1.181500000000014,1
2105,2454,517.76625,1.3000000000000007,23.0,0.19000000000002615,1
2308,2881,348.96725000000004,1.6500000000000008,16.0,0.3454499999999996,1
2301,5880,116.97365,1.3000000000000007,23.0,0.16302500000000464,1
2345,3231,185.4335,1.6500000000000008,16.0,0.21245000000001824,1
2352,2809,94.815,1.6500000000000008,16.0,0.19145000000001744,1
2354,2542,309.96000000000004,1.9500000000000013,5.0,0.4819000000000102,1
2354,4904,380.6736,2.7500000000000018,15.0,0.4141000000000332,1
2344,2542,103.18299999999999,1.9500000000000013,5.0,0.1874000000000109,1
2344,2618,62.13850000000001,1.3000000000000007,23.0,0.15129999999999555,1
2344,2892,38.9627,1.3000000000000007,23.0,0.0879000000000012,1
2344,3231,58.2378,1.3000000000000007,23.0,0.15849999999999298,1
2344,5880,86.0204,1.3000000000000007,23.0,0.21402500000000657,1
2448,2542,163.56829999999997,2.7500000000000018,15.0,0.38105000000002676,1
2448,5264,413.379,1.4500000000000008,5.0,0.8790000000000049,1
2454,5880,283.823,1.3000000000000007,23.0,-0.18762499999999704,1
2603,5264,176.23525,1.3000000000000007,23.0,0.48525000000000773,1
2474,5880,325.26075000000003,1.3000000000000007,23.0,0.25012499999999704,1
2633,2890,47.252745000000004,2.7500000000000018,15.0,0.055720000000007985,1
2633,2915,153.538,1.3000000000000007,23.0,0.15287500000000875,1
2633,3044,176.90290000000002,1.3000000000000007,23.0,0.11777500000002306,1
2633,5264,196.69850000000002,1.3000000000000007,23.0,-2.560874999999996,1
2881,2892,141.08805,2.7500000000000018,15.0,0.03805000000000547,1
2881,5264,427.597,1.6500000000000008,16.0,0.3205000000000098,1
2884,2892,123.3535,2.7500000000000018,15.0,0.15920000000000556,1
2891,3231,102.69630000000001,2.7500000000000018,15.0,0.3377000000000052,1
2915,5264,205.42849999999999,1.3000000000000007,23.0,-2.3257999999999868,1
