stock1,stock2,trade_capital,open,loss,reward,open_num
1314,2377,86.4,1.3000000000000007,23.0,0.15555000000000518,1
1314,2409,64.71000000000001,2.9000000000000017,20.0,0.44132500000000263,1
1477,2409,181.727,2.7500000000000018,15.0,0.22700000000001097,1
2377,3706,312.84000000000003,1.3000000000000007,23.0,0.37725000000000364,1
