stock1,stock2,trade_capital,open,loss,reward,open_num
1303,2324,219.195,1.3000000000000007,23.0,0.28369999999999607,1
1303,2383,552.6,2.7500000000000018,15.0,6.967150000000046,1
1301,3034,748.17605,1.3000000000000007,23.0,0.8760500000000206,1
2105,9914,690.3558,1.3000000000000007,23.0,-0.009699999999952524,1
2308,3702,806.1915,0.5,10.0,3.6052500000000123,1
2324,2383,193.50600000000003,1.3000000000000007,23.0,0.44250000000000966,1
2357,2379,476.4897500000001,1.3000000000000007,23.0,0.7492500000000462,1
2379,2383,211.03575,1.3000000000000007,23.0,0.6655000000000086,1
2448,2915,185.17747500000002,1.3000000000000007,23.0,0.34512499999997104,1
2383,2882,439.3965,1.3000000000000007,23.0,1.0540000000000305,1
2383,2883,145.56075,1.3000000000000007,23.0,0.7753750000000039,1
2383,2890,156.7645,1.3000000000000007,23.0,0.2645000000000053,1
2383,2912,954.3787500000001,1.3000000000000007,23.0,3.4992500000000746,1
2383,3034,214.97375,1.6500000000000008,16.0,1.1595000000000084,1
2603,9914,206.55,1.3000000000000007,23.0,0.40462500000001,1
2882,9914,362.925,2.7500000000000018,15.0,0.3936250000000143,1
2915,5871,462.78275,1.6500000000000008,16.0,0.5761000000000251,1
3702,5871,403.0245,1.3000000000000007,23.0,0.19600000000001216,1
