stock1,stock2,trade_capital,open,loss,reward,open_num
2885,6456,151.62222500000001,1.3500000000000008,7.0,0.4222249999999974,1
