stock1,stock2,trade_capital,open,loss,reward,open_num
2618,9904,80.82105000000001,1.8000000000000012,5.0,0.07152499999999407,1
