stock1,stock2,trade_capital,open,loss,reward,open_num
4904,5880,144.99304999999998,1.8000000000000012,5.0,0.11967500000000086,1
