stock1,stock2,trade_capital,open,loss,reward,open_num
1303,2801,152.819125,1.550000000000009,7.0,0.10947500000000332,1
2311,2412,164.9455,1.8500000000000012,9.0,0.24200000000000443,1
2311,3481,77.17500000000001,1.5000000000000009,5.0,0.07107500000000044,1
2324,2801,48.285000000000004,1.8500000000000012,9.0,-0.23024999999999807,1
2324,3481,98.263625,1.5000000000000009,5.0,0.09677500000000805,1
2412,3481,149.85,1.8000000000000012,5.0,0.24950000000000472,1
2801,3481,103.594375,2.0000000000000013,6.0,0.19437500000000085,1
2801,6176,142.735575,1.4000000000000008,20.0,0.2855750000000157,1
