stock1,stock2,trade_capital,open,loss,reward,open_num
2377,2610,117.21000000000001,2.9250000000000016,20.10344827586205,-0.6107499999999817,1
2603,3406,311.821875,2.9250000000000016,20.10344827586205,-10.323124999999976,1
