stock1,stock2,trade_capital,open,loss,reward,open_num
2327,2383,222.61875000000003,2.9250000000000016,20.10344827586205,0.9150000000000205,1
4915,5264,515.79,1.9903685727286529,4.999999999999846,2.4575000000000102,1
