stock1,stock2,trade_capital,open,loss,reward,open_num
1319,2303,108.72,2.9250000000000016,20.10344827586205,0.4960000000000164,1
1909,2881,258.8775,4.471572794899045,12.523910733262484,-0.5124999999999851,1
