stock1,stock2,trade_capital,open,loss,reward,open_num
2603,3019,121.17,9.98977440750324,24.99573317561555,-1.4612499999999926,1
2615,3406,276.35625,9.98977440750324,24.99573317561555,-13.70499999999997,1
