stock1,stock2,trade_capital,open,loss,reward,open_num
1314,2615,132.717375,2.2011242403781104,9.193923024983164,-0.38262499999998667,1
2327,2615,297.75375,2.2011242403781104,9.193923024983164,-0.746249999999975,1
2615,2633,65.8545,2.9250000000000016,20.10344827586205,-0.1216249999999981,1
