stock1,stock2,trade_capital,open,loss,reward,open_num
2360,6269,575.94,1.8916951729380467,12.846636259977194,-3.558749999999961,1
