stock1,stock2,trade_capital,open,loss,reward,open_num
1301,2867,184.65475,2.4000000000000017,10.0,0.46050000000001035,1
1314,2313,88.86800000000001,1.3000000000000007,23.0,0.11305000000001186,1
1314,2379,188.32500000000002,1.3000000000000007,23.0,-0.5634999999999906,1
1314,2498,100.340525,1.4000000000000008,20.0,0.3385250000000113,1
1314,2886,109.665,1.3000000000000007,23.0,0.16670000000001295,1
1314,9933,110.60045000000001,1.4000000000000008,20.0,0.1234500000000196,1
1326,2313,172.71,3.3500000000000023,16.0,0.510949999999994,1
1326,6116,143.46,2.4000000000000017,10.0,-0.5885749999999987,1
1326,9933,259.125675,1.7500000000000009,15.0,0.6919250000000403,1
1477,2408,438.90225,1.3000000000000007,23.0,0.8167500000000132,1
1477,2542,237.40494999999999,1.3000000000000007,23.0,0.41944999999999766,1
2049,9933,482.17650000000003,1.3000000000000007,23.0,0.9857500000000528,1
2313,2344,81.09,1.3000000000000007,23.0,-0.7841749999999905,1
2313,3034,238.275,2.7500000000000018,15.0,-0.8963749999999919,1
2344,3231,114.66,1.3000000000000007,23.0,0.05852500000001015,1
2353,9933,258.82545,2.200000000000001,6.0,-0.6564249999999845,1
2379,2542,492.888125,1.3500000000000008,7.0,1.4651250000000005,1
2379,2915,382.05,1.7500000000000009,15.0,-0.636749999999978,1
2379,6116,159.75,10.0,25.0,-0.3161749999999941,1
2379,6176,368.37,2.7500000000000018,15.0,-1.013350000000031,1
2408,2867,124.965,2.1000000000000014,9.0,-0.5577499999999986,1
2834,2886,73.39500000000001,1.4000000000000008,20.0,0.1273000000000053,1
2834,3044,131.887875,1.4000000000000008,20.0,0.13902500000001083,1
2834,6116,68.13187500000001,1.4000000000000008,20.0,0.14543500000000265,1
2834,9933,98.87515,1.4500000000000008,5.0,0.34302500000000435,1
2542,3044,207.405,1.6500000000000008,16.0,0.40320000000005507,1
2880,6176,142.60500000000002,1.3000000000000007,23.0,-0.3375249999999994,1
2867,6116,51.8943,2.9000000000000017,20.0,-0.09095500000000101,1
2867,9933,116.055,1.9500000000000013,5.0,0.20597500000000935,1
2881,6116,84.08425,3.3500000000000023,16.0,-0.5811750000000089,1
2886,6116,51.273,2.200000000000001,6.0,-0.1952899999999964,1
