stock1,stock2,trade_capital,open,loss,reward,open_num
1434,2610,81.46237500000001,1.3000000000000007,23.0,0.12272500000000264,1
1326,1504,220.21925000000002,2.1000000000000014,9.0,0.40200000000001523,1
1326,2308,302.40000000000003,1.6500000000000008,16.0,0.49450000000001637,1
1326,2439,842.231,1.4000000000000008,20.0,0.6695000000000277,1
1326,2610,151.57237500000002,2.7500000000000018,15.0,0.5051250000000067,1
1504,2308,234.64750000000004,1.4500000000000008,5.0,0.39750000000002217,1
1504,2610,73.317375,1.3000000000000007,23.0,0.18622500000000386,1
1909,2610,81.022575,2.7500000000000018,15.0,-0.37929999999999353,1
1909,2883,84.397575,3.3500000000000023,16.0,-0.13529999999999376,1
2308,2327,1246.8975,1.3000000000000007,23.0,4.53875000000005,1
2308,2439,601.65,1.3000000000000007,23.0,0.49500000000003297,1
2308,2915,400.89775000000003,2.4000000000000017,10.0,0.8977500000000163,1
2308,6456,615.6,1.3000000000000007,23.0,1.4702500000000214,1
2360,2409,200.254,1.3000000000000007,23.0,0.42600000000002325,1
2360,2883,201.27200000000002,2.2500000000000018,5.0,0.9391250000000255,1
2409,2439,182.9732,1.3000000000000007,23.0,-1.295049999999982,1
2439,2474,992.4960000000001,3.3500000000000023,16.0,-4.095249999999908,1
2439,2603,206.78675,3.3500000000000023,16.0,-0.581499999999977,1
2439,2610,183.522375,3.3500000000000023,16.0,-0.2966249999999917,1
2439,2884,239.7045,1.3500000000000008,7.0,0.37425000000001774,1
2439,2887,203.79125,3.3500000000000023,16.0,0.9207500000000124,1
2439,3034,1223.6617500000002,1.550000000000009,7.0,2.6617500000000973,1
2439,3532,782.31175,2.7500000000000018,15.0,-3.779499999999942,1
2439,6456,1341.971,3.3500000000000023,16.0,5.87600000000009,1
2498,2881,259.70985,2.4000000000000017,10.0,0.2098500000000172,1
2610,2881,97.122375,2.4000000000000017,10.0,0.14692500000000308,1
2610,6456,206.022375,2.200000000000001,6.0,-0.0848749999999967,1
2618,2881,204.43499999999997,2.9000000000000017,20.0,0.508000000000024,1
2618,6456,222.525,1.3000000000000007,23.0,0.3780000000000001,1
2883,2884,65.69999999999999,3.3500000000000023,16.0,-0.10949999999999349,1
2883,3034,177.23375000000001,1.6500000000000008,16.0,0.4837500000000077,1
2883,6456,220.74275,1.3000000000000007,23.0,0.40987500000000665,1
2887,3034,194.20825000000002,1.9500000000000013,5.0,0.4582500000000067,1
2887,6456,226.29125,2.1000000000000014,9.0,0.38400000000000034,1
2915,3231,81.2779,2.7500000000000018,15.0,0.22789999999999466,1
3231,6456,261.0,2.2500000000000018,5.0,0.5635000000000048,1
