stock1,stock2,trade_capital,open,loss,reward,open_num
1216,2356,265.87760000000003,1.6500000000000008,16.0,0.4731000000000165,1
1216,5880,133.58350000000002,1.6500000000000008,16.0,0.03700000000000614,1
1102,6116,127.647,1.3000000000000007,23.0,0.3064750000000078,1
1314,2356,67.25197500000002,1.6500000000000008,16.0,0.3914750000000069,1
1314,2492,105.44535000000002,0.5,10.0,0.08260000000000645,1
1314,2498,111.18950000000001,1.3000000000000007,23.0,0.22209999999999752,1
1314,5880,101.8485,1.6500000000000008,16.0,0.19340000000000046,1
2002,2498,192.407625,1.3000000000000007,23.0,-0.5496249999999918,1
2002,2615,144.527625,1.8000000000000012,5.0,-0.4198999999999984,1
2002,3673,210.227625,2.4000000000000017,10.0,-0.3796249999999901,1
2002,6116,144.401625,1.3000000000000007,23.0,-0.44964499999999674,1
2002,9910,253.60762499999998,1.3000000000000007,23.0,0.34687500000001137,1
2308,2542,667.01325,1.550000000000009,7.0,0.46785000000002697,1
2308,5880,225.7785,1.4500000000000008,5.0,-0.11299999999999955,1
2308,6116,193.98175000000003,1.3000000000000007,23.0,0.16327000000001846,1
2317,2383,1074.1570000000002,1.7500000000000009,15.0,2.7982500000000528,1
2317,2498,663.83475,1.3000000000000007,23.0,0.9492500000000632,1
2356,2492,287.87175,0.5,10.0,0.6137250000000414,1
2356,5880,97.93705,1.5000000000000009,5.0,0.0905500000000039,1
2376,3481,193.1673,1.3000000000000007,23.0,0.1973000000000127,1
2376,3673,367.0355,1.4500000000000008,5.0,0.27070000000000505,1
2439,9910,874.425,1.3000000000000007,23.0,0.6657500000000027,1
2492,9910,404.89175000000006,0.5,10.0,0.39175000000005866,1
2498,2542,163.21245000000002,1.6500000000000008,16.0,0.13945000000002494,1
2498,2603,146.09275000000002,1.3000000000000007,23.0,0.2178750000000207,1
2498,2615,100.61525,1.4500000000000008,5.0,0.23785000000000167,1
2498,3034,315.82475,1.9500000000000013,5.0,0.5930000000000462,1
2498,3443,443.16625000000005,1.5000000000000009,5.0,-1.2199999999999847,1
2498,9910,340.32735,1.6500000000000008,16.0,1.3666000000000338,1
2542,2603,95.83484999999999,1.3000000000000007,23.0,0.14849999999999142,1
2542,3481,217.31,1.9500000000000013,5.0,0.45050000000001944,1
2603,3443,197.5155,1.5000000000000009,5.0,0.19025000000000603,1
2603,3481,30.866075000000002,1.3000000000000007,23.0,0.05102499999999921,1
2834,3673,124.41640000000001,2.7500000000000018,15.0,0.24899999999999523,1
3481,6116,88.87800000000001,1.3000000000000007,23.0,0.0596750000000128,1
3481,9910,205.43,2.1000000000000014,9.0,0.16925000000001944,1
