stock1,stock2,trade_capital,open,loss,reward,open_num
1314,3706,75.772875,2.9250000000000016,20.10344827586205,0.0972500000000025,1
2454,6505,1270.8,9.98977440750324,24.99573317561555,0.4600000000000364,1
