stock1,stock2,trade_capital,open,loss,reward,open_num
2303,2360,178.42875,2.9250000000000016,20.10344827586205,-1.2168749999999875,1
2303,2409,82.818375,3.508635996771593,16.51957223567391,0.022750000000007375,1
2303,6269,176.4,3.508635996771593,16.51957223567391,-2.734374999999986,1
2383,3673,339.04875000000004,2.9250000000000016,20.10344827586205,2.5887500000000045,1
2408,3481,144.894375,1.8079859466287909,5.99999999999997,1.2148749999999922,1
2610,6505,104.49000000000001,3.254488356362935,7.52294907720547,0.7072500000000126,1
2633,3673,224.885625,3.254488356362935,7.52294907720547,1.1556250000000006,1
