stock1,stock2,trade_capital,open,loss,reward,open_num
2383,8464,1867.9500000000003,3.508635996771593,16.51957223567391,-5.769999999999868,1
