stock1,stock2,trade_capital,open,loss,reward,open_num
2049,2311,453.8325,9.98977440750324,24.99573317561555,-0.21374999999997613,1
