stock1,stock2,trade_capital,open,loss,reward,open_num
1605,2201,153.91425,3.508635996771593,16.51957223567391,0.11425000000000907,1
