stock1,stock2,trade_capital,open,loss,reward,open_num
3034,3673,490.80375000000004,2.2011242403781104,9.193923024983164,0.1637500000000358,1
