stock1,stock2,trade_capital,open,loss,reward,open_num
1476,6176,687.66375,5.022148337595906,22.808695652173878,0.18750000000005684,1
2002,3532,528.165,1.1433818417759427,7.290679890624436,6.014125000000046,1
2327,2610,645.354375,1.1433818417759427,7.290679890624436,4.4581249999999955,1
2371,6269,164.24437500000002,2.9250000000000016,20.10344827586205,0.5581250000000111,1
3231,3532,198.555,1.8079859466287909,5.99999999999997,1.1712500000000148,1
3532,5264,404.14500000000004,1.9903685727286529,4.999999999999846,3.3937500000000114,1
