stock1,stock2,trade_capital,open,loss,reward,open_num
2377,6269,372.22875,2.1048266865449103,22.69250838613482,1.549250000000015,1
6269,9938,631.91625,2.2011242403781104,9.193923024983164,0.4162499999999767,1
