stock1,stock2,trade_capital,open,loss,reward,open_num
1102,3673,195.8625,2.9250000000000016,20.10344827586205,0.13887499999998454,1
2311,3443,374.80125000000004,9.98977440750324,24.99573317561555,0.5156250000000284,1
2377,9910,759.24,2.9250000000000016,20.10344827586205,5.571750000000094,1
