stock1,stock2,trade_capital,open,loss,reward,open_num
1477,2344,379.24125000000004,1.8079859466287909,5.99999999999997,-0.2899999999999636,1
2301,2615,65.78512500000001,5.022148337595906,22.808695652173878,-0.26487499999999287,1
