stock1,stock2,trade_capital,open,loss,reward,open_num
2313,5264,139.37625,4.2079168858495475,14.57469752761706,0.6237500000000082,1
2377,5264,158.628,3.254488356362935,7.52294907720547,-0.024500000000003297,1
