stock1,stock2,trade_capital,open,loss,reward,open_num
1909,6505,586.2307500000001,2.9250000000000016,20.10344827586205,3.4307500000000744,1
2610,6505,130.845,3.254488356362935,7.52294907720547,0.6053999999999959,1
