stock1,stock2,trade_capital,open,loss,reward,open_num
2049,3189,448.02,4.2079168858495475,14.57469752761706,-1.2444999999999595,1
