stock1,stock2,trade_capital,open,loss,reward,open_num
1909,2344,185.80875,9.98977440750324,24.99573317561555,0.14312500000002615,1
1909,4904,219.195,9.98977440750324,24.99573317561555,-0.9081249999999699,1
