stock1,stock2,trade_capital,open,loss,reward,open_num
2448,3034,239.53875,1.8916951729380467,12.846636259977194,-0.8849999999999909,1
