stock1,stock2,trade_capital,open,loss,reward,open_num
2344,2379,178.801875,2.9250000000000016,20.10344827586205,-0.6981249999999974,1
