stock1,stock2,trade_capital,open,loss,reward,open_num
2603,3044,211.18125,3.254488356362935,7.52294907720547,-2.302499999999995,1
2603,3231,155.221875,3.254488356362935,7.52294907720547,-0.6016249999999985,1
