stock1,stock2,trade_capital,open,loss,reward,open_num
2352,2823,107.32275,3.254488356362935,7.52294907720547,-0.04037499999999028,1
