stock1,stock2,trade_capital,open,loss,reward,open_num
1216,2885,125.8665,2.2011242403781104,9.193923024983164,0.25125000000000597,1
1101,2603,94.87832500000002,1.8079859466287909,5.99999999999997,-0.0024749999999826855,1
1314,2885,26.698550000000004,3.508635996771593,16.51957223567391,-0.041999999999999815,1
1476,2801,323.277375,1.8079859466287909,5.99999999999997,-0.2753749999999684,1
1605,2356,36.171150000000004,1.4616844455470226,11.091664599354965,0.042250000000002785,1
1605,2801,89.17622500000002,1.4616844455470226,11.091664599354965,0.10360000000000191,1
1605,3034,544.614,1.1433818417759427,7.290679890624436,1.4197500000000502,1
2308,2603,216.88775000000004,1.8079859466287909,5.99999999999997,0.4113750000000209,1
2337,9914,358.4615,1.8079859466287909,5.99999999999997,0.9615000000000293,1
2344,2409,140.48895,1.1433818417759427,7.290679890624436,0.3389500000000041,1
2603,2834,40.087424999999996,2.9250000000000016,20.10344827586205,-0.01277499999999776,1
2603,2882,127.8961,2.9250000000000016,20.10344827586205,0.3451000000000164,1
2603,3481,58.689975000000004,1.8079859466287909,5.99999999999997,0.05415000000000525,1
2801,2882,125.97095000000002,1.9903685727286529,4.999999999999846,0.14832500000000692,1
2882,2892,144.354125,1.8079859466287909,5.99999999999997,0.12522500000001457,1
2888,3034,136.903875,1.8079859466287909,5.99999999999997,0.27612500000001106,1
