stock1,stock2,trade_capital,open,loss,reward,open_num
1303,5264,360.54775,1.1433818417759427,7.290679890624436,0.3151500000000027,1
1605,2891,114.76587500000001,2.2011242403781104,9.193923024983164,0.21880000000000166,1
1605,3481,111.975875,1.4616844455470226,11.091664599354965,0.2733750000000086,1
2313,4943,371.314,1.4616844455470226,11.091664599354965,-2.345499999999973,1
2344,2891,105.02270000000001,2.9250000000000016,20.10344827586205,0.5272000000000006,1
2327,2377,702.9847500000001,1.1433818417759427,7.290679890624436,0.38475000000005366,1
2376,3034,332.075625,1.8079859466287909,5.99999999999997,0.6141250000000156,1
2376,3231,265.43685,1.8079859466287909,5.99999999999997,0.47160000000002356,1
2377,2439,668.2585,1.4616844455470226,11.091664599354965,1.4402500000000487,1
2408,9910,709.03485,0.6133408446003465,20.043565348022334,-4.36515,1
2449,3034,467.51775000000004,1.1433818417759427,7.290679890624436,0.7801500000000345,1
3019,5264,539.7987499999999,0.6133408446003465,20.043565348022334,-1.8557500000000005,1
2891,3231,117.454025,2.1048266865449103,22.69250838613482,0.3585250000000002,1
3034,5264,933.527,1.4616844455470226,11.091664599354965,3.0195000000000505,1
