stock1,stock2,trade_capital,open,loss,reward,open_num
1101,2892,112.09720000000002,2.9250000000000016,20.10344827586205,0.418200000000013,1
1314,2002,72.33925,2.2011242403781104,9.193923024983164,0.18764999999999787,1
1314,2345,101.84700000000001,1.1433818417759427,7.290679890624436,0.09700000000000131,1
1314,2382,104.42425,1.1433818417759427,7.290679890624436,0.08425000000000438,1
1314,2615,34.674949999999995,1.1433818417759427,7.290679890624436,0.14480000000000004,1
1314,2892,35.07435,1.1433818417759427,7.290679890624436,-0.005799999999993588,1
1314,3231,52.754549999999995,1.1433818417759427,7.290679890624436,0.017124999999996504,1
1314,3481,52.371325,1.4616844455470226,11.091664599354965,0.12132499999999524,1
1314,3706,76.07865000000001,1.1433818417759427,7.290679890624436,0.17790000000000106,1
1314,4915,84.24000000000001,3.254488356362935,7.52294907720547,0.05930000000000746,1
1704,3231,111.0993,2.9250000000000016,20.10344827586205,0.17157500000001136,1
2409,2884,83.89020000000001,1.8079859466287909,5.99999999999997,0.12212500000001114,1
2615,2888,111.63475,1.1433818417759427,7.290679890624436,0.0776500000000091,1
2615,3702,93.555,1.1433818417759427,7.290679890624436,0.1935500000000019,1
2884,2892,33.757475,2.9250000000000016,20.10344827586205,-0.10324999999999562,1
2884,3231,79.78015,1.9903685727286529,4.999999999999846,0.03015000000000967,1
2884,3481,102.20775,1.8079859466287909,5.99999999999997,0.09467500000000584,1
2884,6505,200.69850000000002,1.5278527918781692,16.150050761421287,-0.05149999999999011,1
2892,3706,104.895,2.9250000000000016,20.10344827586205,-0.17482499999999845,1
