stock1,stock2,trade_capital,open,loss,reward,open_num
1314,2801,35.92955,1.1433818417759427,7.290679890624436,0.04345000000000354,1
1303,2379,174.6265,1.4616844455470226,11.091664599354965,0.32670000000001664,1
1303,2603,128.19625,1.1433818417759427,7.290679890624436,0.14645000000001573,1
1605,3481,112.48102500000002,2.9250000000000016,20.10344827586205,0.03102500000000674,1
1605,4938,126.06,1.8079859466287909,5.99999999999997,0.1495999999999995,1
1605,9933,107.987775,1.4616844455470226,11.091664599354965,-0.1622249999999923,1
2103,2881,136.67700000000002,1.4616844455470226,11.091664599354965,0.13902500000001083,1
2204,2882,170.93280000000001,9.98977440750324,24.99573317561555,-0.36932499999998925,1
2324,2379,165.751,1.4616844455470226,11.091664599354965,0.40100000000001046,1
2324,2823,168.57,1.4616844455470226,11.091664599354965,-0.28094999999998294,1
2347,2379,272.340875,2.9250000000000016,20.10344827586205,0.5908750000000111,1
2347,6269,251.37237500000003,1.8079859466287909,5.99999999999997,0.3223750000000223,1
2379,2801,186.9115,2.9250000000000016,20.10344827586205,0.45600000000000307,1
2801,3481,103.594375,2.9250000000000016,20.10344827586205,0.19437500000000085,1
2801,6116,50.21456500000001,2.2011242403781104,9.193923024983164,0.024565000000002613,1
2823,2885,88.567375,1.1433818417759427,7.290679890624436,0.1125250000000051,1
