stock1,stock2,trade_capital,open,loss,reward,open_num
1216,1314,86.66085000000001,1.8079859466287909,5.99999999999997,0.11455000000001547,1
1314,2344,102.747375,1.8079859466287909,5.99999999999997,0.3868750000000105,1
1314,2382,113.28155000000001,1.4616844455470226,11.091664599354965,0.07105000000000672,1
1314,3481,63.94500000000001,1.1433818417759427,7.290679890624436,0.14305000000000412,1
1314,3673,164.25325,0.6133408446003465,20.043565348022334,0.5032500000000084,1
1314,5871,120.375,0.6133408446003465,20.043565348022334,0.049000000000006594,1
1314,6116,77.89500000000001,1.1433818417759427,7.290679890624436,0.06987500000001035,1
2303,2344,106.963875,2.1048266865449103,22.69250838613482,-0.06807499999998612,1
2303,3231,88.716725,2.9250000000000016,20.10344827586205,0.11672500000000241,1
2308,3702,342.66575,2.9250000000000016,20.10344827586205,0.4592500000000257,1
2317,2324,179.46,1.1433818417759427,7.290679890624436,0.0004500000000007276,1
2324,2912,351.5085,2.9250000000000016,20.10344827586205,0.45624999999999716,1
2324,6456,243.45000000000002,1.4616844455470226,11.091664599354965,0.8423750000000325,1
2330,3481,639.4860000000001,2.9250000000000016,20.10344827586205,-4.720124999999911,1
2344,2618,68.76,1.4616844455470226,11.091664599354965,-0.014749999999995822,1
2356,2618,59.940000000000005,1.4616844455470226,11.091664599354965,0.19965000000000543,1
2376,2892,72.85045000000001,2.9250000000000016,20.10344827586205,0.0849500000000134,1
2633,3231,165.15787500000002,1.8079859466287909,5.99999999999997,0.24357500000000698,1
2618,6456,218.925,1.8079859466287909,5.99999999999997,-0.36487499999999784,1
2891,6269,190.159,2.2011242403781104,9.193923024983164,-0.5507499999999794,1
3019,6269,649.5408,2.9250000000000016,20.10344827586205,3.5420500000001027,1
