stock1,stock2,trade_capital,open,loss,reward,open_num
1102,1909,154.13172500000002,9.98977440750324,24.99573317561555,0.6467250000000249,1
1102,3034,448.20000000000005,2.9250000000000016,20.10344827586205,1.000375000000048,1
1102,3231,150.345,9.98977440750324,24.99573317561555,0.4983000000000217,1
1102,6505,220.05,3.508635996771593,16.51957223567391,1.1310000000000286,1
1101,1102,160.7731,1.8079859466287909,5.99999999999997,-1.0111499999999936,1
1314,1909,69.7443,1.1433818417759427,7.290679890624436,0.09094999999999942,1
1314,2049,262.355875,1.5278527918781692,16.150050761421287,-0.14412499999998118,1
1314,2347,73.0743,1.1433818417759427,7.290679890624436,0.5353249999999932,1
1314,2354,135.667875,1.1433818417759427,7.290679890624436,0.6327250000000006,1
1314,3532,133.29,1.1433818417759427,7.290679890624436,-0.1722249999999761,1
1216,2356,165.24,1.8079859466287909,5.99999999999997,-0.7746499999999799,1
1216,2603,77.9698,2.9250000000000016,20.10344827586205,0.1743000000000059,1
2002,6505,202.5,3.508635996771593,16.51957223567391,0.4113750000000067,1
2049,2379,1204.2,1.8079859466287909,5.99999999999997,4.483250000000112,1
2049,2610,228.06,2.9250000000000016,20.10344827586205,1.6668250000000242,1
2049,3231,311.85,1.4616844455470226,11.091664599354965,0.22912500000001046,1
2303,2884,77.37675,2.9250000000000016,20.10344827586205,0.13000000000000966,1
2303,6176,120.00220000000002,1.1433818417759427,7.290679890624436,0.06032500000001306,1
2337,2353,64.935,1.8079859466287909,5.99999999999997,0.2911750000000062,1
2337,6505,340.473,3.508635996771593,16.51957223567391,2.5846000000000267,1
2354,3034,482.64,1.4616844455470226,11.091664599354965,0.23500000000004206,1
2356,6505,527.764,3.508635996771593,16.51957223567391,3.1900000000000404,1
2353,6285,156.59015,1.4616844455470226,11.091664599354965,0.30340000000001055,1
2353,6505,165.35160000000002,3.254488356362935,7.52294907720547,0.5516000000000147,1
2357,2382,534.7966,1.8079859466287909,5.99999999999997,-2.803399999999982,1
2371,6176,111.35235,0.7123126470953718,5.0376563854822525,-0.025275000000007708,1
2603,6505,384.4225,3.508635996771593,16.51957223567391,2.672500000000028,1
2812,6505,150.436,3.508635996771593,16.51957223567391,0.7167500000000118,1
2892,6505,191.791,2.9250000000000016,20.10344827586205,0.44737500000000807,1
3034,6176,488.78999999999996,1.1433818417759427,7.290679890624436,1.182350000000028,1
6285,6505,714.15,3.508635996771593,16.51957223567391,1.9051000000000613,1
