stock1,stock2,trade_capital,open,loss,reward,open_num
1303,2308,410.04,2.1048266865449103,22.69250838613482,0.6146499999999833,1
1303,2327,418.05,1.4616844455470226,11.091664599354965,-0.6967499999999518,1
1303,2883,79.11,1.4616844455470226,11.091664599354965,0.20764000000000848,1
1216,2885,226.5462,2.9250000000000016,20.10344827586205,0.19982500000003256,1
1909,2454,461.745,1.4616844455470226,11.091664599354965,0.8280250000000393,1
2308,2327,874.33575,1.8079859466287909,5.99999999999997,2.557000000000059,1
2308,2454,1231.2,1.4616844455470226,11.091664599354965,1.4427500000000464,1
2308,2542,253.8485,1.8079859466287909,5.99999999999997,0.2927500000000265,1
2308,2885,217.153625,1.4616844455470226,11.091664599354965,0.3978750000000275,1
2330,2883,227.79350000000002,1.5278527918781692,16.150050761421287,0.2515500000000088,1
2327,2449,229.2975,4.2079168858495475,14.57469752761706,0.6392500000000183,1
2327,6414,1575.559,5.022148337595906,22.808695652173878,-7.9112499999999955,1
2337,2382,243.33445,1.4616844455470226,11.091664599354965,-0.8655499999999918,1
2377,2885,106.38940000000001,1.8079859466287909,5.99999999999997,0.13230000000000786,1
2454,3702,293.71500000000003,2.9250000000000016,20.10344827586205,0.6088250000000102,1
2834,6269,142.1925,1.4616844455470226,11.091664599354965,0.3301750000000041,1
3702,6414,493.26250000000005,3.508635996771593,16.51957223567391,0.48012500000004366,1
