stock1,stock2,trade_capital,open,loss,reward,open_num
1102,3231,126.57855,1.8079859466287909,5.99999999999997,0.09749999999998948,1
1314,2880,113.27982500000002,2.9250000000000016,20.10344827586205,0.17982500000001167,1
1101,2352,98.30232500000001,1.4616844455470226,11.091664599354965,0.052325000000003286,1
1605,2352,77.63337499999999,2.9250000000000016,20.10344827586205,0.33337499999998954,1
2002,2347,145.548325,2.2011242403781104,9.193923024983164,0.26232500000001124,1
2002,2606,147.844875,2.2011242403781104,9.193923024983164,0.20887500000001324,1
2002,3231,49.039725000000004,2.9250000000000016,20.10344827586205,0.07252500000000595,1
2105,2352,138.3719,1.4616844455470226,11.091664599354965,0.08325000000002092,1
2204,2603,176.784425,1.4616844455470226,11.091664599354965,0.13442500000001445,1
2204,2606,171.16262500000002,1.8079859466287909,5.99999999999997,0.28810000000002134,1
2308,2352,255.88425,1.4616844455470226,11.091664599354965,0.34950000000002035,1
2308,2542,888.2125,1.4616844455470226,11.091664599354965,3.5519500000000335,1
2308,2880,233.81575000000004,2.2011242403781104,9.193923024983164,-0.3742499999999751,1
2344,2352,124.8125,2.9250000000000016,20.10344827586205,0.6125000000000043,1
2317,2344,479.230075,1.5278527918781692,16.150050761421287,1.2300750000000171,1
2317,2347,679.6789500000001,1.8079859466287909,5.99999999999997,3.828950000000063,1
2317,2352,210.3395,1.4616844455470226,11.091664599354965,0.4170000000000016,1
2317,2606,382.6252,2.030242211571373,14.706692913385783,0.8752000000000137,1
2352,2371,42.9679,1.1433818417759427,7.290679890624436,0.08174999999999955,1
2352,2606,143.28475,1.1433818417759427,7.290679890624436,-0.015249999999987551,1
2352,9933,154.36810000000003,1.8079859466287909,5.99999999999997,0.11810000000001253,1
2357,9933,874.1250000000001,1.1433818417759427,7.290679890624436,1.538625000000053,1
2371,2383,195.787,1.1433818417759427,7.290679890624436,0.9466250000000116,1
2448,2887,91.63250000000001,1.8079859466287909,5.99999999999997,0.357950000000006,1
2606,2615,131.90185000000002,0.6133408446003465,20.043565348022334,0.2518500000000188,1
2606,2887,97.9775,1.8079859466287909,5.99999999999997,-0.05202499999999333,1
2884,5880,144.376125,2.9250000000000016,20.10344827586205,0.22372500000001594,1
