stock1,stock2,trade_capital,open,loss,reward,open_num
1101,2308,321.07500000000005,1.4616844455470226,11.091664599354965,-0.5351249999999652,1
1303,2324,219.375,1.1433818417759427,7.290679890624436,0.08370000000000744,1
1303,2915,408.69000000000005,1.1433818417759427,7.290679890624436,0.4171999999999798,1
1303,5871,486.0,1.1433818417759427,7.290679890624436,0.3882000000000403,1
2105,9914,690.3558,1.8079859466287909,5.99999999999997,-0.009699999999952524,1
2324,2357,331.425,2.9250000000000016,20.10344827586205,0.6957500000000465,1
2383,2884,191.00975,1.8079859466287909,5.99999999999997,0.9455000000000098,1
2383,2892,190.56075,1.1433818417759427,7.290679890624436,0.45000000000000284,1
2383,2912,954.3787500000001,1.1433818417759427,7.290679890624436,3.4992500000000746,1
2383,3034,215.42375,1.1433818417759427,7.290679890624436,0.6595000000000084,1
2439,3034,729.9035,0.6133408446003465,20.043565348022334,2.4034999999999798,1
2606,5871,263.5589,1.1433818417759427,7.290679890624436,0.231275000000025,1
2603,2610,42.525315,2.9250000000000016,20.10344827586205,0.07394000000000034,1
2603,3034,181.44875000000002,1.1433818417759427,7.290679890624436,0.4665000000000106,1
2603,5871,178.425,1.1433818417759427,7.290679890624436,0.15195000000001357,1
2915,3034,496.09749999999997,1.8079859466287909,5.99999999999997,0.7110000000000412,1
2915,5871,462.51275,1.8079859466287909,5.99999999999997,-2.923449999999974,1
3702,5871,403.0245,1.1433818417759427,7.290679890624436,0.19600000000001216,1
