stock1,stock2,trade_capital,open,loss,reward,open_num
1301,2344,204.77725,1.1433818417759427,7.290679890624436,-0.5243749999999778,1
1402,3189,319.65200000000004,1.4616844455470226,11.091664599354965,0.5119000000000469,1
1402,3532,150.87335000000002,1.4616844455470226,11.091664599354965,0.3733500000000092,1
2105,2610,104.84625,1.1433818417759427,7.290679890624436,0.23312500000000114,1
2015,2883,100.98387500000001,1.4616844455470226,11.091664599354965,0.1898750000000078,1
2344,2354,182.51999999999998,1.5278527918781692,16.150050761421287,-0.4539749999999714,1
2344,3443,362.041,1.5278527918781692,16.150050761421287,-0.5606249999999733,1
2344,4904,172.485,1.1433818417759427,7.290679890624436,-0.7867249999999899,1
2354,2498,555.124,1.8079859466287909,5.99999999999997,0.24350000000004002,1
2409,2610,22.916325,1.1433818417759427,7.290679890624436,0.06377499999999792,1
2412,2887,167.941,1.8079859466287909,5.99999999999997,0.487125000000006,1
2412,2891,197.046625,1.8079859466287909,5.99999999999997,0.43762500000001125,1
2412,3231,215.469625,2.9250000000000016,20.10344827586205,-0.08937499999998977,1
2498,3532,610.18335,1.1433818417759427,7.290679890624436,2.18334999999999,1
2633,3673,188.9996,2.9250000000000016,20.10344827586205,0.3483499999999964,1
2610,2633,99.3545,1.1433818417759427,7.290679890624436,0.19175000000000608,1
2610,2887,107.74190000000002,1.1433818417759427,7.290679890624436,0.27915000000000134,1
2610,4904,125.61505,1.1433818417759427,7.290679890624436,0.2019249999999957,1
2881,3481,82.743975,1.8079859466287909,5.99999999999997,0.11807499999999749,1
2883,3189,199.3152,1.4616844455470226,11.091664599354965,0.19430000000001968,1
3231,3532,169.44545000000002,2.9250000000000016,20.10344827586205,0.045450000000016644,1
3443,3532,742.884,1.1433818417759427,7.290679890624436,3.8840000000000146,1
