stock1,stock2,trade_capital,open,loss,reward,open_num
1319,2308,402.89225,1.1433818417759427,7.290679890624436,0.35050000000003934,1
1319,3019,340.0966,1.1433818417759427,7.290679890624436,0.37110000000001264,1
1314,6176,126.78687500000001,1.4616844455470226,11.091664599354965,-0.7495749999999788,1
1301,2353,170.693575,1.4616844455470226,11.091664599354965,0.19357500000000982,1
1326,2618,158.1611,1.1433818417759427,7.290679890624436,0.10122499999999945,1
1101,2823,264.20400000000006,3.508635996771593,16.51957223567391,0.28300000000001546,1
1605,2308,210.96724999999998,1.4616844455470226,11.091664599354965,0.9207499999999982,1
1605,2618,102.300125,1.4616844455470226,11.091664599354965,0.09152499999999719,1
1605,6239,145.35,2.2011242403781104,9.193923024983164,0.15715000000001567,1
2049,2354,795.3052500000001,1.4616844455470226,11.091664599354965,-2.1947499999999422,1
2308,9904,308.97175000000004,1.8079859466287909,5.99999999999997,0.2647500000000207,1
2317,2353,191.462375,9.98977440750324,24.99573317561555,-0.03762499999999136,1
2324,2618,51.42275,2.9250000000000016,20.10344827586205,0.07275000000000276,1
2324,5871,190.3141,2.2011242403781104,9.193923024983164,0.4140999999999906,1
2330,2353,282.154,3.508635996771593,16.51957223567391,-1.3590000000000018,1
2330,2618,308.3355,1.1433818417759427,7.290679890624436,-0.22437499999999488,1
2330,6505,719.6355,1.8079859466287909,5.99999999999997,1.8367500000000803,1
2344,2353,96.075,1.1433818417759427,7.290679890624436,0.18935000000001168,1
2353,2451,157.95925,9.98977440750324,24.99573317561555,-0.25005000000000166,1
2353,3019,183.931875,1.1433818417759427,7.290679890624436,-0.04362499999999159,1
2353,3406,407.88725000000005,1.4616844455470226,11.091664599354965,-7.612749999999963,1
2353,4938,149.371875,1.8079859466287909,5.99999999999997,0.11382500000001983,1
2376,2448,379.9112,1.1433818417759427,7.290679890624436,1.3036750000000552,1
2383,2618,175.290125,1.1433818417759427,7.290679890624436,-0.03012499999999818,1
2383,3019,322.0245,1.1433818417759427,7.290679890624436,0.981000000000023,1
2448,3019,395.42100000000005,2.9250000000000016,20.10344827586205,-1.7300000000000182,1
2823,4938,214.364375,1.8079859466287909,5.99999999999997,0.016175000000004047,1
2888,3406,344.577175,1.8079859466287909,5.99999999999997,-0.9155749999999898,1
4938,6505,166.14,1.8079859466287909,5.99999999999997,0.3222000000000236,1
