stock1,stock2,trade_capital,open,loss,reward,open_num
1102,6176,196.099375,1.8916951729380467,12.846636259977194,0.14482499999999732,1
1722,3019,275.94100000000003,2.9250000000000016,20.10344827586205,0.3071250000000134,1
1802,6116,99.13500000000002,1.1433818417759427,7.290679890624436,0.23417500000000757,1
1909,6456,262.4363,1.8079859466287909,5.99999999999997,0.973550000000003,1
2303,2376,117.39700000000002,1.4616844455470226,11.091664599354965,0.0625000000000071,1
2344,3706,148.320175,0.6133408446003465,20.043565348022334,-1.3896999999999977,1
2344,6269,222.4335,1.1433818417759427,7.290679890624436,0.8971250000000026,1
2344,6456,320.28650000000005,1.4616844455470226,11.091664599354965,0.49975000000003433,1
2409,2881,106.3747,1.1433818417759427,7.290679890624436,-0.019424999999991144,1
2409,3019,162.091,1.5278527918781692,16.150050761421287,-0.0031249999999900524,1
2409,3443,341.821,1.4616844455470226,11.091664599354965,-0.27312499999997186,1
2409,6176,125.205875,1.4616844455470226,11.091664599354965,0.05162500000000847,1
2881,3481,106.3494,1.8079859466287909,5.99999999999997,-0.2689749999999904,1
2882,2884,121.39930000000001,3.508635996771593,16.51957223567391,0.2061999999999955,1
3019,6456,1275.50875,1.4616844455470226,11.091664599354965,1.9547500000001037,1
3443,3706,355.32,1.1433818417759427,7.290679890624436,0.556075000000007,1
3443,6269,1066.142,1.1433818417759427,7.290679890624436,1.813250000000039,1
3481,6116,73.98375,1.1433818417759427,7.290679890624436,0.23255000000000337,1
3706,6269,362.70000000000005,1.1433818417759427,7.290679890624436,0.6436250000000427,1
6116,6269,156.5085,1.4616844455470226,11.091664599354965,0.507000000000005,1
6116,6456,237.6735,1.4616844455470226,11.091664599354965,-0.13774999999999693,1
