stock1,stock2,trade_capital,open,loss,reward,open_num
1326,2303,170.99312500000002,1.1433818417759427,7.290679890624436,-0.006874999999993747,1
1326,3481,160.00962500000003,1.1433818417759427,7.290679890624436,-0.5903749999999803,1
1605,1704,241.56930000000003,1.1433818417759427,7.290679890624436,0.17897500000002253,1
1704,2886,114.658125,1.8079859466287909,5.99999999999997,0.17052500000001203,1
2201,2344,201.40090000000004,2.9250000000000016,20.10344827586205,0.5799000000000234,1
2201,2492,230.40387500000003,1.1433818417759427,7.290679890624436,-0.34612499999998647,1
2311,2327,507.14300000000003,2.2011242403781104,9.193923024983164,-4.039375000000007,1
2303,3231,52.321400000000004,1.1433818417759427,7.290679890624436,0.07140000000000413,1
2325,2327,563.365,3.254488356362935,7.52294907720547,0.6161250000000109,1
2347,2615,220.5155,1.8079859466287909,5.99999999999997,-0.3341999999999885,1
2347,2883,86.164175,1.8079859466287909,5.99999999999997,0.0626749999999987,1
2492,2883,161.501,3.254488356362935,7.52294907720547,-0.0004999999999881766,1
2615,2883,63.540000000000006,1.1433818417759427,7.290679890624436,0.14372500000000699,1
2883,3231,39.06,1.8079859466287909,5.99999999999997,0.03474999999999895,1
2883,3481,73.833975,1.1433818417759427,7.290679890624436,0.23277499999998952,1
