stock1,stock2,trade_capital,open,loss,reward,open_num
2002,2881,163.3435,1.8916951729380467,12.846636259977194,-1.6025999999999954,1
2002,3189,179.01,1.8079859466287909,5.99999999999997,0.15097500000000252,1
