stock1,stock2,trade_capital,open,loss,reward,open_num
1301,2891,186.41995000000003,3.254488356362935,7.52294907720547,0.06995000000001994,1
2408,2891,148.27725,3.508635996771593,16.51957223567391,-0.17275000000000063,1
2408,9945,346.308,2.030242211571373,14.706692913385783,-1.1846000000000174,1
2823,3045,259.360375,2.030242211571373,14.706692913385783,0.3603750000000048,1
2887,2891,89.8136,3.254488356362935,7.52294907720547,0.06304999999998984,1
3045,9904,320.268875,2.9250000000000016,20.10344827586205,0.2688750000000084,1
