stock1,stock2,trade_capital,open,loss,reward,open_num
1102,1227,228.706425,1.8079859466287909,5.99999999999997,0.506424999999993,1
1102,2834,56.045805,2.9250000000000016,20.10344827586205,0.09580500000000569,1
1102,2915,174.7652,3.508635996771593,16.51957223567391,0.6288000000000054,1
