stock1,stock2,trade_capital,open,loss,reward,open_num
2377,2886,184.373025,2.1048266865449103,22.69250838613482,0.2230250000000069,1
