stock1,stock2,trade_capital,open,loss,reward,open_num
2448,2882,193.559225,1.5278527918781692,16.150050761421287,0.20922500000000355,1
