stock1,stock2,trade_capital,open,loss,reward,open_num
2823,2892,118.78812500000001,2.1048266865449103,22.69250838613482,0.1169250000000126,1
2886,2892,112.668125,1.8079859466287909,5.99999999999997,0.027275000000010152,1
2892,9904,132.00170000000003,1.8916951729380467,12.846636259977194,0.05170000000001096,1
