stock1,stock2,trade_capital,open,loss,reward,open_num
1102,2885,94.70772500000001,1.3500000000000008,7.0,0.10772500000000562,1
1704,2474,429.975,2.1000000000000014,9.0,-0.46699999999998454,1
1909,2308,399.91972499999997,1.4000000000000008,20.0,1.3447250000000253,1
1909,5264,146.66795000000002,1.5000000000000009,5.0,0.1705000000000041,1
1909,6505,136.744575,1.5000000000000009,5.0,0.7945750000000089,1
2002,2885,72.630925,1.4000000000000008,20.0,0.08292500000001013,1
2344,2353,24.71275,1.8500000000000012,9.0,0.06055000000000277,1
2353,2360,119.025,1.5000000000000009,5.0,-0.7974749999999844,1
2353,2412,371.916,2.0000000000000013,6.0,0.930374999999998,1
2353,2448,94.5074,1.3500000000000008,7.0,0.1967749999999988,1
2353,4958,133.60500000000002,1.550000000000009,7.0,-1.4208749999999952,1
2382,2885,114.88499999999999,1.4800000000000009,11.0,0.15800000000000836,1
2474,3702,425.60675000000003,1.3500000000000008,7.0,-0.17724999999998658,1
2448,2633,115.11,1.4000000000000008,20.0,0.057774999999999466,1
2633,2885,118.035225,1.3500000000000008,7.0,0.21272500000000605,1
2633,6269,184.650375,1.52,8.0,-1.689274999999995,1
2633,6505,195.900375,1.3500000000000008,7.0,0.4391250000000042,1
5264,6505,821.34,1.8000000000000012,5.0,1.1273500000000354,1
6269,6505,624.0600000000001,1.52,8.0,3.8488500000000556,1
