stock1,stock2,trade_capital,open,loss,reward,open_num
1477,2474,644.0325,1.3000000000000007,23.0,1.5325000000000273,1
1477,2882,330.075,2.7500000000000018,15.0,0.9476250000000022,1
2317,6456,573.139,1.6500000000000008,16.0,1.1390000000000526,1
2377,3706,312.84000000000003,1.3000000000000007,23.0,0.37725000000000364,1
