stock1,stock2,trade_capital,open,loss,reward,open_num
2105,2344,121.48835000000001,1.3000000000000007,23.0,-0.9915499999999895,1
2105,2371,109.158625,1.7500000000000009,15.0,0.27667500000000445,1
2204,2884,75.8998,1.9500000000000013,5.0,0.12767500000001064,1
2344,2888,47.111940000000004,2.1000000000000014,9.0,-0.18303500000000028,1
2344,3231,57.708600000000004,1.3000000000000007,23.0,-0.39134999999999565,1
2344,3673,175.72425,1.3000000000000007,23.0,-0.2756249999999767,1
2344,4938,240.834,2.1000000000000014,9.0,0.21150000000001512,1
2344,6116,55.31455000000001,2.1000000000000014,9.0,-0.08542499999998654,1
2371,2891,27.2988,1.3000000000000007,23.0,0.056199999999998695,1
2377,2409,224.2585,1.9500000000000013,5.0,-1.212850000000003,1
2409,3481,24.614449999999998,2.0000000000000013,6.0,0.06114999999999782,1
2409,3532,142.64285,1.7500000000000009,15.0,0.2263499999999965,1
2449,2891,97.85430000000001,2.1000000000000014,9.0,-0.15097499999999187,1
2633,3406,415.13050000000004,1.8500000000000012,9.0,2.10912500000002,1
2880,3481,43.55945,1.8000000000000012,5.0,0.02949999999999875,1
2881,3406,522.807,1.8500000000000012,9.0,3.179875000000038,1
2884,3019,134.52095000000003,1.550000000000009,7.0,0.03407500000001562,1
2884,3406,391.43500000000006,1.8500000000000012,9.0,-0.10224999999996953,1
2884,3481,109.35875000000001,2.7500000000000018,15.0,0.1718750000000142,1
2884,4938,169.59312500000001,2.1000000000000014,9.0,0.08217500000000655,1
3019,3406,546.5487499999999,1.8500000000000012,9.0,2.129250000000013,1
3231,4958,260.622625,1.3000000000000007,23.0,-0.661674999999974,1
3443,6116,137.52775,2.0000000000000013,6.0,-0.11269999999998248,1
3481,3532,147.936875,1.6500000000000008,16.0,-0.3343749999999801,1
4938,4958,146.5777,2.2500000000000018,5.0,0.16645000000001176,1
