stock1,stock2,trade_capital,open,loss,reward,open_num
1216,2603,135.12475,2.200000000000001,6.0,0.2885000000000062,1
1722,2542,252.11150000000004,1.3000000000000007,23.0,0.4136750000000262,1
1722,2603,87.55484999999999,2.1000000000000014,9.0,0.16229999999999478,1
1722,3481,106.487375,1.3000000000000007,23.0,0.07900000000000773,1
2204,2618,119.6696,1.3000000000000007,23.0,-0.19064999999999088,1
2301,2618,109.125,1.3000000000000007,23.0,0.21752500000000197,1
2308,6505,908.7275000000001,1.6500000000000008,16.0,1.1192500000000365,1
2454,3443,1097.568,2.4000000000000017,10.0,-17.755749999999864,1
2542,3443,726.888125,2.200000000000001,6.0,-9.162874999999929,1
2542,6505,259.8097,1.3000000000000007,23.0,1.3097000000000207,1
2603,3481,109.04512500000001,1.7500000000000009,15.0,0.18177500000001245,1
2603,6505,178.075125,1.3000000000000007,23.0,-0.033124999999984084,1
2618,2890,32.24144,1.4000000000000008,20.0,0.019315000000002414,1
2618,6116,111.46255500000001,1.3000000000000007,23.0,0.08255500000000637,1
2618,6505,171.991,1.4000000000000008,20.0,0.4803750000000093,1
2912,3443,575.819,2.7500000000000018,15.0,-5.910499999999985,1
