stock1,stock2,trade_capital,open,loss,reward,open_num
1303,2891,149.53500000000003,1.3000000000000007,23.0,0.25002500000000794,1
1216,2610,70.47,1.6500000000000008,16.0,-0.017600000000001614,1
1216,3231,189.764925,2.1000000000000014,9.0,0.31492500000001655,1
1434,2371,206.58965,2.7500000000000018,15.0,0.3396500000000202,1
1434,2449,249.53570000000002,2.200000000000001,6.0,0.054450000000031196,1
1434,2603,99.89497499999999,2.200000000000001,6.0,0.1903250000000014,1
1536,3706,243.9,1.3000000000000007,23.0,0.2924500000000023,1
1504,2892,63.514475000000004,2.1000000000000014,9.0,0.04897500000000932,1
2002,2412,221.716,2.2500000000000018,5.0,0.1478750000000275,1
1802,2412,126.63000000000001,2.200000000000001,6.0,-0.7102999999999966,1
1802,2892,98.86500000000001,2.4000000000000017,10.0,0.08484999999999943,1
1802,9945,172.8239,2.7500000000000018,15.0,-0.16234999999998934,1
2105,2371,127.258825,1.3000000000000007,23.0,-0.7911749999999884,1
2308,2324,240.3,1.8000000000000012,5.0,0.3483750000000043,1
2308,2352,247.7495,1.550000000000009,7.0,-0.3854999999999791,1
2303,2888,78.723,1.9500000000000013,5.0,0.11842000000000041,1
2303,4904,129.91265,1.9500000000000013,5.0,0.1454000000000164,1
2303,4938,132.615,2.4000000000000017,10.0,0.0286000000000044,1
2303,9945,94.36605,1.9500000000000013,5.0,0.09880000000000422,1
2327,2892,167.8975,3.3500000000000023,16.0,0.1837500000000034,1
2330,2352,271.7135,1.7500000000000009,15.0,0.3281250000000142,1
2330,3231,304.00087500000006,2.7500000000000018,15.0,0.5143750000000296,1
2352,2449,163.37625,1.8000000000000012,5.0,0.1408750000000083,1
2352,2603,30.578400000000002,1.9500000000000013,5.0,0.05132500000000206,1
2352,2886,137.2911,1.8500000000000012,9.0,-0.3668999999999869,1
2371,2892,104.59287499999999,2.1000000000000014,9.0,0.09287499999999937,1
2449,2823,154.428575,1.3000000000000007,23.0,-0.0026749999999822194,1
2823,2886,74.4235,3.3500000000000023,16.0,0.08090000000001041,1
2880,2892,149.93900000000002,1.8500000000000012,9.0,0.21187500000002046,1
2882,3231,178.36087500000002,2.7500000000000018,15.0,0.22452500000002118,1
2881,3231,179.89087500000002,2.1000000000000014,9.0,0.12212500000001825,1
2890,3231,87.945525,2.7500000000000018,15.0,0.16650000000001697,1
2892,3231,162.55552500000002,2.0000000000000013,6.0,0.14177500000000975,1
