stock1,stock2,trade_capital,open,loss,reward,open_num
1326,2301,308.34000000000003,1.6500000000000008,16.0,0.5844500000000323,1
1319,2303,92.26140000000001,1.550000000000009,7.0,0.11140000000001038,1
1319,2344,255.723825,1.4500000000000008,5.0,0.13262500000000443,1
1319,6456,483.486,1.7500000000000009,15.0,0.23875000000003865,1
1301,2353,124.695,1.9500000000000013,5.0,0.09172499999999673,1
1314,2395,280.5645,1.3000000000000007,23.0,-0.2082499999999925,1
1314,2439,223.4145,1.550000000000009,7.0,0.3862500000000182,1
1314,2809,85.1745,1.3000000000000007,23.0,0.11740000000000705,1
1314,2890,67.4487,1.3000000000000007,23.0,0.043200000000013006,1
1314,2915,97.7295,1.4500000000000008,5.0,0.0964750000000052,1
1314,6456,266.1645,1.4800000000000009,11.0,-0.6834999999999809,1
1314,6505,151.86450000000002,1.9500000000000013,5.0,0.505500000000012,1
1314,9910,174.889,1.8000000000000012,5.0,0.478500000000011,1
2201,6456,343.24600000000004,1.4500000000000008,5.0,0.9487500000000466,1
2103,2395,586.4345,1.3000000000000007,23.0,0.8046500000000094,1
2103,9945,215.73000000000002,3.3500000000000023,16.0,-0.060000000000002274,1
2301,3231,102.40390000000001,2.9000000000000017,20.0,0.13845000000000596,1
2327,2809,160.86325,1.4000000000000008,20.0,0.2490500000000182,1
2303,2633,87.76815,2.1000000000000014,9.0,0.1681500000000007,1
2303,4958,124.61280000000002,2.7500000000000018,15.0,-0.18719999999999004,1
2324,2492,147.04235,1.3000000000000007,23.0,0.11360000000001946,1
2325,2890,91.41055,2.9000000000000017,20.0,-0.1448999999999998,1
2353,2377,144.6682,1.3000000000000007,23.0,0.26982500000001153,1
2353,2915,118.856975,1.3000000000000007,23.0,0.2586000000000084,1
2353,9945,108.57242500000001,1.3000000000000007,23.0,0.32405000000000683,1
2395,2891,344.98175000000003,2.2500000000000018,5.0,-0.26824999999999477,1
2395,3034,1052.98875,1.3000000000000007,23.0,1.8432500000000118,1
2439,6456,394.521,1.3000000000000007,23.0,-0.12549999999998818,1
2891,6456,304.05487500000004,2.200000000000001,6.0,0.2583750000000151,1
2891,6505,191.80450000000002,2.7500000000000018,15.0,0.4455000000000098,1
2891,9945,121.79750000000001,2.4000000000000017,10.0,0.3020000000000067,1
3019,4958,276.9839,2.9000000000000017,20.0,-0.1161000000000243,1
3231,6456,352.784375,1.3000000000000007,23.0,-1.0628749999999627,1
3231,9945,178.481875,2.2500000000000018,5.0,0.28187500000001364,1
5880,9945,105.422425,1.6500000000000008,16.0,0.12967499999999887,1
