stock1,stock2,trade_capital,open,loss,reward,open_num
1314,2383,182.84500000000003,1.3000000000000007,23.0,0.4560000000000173,1
1314,2610,48.015,1.3000000000000007,23.0,0.11967500000001152,1
1314,6116,110.59100000000001,1.3500000000000008,7.0,0.2745000000000104,1
1101,1909,194.535575,2.7500000000000018,15.0,-0.06792500000000246,1
1101,3532,251.55,3.3500000000000023,16.0,0.5792500000000018,1
1402,2371,110.741375,3.3500000000000023,16.0,-0.47407499999999914,1
1605,2303,131.0832,1.4800000000000009,11.0,0.2412000000000134,1
1605,2371,41.537600000000005,1.3000000000000007,23.0,0.18760000000000154,1
1605,2834,69.5867,1.3000000000000007,23.0,0.14065000000000083,1
1605,2888,38.673,1.4000000000000008,20.0,0.06535000000000224,1
1605,2890,32.21722,1.550000000000009,7.0,0.00919500000000184,1
1605,3532,180.457,2.9000000000000017,20.0,0.7168750000000159,1
2303,3481,125.69130000000001,1.3000000000000007,23.0,0.2989250000000041,1
2317,2409,165.63500000000002,2.7500000000000018,15.0,0.4916250000000133,1
2317,3481,167.74537500000002,1.3000000000000007,23.0,0.7303750000000093,1
2352,2382,144.18,3.3500000000000023,16.0,0.2589499999999987,1
2376,2884,125.95982500000001,1.3000000000000007,23.0,-0.15279999999999205,1
2371,2383,190.963125,1.3000000000000007,23.0,-0.2868749999999949,1
2371,2610,104.643375,1.3000000000000007,23.0,0.3838750000000033,1
2371,2884,131.25282500000003,2.200000000000001,6.0,0.20282500000001846,1
2371,2888,80.82105000000001,1.3000000000000007,23.0,0.07167499999999194,1
2371,4938,145.28175000000002,1.3000000000000007,23.0,0.0317500000000166,1
2371,6269,169.80175000000003,1.3000000000000007,23.0,-0.5229999999999819,1
2912,6176,1524.60965,2.7500000000000018,15.0,-2.8903499999998985,1
3532,4938,327.06275000000005,1.7500000000000009,15.0,0.5722999999999843,1
