stock1,stock2,trade_capital,open,loss,reward,open_num
1909,2106,378.83090000000004,1.3000000000000007,23.0,0.4309000000000083,1
2106,2382,392.32525000000004,1.9500000000000013,5.0,0.3547250000000304,1
2377,9910,731.09725,1.4800000000000009,11.0,0.8397500000000377,1
2454,2603,414.17550000000006,1.4000000000000008,20.0,-5.885249999999957,1
2603,6269,207.98525,3.3500000000000023,16.0,-2.575499999999991,1
2603,6456,357.76025000000004,2.4000000000000017,10.0,-0.3004999999999711,1
2883,6456,320.36872500000004,2.0000000000000013,6.0,-1.9312749999999852,1
3044,9910,708.75,1.8000000000000012,5.0,3.811249999999987,1
