stock1,stock2,trade_capital,open,loss,reward,open_num
1301,2618,164.103,1.1433818417759427,7.290679890624436,0.18900000000002137,1
1301,2888,142.53085,3.508635996771593,16.51957223567391,0.12785000000000224,1
1314,1605,30.489275,1.8079859466287909,5.99999999999997,0.05200000000000138,1
1314,2303,123.3401,1.4616844455470226,11.091664599354965,0.2533500000000046,1
1314,2498,139.887875,1.1433818417759427,7.290679890624436,0.17927500000001828,1
1605,3231,55.39855,2.2011242403781104,9.193923024983164,0.16322500000000062,1
2105,3034,353.8705,2.9250000000000016,20.10344827586205,0.4517500000000325,1
2311,2883,64.57875,2.2011242403781104,9.193923024983164,0.09829999999999472,1
2330,2883,271.38525000000004,1.8079859466287909,5.99999999999997,-0.16549999999998022,1
2330,4943,1400.171,1.8079859466287909,5.99999999999997,4.226000000000113,1
2327,3231,435.75425,1.8079859466287909,5.99999999999997,1.577625000000026,1
2327,3532,652.7035000000001,1.8916951729380467,12.846636259977194,2.2743000000000393,1
2344,2618,101.09812500000001,0.7123126470953718,5.0376563854822525,0.09812500000001023,1
2344,3034,147.87995,1.4616844455470226,11.091664599354965,0.26045000000000584,1
2354,2618,151.863,1.4616844455470226,11.091664599354965,0.10955000000001291,1
2408,2881,300.3881,2.9250000000000016,20.10344827586205,-0.8876499999999794,1
2618,2881,101.16000000000001,1.1433818417759427,7.290679890624436,0.13094999999999857,1
2883,2884,114.17954999999999,2.9250000000000016,20.10344827586205,0.2143000000000015,1
2883,3231,68.739675,1.8079859466287909,5.99999999999997,0.18892500000000112,1
2883,3406,285.52500000000003,1.8079859466287909,5.99999999999997,1.2715000000000316,1
2883,4943,428.14975000000004,1.1433818417759427,7.290679890624436,-1.400999999999982,1
2888,3231,70.089675,1.5278527918781692,16.150050761421287,0.1866750000000046,1
2888,4938,116.86940000000001,2.9250000000000016,20.10344827586205,0.2664000000000115,1
2881,2890,83.56234,1.8916951729380467,12.846636259977194,0.046889999999997656,1
2881,4943,608.3255,1.5278527918781692,16.150050761421287,0.04825000000002433,1
3034,3532,723.2725,1.9903685727286529,4.999999999999846,-0.9129999999999825,1
3231,3532,196.86337500000002,1.4616844455470226,11.091664599354965,0.5410750000000206,1
3231,9945,241.36450000000002,3.254488356362935,7.52294907720547,0.024400000000014188,1
3532,3682,133.01575,1.8079859466287909,5.99999999999997,-0.05722499999998831,1
