stock1,stock2,trade_capital,open,loss,reward,open_num
1303,2892,127.08022499999998,2.9250000000000016,20.10344827586205,-0.05197499999999877,1
2327,6116,292.59225000000004,1.1433818417759427,7.290679890624436,0.3011250000000203,1
2311,6269,291.1155,2.2011242403781104,9.193923024983164,0.28462500000001967,1
2379,2409,171.24275,1.8916951729380467,12.846636259977194,0.492750000000008,1
2379,2492,655.5055,1.1433818417759427,7.290679890624436,1.0305000000000746,1
2409,2412,352.6365,2.1048266865449103,22.69250838613482,0.9629999999999939,1
2409,2474,339.95775000000003,1.1433818417759427,7.290679890624436,-0.30649999999999267,1
2409,5871,133.49775,1.4616844455470226,11.091664599354965,-0.062249999999984595,1
2448,6239,235.0469,1.4616844455470226,11.091664599354965,-1.0031000000000034,1
2474,5871,955.1992500000001,1.4616844455470226,11.091664599354965,-6.526249999999948,1
2474,6269,1875.518,1.8916951729380467,12.846636259977194,-5.045749999999998,1
2603,6116,73.072025,0.6133408446003465,20.043565348022334,0.18090000000000117,1
2618,6239,390.6686,2.9250000000000016,20.10344827586205,-0.5891249999999868,1
2834,2885,76.0539,1.4616844455470226,11.091664599354965,0.08201000000000391,1
2886,6269,230.8155,1.9903685727286529,4.999999999999846,0.8851250000000022,1
2885,5871,138.739875,1.4616844455470226,11.091664599354965,-0.16997499999997956,1
2885,6269,175.99987500000003,1.1433818417759427,7.290679890624436,-0.03237499999998761,1
3019,6239,538.2,1.4616844455470226,11.091664599354965,0.10150000000005832,1
3231,6239,120.0197,2.030242211571373,14.706692913385783,-0.18030000000000257,1
