stock1,stock2,trade_capital,open,loss,reward,open_num
1314,1605,30.489275,1.4616844455470226,11.091664599354965,0.05200000000000138,1
1314,2303,123.5398,2.9250000000000016,20.10344827586205,0.4530499999999975,1
1314,2884,98.80265,2.9250000000000016,20.10344827586205,0.13740000000000663,1
1314,9945,102.80080000000001,2.9250000000000016,20.10344827586205,0.2887500000000145,1
1536,3532,990.965,1.1433818417759427,7.290679890624436,-1.548749999999984,1
1802,2883,71.043275,2.2011242403781104,9.193923024983164,0.2932750000000013,1
2105,3481,128.013975,2.9250000000000016,20.10344827586205,0.14247499999999746,1
2303,2884,98.00385,2.9250000000000016,20.10344827586205,0.08860000000000667,1
2303,4943,415.343875,1.4616844455470226,11.091664599354965,0.0686250000000257,1
2311,3231,229.51875,2.9250000000000016,20.10344827586205,0.14825000000000443,1
2330,2883,271.38525000000004,1.8916951729380467,12.846636259977194,-0.16549999999998022,1
2327,2884,413.43,2.9250000000000016,20.10344827586205,0.1147500000000008,1
2344,2884,107.140125,2.9250000000000016,20.10344827586205,0.0748750000000058,1
2344,4943,488.54825,1.1433818417759427,7.290679890624436,1.498500000000007,1
2360,3532,865.468,2.9250000000000016,20.10344827586205,-0.7402499999999463,1
2603,2618,30.520175000000002,2.2011242403781104,9.193923024983164,0.10177500000000173,1
2883,3406,285.52500000000003,0.6133408446003465,20.043565348022334,1.2715000000000316,1
2883,3532,129.71425,1.8079859466287909,5.99999999999997,-0.057749999999984425,1
2888,3231,70.089675,2.9250000000000016,20.10344827586205,0.1866750000000046,1
2884,3532,173.29075,2.9250000000000016,20.10344827586205,0.17550000000001376,1
2884,4943,466.84975000000003,2.9250000000000016,20.10344827586205,0.034500000000022624,1
2881,3231,182.66920000000002,1.8079859466287909,5.99999999999997,0.10284999999996103,1
2881,3481,152.51662500000003,1.8079859466287909,5.99999999999997,0.20572500000000105,1
2881,4943,610.8217500000001,1.8079859466287909,5.99999999999997,2.544500000000056,1
3034,3231,171.9438,1.8916951729380467,12.846636259977194,0.3743000000000052,1
3034,3532,720.05625,1.1433818417759427,7.290679890624436,-2.609250000000003,1
3034,9945,195.158925,2.2011242403781104,9.193923024983164,0.6886750000000035,1
