stock1,stock2,trade_capital,open,loss,reward,open_num
2474,4915,551.5386000000001,0.5,10.0,0.5118500000000097,1
