stock1,stock2,trade_capital,open,loss,reward,open_num
1477,2344,379.905875,0.5,10.0,-2.1228750000000005,1
2103,2308,981.4256500000001,0.5,10.0,1.025650000000084,1
