stock1,stock2,trade_capital,open,loss,reward,open_num
3443,4958,340.89755,0.5,10.0,0.9408000000000101,1
