stock1,stock2,trade_capital,open,loss,reward,open_num
1605,3481,75.926525,0.5,10.0,0.12564999999999849,1
