stock1,stock2,trade_capital,open,loss,reward,open_num
1314,2492,139.005,1.3000000000000007,23.0,0.4173500000000132,1
2311,2885,97.155,1.3000000000000007,23.0,0.08770000000000522,1
2317,3532,311.44175,0.5,10.0,0.9967500000000058,1
