stock1,stock2,trade_capital,open,loss,reward,open_num
2474,3532,818.1,0.5,10.0,5.126750000000072,1
2474,4943,1584.45,0.5,10.0,3.3502500000001305,1
2888,5880,69.0642,1.3000000000000007,23.0,0.08495500000000433,1
