stock1,stock2,trade_capital,open,loss,reward,open_num
1314,2345,272.67,0.5,10.0,0.7040500000000307,1
1536,4943,1162.4265,0.5,10.0,2.1490000000001146,1
2344,2345,158.31,0.5,10.0,-0.46354999999998725,1
2345,2812,105.678,0.5,10.0,-0.4956499999999764,1
3673,4915,241.5,0.5,10.0,0.31690000000001817,1
