stock1,stock2,trade_capital,open,loss,reward,open_num
2883,6456,326.15675,0.5,10.0,2.3035750000000093,1
