stock1,stock2,trade_capital,open,loss,reward,open_num
1802,3406,272.025,0.5,10.0,0.2955000000000183,1
2383,2449,142.5858,0.5,10.0,0.7358000000000047,1
2880,3406,250.65,0.5,10.0,5.0740000000000265,1
