stock1,stock2,trade_capital,open,loss,reward,open_num
2317,3706,123.61500000000001,1.3000000000000007,23.0,-1.0547499999999843,1
