stock1,stock2,trade_capital,open,loss,reward,open_num
1216,2371,136.579,0.5,10.0,0.1325000000000074,1
2610,6456,270.4115,0.5,10.0,-4.184999999999988,1
