stock1,stock2,trade_capital,open,loss,reward,open_num
1314,2492,174.13037500000002,0.5,10.0,0.22287500000000193,1
2345,2492,198.39325000000002,0.5,10.0,0.685750000000013,1
2379,2492,472.95,0.5,10.0,3.205750000000023,1
2492,6116,305.467,0.5,10.0,0.8922500000000291,1
