stock1,stock2,trade_capital,open,loss,reward,open_num
2105,2633,163.95370000000003,1.3000000000000007,23.0,0.0037000000000091404,1
2492,2633,104.17500000000001,1.3000000000000007,23.0,0.1259250000000094,1
2492,3532,256.995,1.3000000000000007,23.0,0.17077500000000612,1
