stock1,stock2,trade_capital,open,loss,reward,open_num
2313,4943,372.463625,1.3000000000000007,23.0,-3.095874999999978,1
