stock1,stock2,trade_capital,open,loss,reward,open_num
2201,2888,69.3,1.3000000000000007,23.0,0.03427500000000805,1
2201,9938,235.64600000000002,1.3000000000000007,23.0,1.396000000000015,1
3034,6269,612.0775,0.5,10.0,1.4950000000000188,1
3481,9938,185.970625,1.3000000000000007,23.0,0.9706250000000054,1
4938,6116,188.26717500000004,1.3000000000000007,23.0,0.16717500000003582,1
