stock1,stock2,trade_capital,open,loss,reward,open_num
2882,6414,1464.375375,0.5,10.0,-23.36812500000002,1
