stock1,stock2,trade_capital,open,loss,reward,open_num
1314,2412,144.372375,0.5,10.0,0.017875000000003638,1
1314,2448,73.047375,0.5,10.0,0.1866750000000046,1
2049,9914,934.596,1.3000000000000007,23.0,1.096000000000032,1
