stock1,stock2,trade_capital,open,loss,reward,open_num
1314,2615,71.49702500000001,0.5,10.0,0.3835250000000059,1
2371,3034,190.21425000000002,1.3000000000000007,23.0,0.21425000000002115,1
2383,2823,802.7940000000001,0.5,10.0,3.7940000000000964,1
2383,5264,818.7700000000001,0.5,10.0,3.7700000000000955,1
