stock1,stock2,trade_capital,open,loss,reward,open_num
1314,2311,85.905,1.3000000000000007,23.0,0.20629999999999882,1
