stock1,stock2,trade_capital,open,loss,reward,open_num
1909,2344,105.84100000000001,0.5,10.0,0.24100000000000676,1
2344,2610,82.18367500000001,0.5,10.0,0.2671750000000088,1
2344,3019,321.0145,0.5,10.0,2.457099999999997,1
2344,6116,82.17,0.5,10.0,-0.686124999999997,1
2330,2610,273.84575,0.5,10.0,-0.17074999999999818,1
3019,3673,350.1295,0.5,10.0,3.9577500000000185,1
