stock1,stock2,trade_capital,open,loss,reward,open_num
1326,2439,690.9620000000001,0.5,10.0,1.4620000000000744,1
1326,3019,468.002,0.5,10.0,0.7730000000000175,1
1909,2454,286.65000000000003,0.5,10.0,0.021500000000003183,1
