stock1,stock2,trade_capital,open,loss,reward,open_num
2327,2408,563.52375,0.5,10.0,4.14575,1
2327,6116,525.07121,0.5,10.0,4.181209999999995,1
2337,2371,83.63187500000001,0.5,10.0,0.171825000000009,1
2337,2408,106.74000000000001,1.3000000000000007,23.0,0.12165000000000958,1
2337,2449,142.7855,1.3000000000000007,23.0,0.23550000000000892,1
2337,2603,28.575,1.3000000000000007,23.0,0.05222500000000174,1
2371,2408,115.446875,0.5,10.0,0.06887500000001268,1
2371,3231,68.323125,0.5,10.0,0.09282500000000837,1
