stock1,stock2,trade_capital,open,loss,reward,open_num
1326,2492,353.6687,0.5,10.0,0.5687000000000211,1
2371,6269,182.22625,1.3000000000000007,23.0,-0.02374999999999261,1
