stock1,stock2,trade_capital,open,loss,reward,open_num
1101,2313,200.13960000000003,2.7500000000000018,15.0,0.2867250000000183,1
1101,3702,254.16825,3.3500000000000023,16.0,0.6513000000000062,1
1101,6176,168.93490000000003,2.7500000000000018,15.0,0.43855000000002065,1
2311,2313,177.435,3.3500000000000023,16.0,0.3033750000000026,1
2311,2823,215.09895,2.4000000000000017,10.0,0.24907500000002614,1
2311,6505,243.99,3.3500000000000023,16.0,0.4420750000000311,1
2886,3702,257.0774,2.7500000000000018,15.0,0.24552500000001487,1
