stock1,stock2,trade_capital,open,loss,reward,open_num
1314,2834,32.430045,1.8500000000000012,9.0,-0.12994999999999912,1
1314,3481,39.135825,2.200000000000001,6.0,0.13610000000000966,1
1536,2330,1189.3675,2.7500000000000018,15.0,1.6730000000000018,1
2002,3702,184.62265000000002,2.4000000000000017,10.0,0.22265000000000157,1
2301,2330,373.439,2.4000000000000017,10.0,0.33900000000002706,1
2303,2313,65.66839999999999,1.6500000000000008,16.0,0.14597500000000707,1
2303,2324,69.4627,1.6500000000000008,16.0,0.1402750000000097,1
2303,3702,88.79502500000001,1.9500000000000013,5.0,0.15765000000000384,1
2313,2379,172.125,1.3000000000000007,23.0,0.21237500000000864,1
2330,2603,244.9385,2.0000000000000013,6.0,-0.3768749999999841,1
2353,2603,25.041850000000004,1.9500000000000013,5.0,0.06017500000000098,1
2352,2834,27.458275,1.3000000000000007,23.0,0.04633500000000268,1
2371,2891,37.206,3.3500000000000023,16.0,-0.16186000000000433,1
2603,3702,80.074875,2.1000000000000014,9.0,-0.07742499999999808,1
2474,2891,297.45,3.3500000000000023,16.0,1.2516250000000184,1
