stock1,stock2,model_type,w1,w2,pval,snr,mu,stdev,skewness,Emu,Estd,action
1101,1314,model1,-0.4107364055375118,0.5892635944624881,0.9558030964967033,0.4117421672224077,0.0001667346060424905,0.0015060467724193176,1.3705547403670373,5.018208071305708e-14,0.0013908152396859114,13
