stock1,stock2,model_type,w1,w2,pval,snr,mu,stdev,skewness,Emu,Estd,action
2357,2360,model3,-0.5592658919322946,0.4407341080677055,0.13607695243541754,0.5156291732754416,-0.8348920848599765,0.0013827260090537778,0.2376446100458869,-0.8350073303427887,0.0013689229473654082,4
2357,2439,model3,-0.6180458533338101,0.3819541466661898,0.1088059395644183,0.3684771257152839,-1.5127482267931278,0.0014379951050176546,0.028867078267302438,-1.5129375371788427,0.0013481840218613887,24
2357,6456,model2,-0.3678367460042447,-0.6321632539957553,0.001,0.6863901476791283,-5.376094745453497,0.001196845476695832,-0.10151467441015463,-5.376066788448576,0.0011565427274359214,14
2883,6456,model2,0.3293301832197407,0.6706698167802593,0.001,0.4497182981624258,4.325791102021898,0.0015163934229118071,0.641887151575998,4.325629182505006,0.0014613901669908154,14
3034,3406,model3,0.5809709355732612,0.4190290644267389,0.0444334570505365,0.7654426144809058,5.411593744845189,0.0012997646415120133,0.25730046269369433,5.411598548158292,0.0012980933772250595,8
