stock1,stock2,model_type,w1,w2,pval,snr,mu,stdev,skewness,Emu,Estd,action
1227,1402,model3,-0.2977428130569432,0.7022571869430568,0.010404249770648296,0.2355677618021307,1.1270845880648006,0.0011157415962175855,0.9819277777902056,1.126851615562525,0.0008404310022494488,24
1227,1504,model3,-0.6421203779881323,0.3578796220118677,0.20995869725592567,0.3880486804785606,-1.4713136977176091,0.00099693967168881,1.087227288670695,-1.4714358206268183,0.0008477722714120194,24
1227,2201,model3,-0.4689423926414274,0.5310576073585725,0.018004518459068062,0.25323545197780584,-0.2271869562207215,0.0011199868376008677,2.2448062211324427,-0.22741648216365865,0.0007970112633818303,4
