stock1,stock2,trade_capital,open,loss,reward,open_num
1319,2352,288.675,2.0,4.0,0.3176750000000226,1
1301,2618,162.72075,2.0,4.0,0.3417000000000172,1
1314,2049,317.523,2.0,4.0,0.7730000000000175,1
1227,2618,146.97075,2.0,4.0,0.36795000000002176,1
1216,1536,421.35225,3.0,5.0,1.3437500000000284,1
1216,2324,94.3788,2.0,4.0,0.04925000000000068,1
1216,2382,283.95575,2.0,4.0,-0.5618499999999784,1
1216,2812,101.35845,2.0,4.0,-0.06109999999998905,1
1216,2891,150.99375,2.0,4.0,0.014350000000007412,1
1216,2892,130.1251,2.0,4.0,0.09555000000000291,1
1216,9941,426.82120000000003,1.0,3.0,2.1037000000000177,1
2002,2618,53.9823,2.0,4.0,0.11525000000000318,1
2049,2345,456.25935000000004,1.5,3.5,-1.7216499999999826,1
2049,9941,563.416,1.5,3.5,1.1007500000000334,1
2347,2618,97.803075,2.0,4.0,0.2530750000000026,1
2324,2344,132.51350000000002,1.5,3.5,0.1355000000000146,1
2324,2383,241.79700000000003,1.5,3.5,-0.13624999999998977,1
2324,3443,255.29700000000003,2.0,4.0,0.34050000000002,1
2344,2383,251.06074999999998,3.0,5.0,-2.641874999999999,1
2344,2618,97.74075,2.0,4.0,0.3501500000000064,1
2344,2891,96.19800000000001,2.0,4.0,0.10240000000001004,1
2345,3443,647.1,1.0,3.0,0.41925000000003365,1
2345,9941,182.8675,2.0,4.0,0.3139500000000197,1
2382,2383,487.428,3.0,5.0,-1.2552499999999895,1
2383,2474,2280.7025000000003,2.5,4.5,2.000500000000102,1
2383,3443,466.5615,3.0,5.0,-1.2514999999999645,1
2439,3231,260.82,1.0,3.0,0.16440000000002897,1
2449,9941,189.16995,1.0,3.0,0.19820000000001414,1
2542,3443,389.844875,2.0,4.0,0.8876250000000141,1
2618,3231,103.36575,1.0,3.0,0.3407750000000078,1
2618,3406,388.08074999999997,1.5,3.5,0.3655000000000257,1
2610,2892,97.63245,2.0,4.0,0.08882499999999993,1
2610,3443,212.31225,1.0,3.0,0.15500000000000114,1
2610,9941,123.48,2.0,4.0,0.3933000000000142,1
2892,3443,257.19275,1.5,3.5,0.3491250000000008,1
3406,3443,649.3855000000001,1.0,3.0,0.47100000000000364,1
