stock1,stock2,trade_capital,open,loss,reward,open_num
1101,2633,142.7634,2.0386430465172296,8.888021209930221,-0.32064999999998633,1
1434,2885,103.298925,1.6102443547862653,20.593056549749527,0.2830499999999958,1
2308,2439,441.4275,2.733738993803925,15.5970472265867,2.316000000000031,1
2308,3044,188.20855,0.9435904877199437,5.815110860515745,0.10180000000001144,1
2354,2834,124.2175,1.6102443547862653,20.593056549749527,0.35155000000000314,1
2834,8464,275.8675,0.9435904877199437,5.815110860515745,-0.2007499999999851,1
2834,9910,224.1175,0.9435904877199437,5.815110860515745,-0.11449999999997829,1
2885,4958,144.274125,1.6102443547862653,20.593056549749527,0.22192499999999882,1
2885,9910,454.3175,0.9435904877199437,5.815110860515745,2.0674999999999955,1
