stock1,stock2,trade_capital,open,loss,reward,open_num
1402,2356,199.09812499999998,1.6102443547862653,20.593056549749527,0.18807500000001198,1
1504,2881,213.808875,2.0386430465172296,8.888021209930221,0.11317500000001246,1
1536,2002,249.52187500000002,2.733738993803925,15.5970472265867,-1.1448749999999848,1
1536,2409,190.57500000000002,2.733738993803925,15.5970472265867,0.6808750000000146,1
2002,2377,231.52187500000002,2.0386430465172296,8.888021209930221,-0.11637499999999079,1
2002,2888,34.424375,2.9000315809028514,11.67323054059074,0.09637500000000188,1
2002,3673,176.711875,2.0386430465172296,8.888021209930221,0.17467500000000769,1
2330,2409,262.125,2.733738993803925,15.5970472265867,0.06237500000003138,1
2330,2881,457.81175,2.733738993803925,15.5970472265867,0.7732500000000471,1
2352,2618,83.45182500000001,1.6102443547862653,20.593056549749527,0.11822500000000957,1
2352,3443,362.773,1.6102443547862653,20.593056549749527,0.938625000000016,1
2409,2603,111.13305000000001,2.0386430465172296,8.888021209930221,0.1830500000000086,1
2409,2881,152.91,2.9000315809028514,11.67323054059074,0.39417500000000416,1
2409,3682,92.53556,2.0386430465172296,8.888021209930221,0.31043500000001245,1
2439,2801,226.25375000000003,0.9435904877199437,5.815110860515745,0.14637500000000614,1
2439,3443,928.0995,0.9435904877199437,5.815110860515745,4.489500000000021,1
2603,2823,138.09255000000002,2.0386430465172296,8.888021209930221,-0.4074499999999972,1
2603,3443,313.78825,1.6102443547862653,20.593056549749527,-1.5092499999999802,1
2618,2834,69.685315,0.9435904877199437,5.815110860515745,0.0953150000000047,1
2618,3443,336.5465,0.9435904877199437,5.815110860515745,-0.7671250000000072,1
2884,6505,215.14275,2.0386430465172296,8.888021209930221,0.16062500000001023,1
3443,3682,311.23245,0.9435904877199437,5.815110860515745,4.082449999999987,1
