stock1,stock2,trade_capital,open,loss,reward,open_num
1216,2618,135.135,1.6102443547862653,20.593056549749527,0.12425000000000352,1
1605,3673,266.22,2.9000315809028514,11.67323054059074,0.7544999999999931,1
2049,2610,418.77387500000003,0.9435904877199437,5.815110860515745,-1.9373749999999816,1
2002,2603,90.038775,0.9435904877199437,5.815110860515745,-0.34572499999999806,1
2002,2618,98.12025,0.9435904877199437,5.815110860515745,0.09902500000000103,1
2201,6505,213.075,1.6102443547862653,20.593056549749527,0.39375000000001137,1
2327,2610,1153.173875,0.9435904877199437,5.815110860515745,-6.656124999999925,1
2327,4915,1536.6915,2.0386430465172296,8.888021209930221,13.691499999999962,1
2327,5880,1188.613875,1.6102443547862653,20.593056549749527,-6.708624999999984,1
2412,2610,144.0,2.733738993803925,15.5970472265867,0.5088750000000104,1
2492,2882,652.7352500000001,2.0386430465172296,8.888021209930221,-4.037999999999954,1
2492,2892,477.94175,2.733738993803925,15.5970472265867,3.964000000000013,1
2492,5880,463.21387500000003,2.733738993803925,15.5970472265867,-0.5071249999999736,1
2492,6505,972.11775,0.9435904877199437,5.815110860515745,2.4452499999999873,1
2603,2882,99.35075,2.0386430465172296,8.888021209930221,0.1007499999999979,1
2603,6505,176.175,2.9000315809028514,11.67323054059074,0.4552500000000066,1
2618,6456,272.58525000000003,0.9435904877199437,5.815110860515745,-0.19174999999999898,1
2880,3532,231.21425,2.0386430465172296,8.888021209930221,-0.12049999999999272,1
2892,3673,154.305,2.733738993803925,15.5970472265867,0.19215000000001226,1
3034,3702,350.32112500000005,2.0386430465172296,8.888021209930221,-2.2956249999999727,1
