stock1,stock2,trade_capital,open,loss,reward,open_num
1314,1326,171.0,2.733738993803925,15.5970472265867,0.21425000000002115,1
1314,1477,201.825,0.9435904877199437,5.815110860515745,-0.08674999999998079,1
1314,1605,56.120450000000005,1.6102443547862653,20.593056549749527,0.20924999999999727,1
1314,2379,188.32500000000002,0.9435904877199437,5.815110860515745,-0.5634999999999906,1
1314,2498,100.340525,1.6102443547862653,20.593056549749527,0.3385250000000113,1
1314,2867,124.95800000000001,1.6102443547862653,20.593056549749527,0.25260000000001526,1
1314,3231,80.42045,2.733738993803925,15.5970472265867,0.3184500000000092,1
1314,9933,110.60045000000001,0.9435904877199437,5.815110860515745,0.1234500000000196,1
1326,2313,172.845,2.733738993803925,15.5970472265867,0.36094999999998834,1
1326,2867,181.125,2.0386430465172296,8.888021209930221,0.44700000000001694,1
1216,6116,103.86000000000001,2.0386430465172296,8.888021209930221,-0.6723499999999945,1
1477,2408,438.90225,2.0386430465172296,8.888021209930221,0.8167500000000132,1
2049,3034,979.2325000000001,0.9435904877199437,5.815110860515745,0.994000000000085,1
2313,3034,238.5,1.6102443547862653,20.593056549749527,-1.146374999999992,1
2379,2915,381.15,2.9000315809028514,11.67323054059074,0.36325000000002206,1
2379,6116,161.01000000000002,2.0386430465172296,8.888021209930221,-1.9657999999999802,1
2379,6176,368.01,2.9000315809028514,11.67323054059074,-0.613349999999997,1
2408,2867,124.785,2.733738993803925,15.5970472265867,-0.3577499999999958,1
2498,6116,73.25052500000001,2.0386430465172296,8.888021209930221,-0.5149749999999997,1
2834,2882,95.94,0.9435904877199437,5.815110860515745,0.08972500000000849,1
2834,3044,131.887875,0.9435904877199437,5.815110860515745,0.13902500000001083,1
2542,3044,371.78999999999996,0.9435904877199437,5.815110860515745,0.5286250000000052,1
2542,6116,77.13,2.733738993803925,15.5970472265867,-0.7276500000000041,1
2882,9933,327.8681,2.0386430465172296,8.888021209930221,0.6692249999999973,1
2886,6116,51.273,2.9000315809028514,11.67323054059074,-0.40497499999999675,1
