stock1,stock2,trade_capital,open,loss,reward,open_num
1301,1504,581.276775,0.9435904877199437,5.815110860515745,4.176775000000049,1
1227,2377,469.8,0.9435904877199437,5.815110860515745,0.7147500000000377,1
1101,1605,131.960475,0.9435904877199437,5.815110860515745,0.1379750000000044,1
1101,1909,141.115175,1.6102443547862653,20.593056549749527,0.32245000000000346,1
1101,2408,230.49165,0.9435904877199437,5.815110860515745,0.6371500000000054,1
2201,2303,97.04595,2.9000315809028514,11.67323054059074,-0.35592500000001337,1
2201,2377,209.025,2.0386430465172296,8.888021209930221,-0.3483749999999901,1
2303,5264,124.66250000000001,0.9435904877199437,5.815110860515745,-0.29725000000000534,1
2330,2353,336.57925,2.0386430465172296,8.888021209930221,0.976875000000021,1
2324,3443,327.6,2.733738993803925,15.5970472265867,-0.046749999999988745,1
2357,9945,437.41025,2.733738993803925,15.5970472265867,-1.4332499999999584,1
2353,2377,208.125,0.9435904877199437,5.815110860515745,0.9012500000000188,1
2353,3406,477.642,0.9435904877199437,5.815110860515745,-0.7357499999999817,1
2376,5871,509.63,0.9435904877199437,5.815110860515745,1.3227000000000402,1
2377,5264,640.287,0.9435904877199437,5.815110860515745,2.987500000000068,1
2377,6505,348.7795,0.9435904877199437,5.815110860515745,0.958500000000015,1
2382,2606,296.304875,2.0386430465172296,8.888021209930221,0.5548749999999885,1
2382,3673,324.5125,2.0386430465172296,8.888021209930221,0.4124999999999872,1
2379,2408,728.6895,0.9435904877199437,5.815110860515745,1.819500000000005,1
2408,2409,160.17125000000001,1.6102443547862653,20.593056549749527,0.4995000000000118,1
2408,2881,352.4085,1.6102443547862653,20.593056549749527,-0.04375000000000284,1
2809,3673,278.46220000000005,2.0386430465172296,8.888021209930221,0.6542000000000314,1
2892,6505,226.6595,1.6102443547862653,20.593056549749527,0.4095000000000084,1
4958,5871,728.55,0.9435904877199437,5.815110860515745,1.6814000000000533,1
5871,6505,764.14425,0.9435904877199437,5.815110860515745,2.2842500000000427,1
