stock1,stock2,trade_capital,open,loss,reward,open_num
1101,9933,324.656125,2.0386430465172296,8.888021209930221,0.3992250000000013,1
1301,2353,170.44605,2.733738993803925,15.5970472265867,0.7258000000000067,1
1590,2880,398.368,2.0386430465172296,8.888021209930221,-1.8972499999999712,1
1590,2888,362.25,0.9435904877199437,5.815110860515745,-2.10149999999998,1
1605,2888,73.82600000000001,2.9000315809028514,11.67323054059074,0.3861500000000042,1
2201,2376,151.60500000000002,1.6102443547862653,20.593056549749527,0.29650000000000887,1
2201,2880,73.58945,2.0386430465172296,8.888021209930221,0.08944999999999581,1
2201,2881,119.565,2.0386430465172296,8.888021209930221,0.0004250000000070031,1
2201,2888,91.58745000000002,0.9435904877199437,5.815110860515745,0.25345000000001505,1
2201,9933,128.2946,2.0386430465172296,8.888021209930221,0.049824999999998454,1
2327,2409,1135.40325,0.9435904877199437,5.815110860515745,-1.6317499999998546,1
2330,3532,1297.895,1.6102443547862653,20.593056549749527,-6.980000000000018,1
2353,2448,56.00535000000001,2.733738993803925,15.5970472265867,-0.7882749999999952,1
2409,2888,101.4726,2.733738993803925,15.5970472265867,0.28897500000000775,1
2448,2888,86.64487500000001,0.9435904877199437,5.815110860515745,0.1112500000000054,1
2880,2881,132.418,2.0386430465172296,8.888021209930221,0.09367500000001172,1
2880,2883,104.29950000000001,1.6102443547862653,20.593056549749527,0.23530000000000229,1
2880,3532,202.618,2.0386430465172296,8.888021209930221,-0.5724999999999909,1
2881,2888,99.47560000000001,0.9435904877199437,5.815110860515745,0.39160000000001105,1
2883,9904,98.1387,2.9000315809028514,11.67323054059074,-0.10779999999998324,1
2888,3481,20.9735,0.9435904877199437,5.815110860515745,0.06677500000000336,1
2888,5264,118.916,0.9435904877199437,5.815110860515745,0.31100000000001415,1
2888,9933,99.72522500000001,0.9435904877199437,5.815110860515745,0.3912250000000128,1
