stock1,stock2,trade_capital,open,loss,reward,open_num
1402,2449,230.265,2.733738993803925,15.5970472265867,0.2652500000000231,1
1314,2892,70.553175,2.0386430465172296,8.888021209930221,0.08457500000001161,1
1314,3045,307.378325,0.9435904877199437,5.815110860515745,-0.5599249999999927,1
1314,9904,112.41,2.733738993803925,15.5970472265867,0.11219999999999963,1
1590,2615,598.2375,2.733738993803925,15.5970472265867,-0.6612500000000239,1
1605,2603,93.011675,0.9435904877199437,5.815110860515745,0.3984250000000067,1
1605,2881,288.461,1.6102443547862653,20.593056549749527,-0.5376999999999974,1
1605,3045,513.561975,0.9435904877199437,5.815110860515745,-1.301775000000024,1
2002,3045,572.49,0.9435904877199437,5.815110860515745,-0.9541500000000269,1
2308,2834,147.645,2.733738993803925,15.5970472265867,0.35302500000000236,1
2330,3532,553.05,2.0386430465172296,8.888021209930221,1.0752500000000111,1
2371,3045,510.965875,0.9435904877199437,5.815110860515745,-1.047875000000026,1
2352,2439,242.22875,2.0386430465172296,8.888021209930221,0.8701250000000016,1
2412,2881,251.02035,2.9000315809028514,11.67323054059074,0.6888500000000306,1
2454,3045,801.779,0.9435904877199437,5.815110860515745,-2.284750000000031,1
2603,3532,208.8,2.0386430465172296,8.888021209930221,0.15125000000000455,1
2615,3045,532.8,0.9435904877199437,5.815110860515745,-0.8880000000000265,1
2615,5871,180.36525,0.9435904877199437,5.815110860515745,0.21687500000001592,1
2881,5871,372.4405,2.9000315809028514,11.67323054059074,-1.5594999999999999,1
2881,6285,309.3935,2.733738993803925,15.5970472265867,0.194500000000005,1
2881,9904,325.1856,2.733738993803925,15.5970472265867,-1.5646499999999435,1
2886,6456,332.99975,2.733738993803925,15.5970472265867,0.4997500000000059,1
2891,6456,308.5365,2.9000315809028514,11.67323054059074,1.2865000000000038,1
2892,4904,162.585,1.6102443547862653,20.593056549749527,-0.07127499999999998,1
3045,3532,644.51525,0.9435904877199437,5.815110860515745,-0.5485000000000184,1
3045,5871,487.80000000000007,0.9435904877199437,5.815110860515745,0.6847500000000082,1
3045,6176,446.31,2.0386430465172296,8.888021209930221,-0.5441499999999451,1
3045,6456,666.0,0.9435904877199437,5.815110860515745,-2.1085000000000207,1
3045,6505,614.061,2.0386430465172296,8.888021209930221,-0.5027500000000202,1
3481,5871,158.5895,2.0386430465172296,8.888021209930221,0.5028750000000031,1
