stock1,stock2,trade_capital,open,loss,reward,open_num
1101,2308,321.07500000000005,1.8079859466287909,5.99999999999997,-0.5351249999999652,1
1303,2439,627.3442500000001,0.6133408446003465,20.043565348022334,0.5122500000000514,1
1303,2603,137.88885,1.8079859466287909,5.99999999999997,0.13197499999999707,1
1303,2912,813.1785000000001,1.8079859466287909,5.99999999999997,1.7565000000000737,1
1303,3702,268.69635,1.1433818417759427,7.290679890624436,-0.8036499999999904,1
1303,9914,903.6,1.1433818417759427,7.290679890624436,0.4910000000000423,1
1301,3034,748.17605,1.1433818417759427,7.290679890624436,0.8760500000000206,1
2324,2357,331.425,2.9250000000000016,20.10344827586205,0.6957500000000465,1
2324,2912,237.96,1.8079859466287909,5.99999999999997,0.6019000000000077,1
2379,2383,211.03575,1.8079859466287909,5.99999999999997,0.6655000000000086,1
2383,2603,135.675,3.508635996771593,16.51957223567391,0.9221500000000091,1
2383,2823,206.28,2.9250000000000016,20.10344827586205,1.353650000000016,1
2383,2890,139.905,2.9250000000000016,20.10344827586205,0.9150999999999954,1
2383,2892,190.56075,1.1433818417759427,7.290679890624436,0.45000000000000284,1
2383,2915,213.42540000000002,2.9250000000000016,20.10344827586205,0.561150000000012,1
2383,3034,215.42375,1.1433818417759427,7.290679890624436,0.6595000000000084,1
2383,3706,126.36,4.471572794899045,12.523910733262484,1.337075000000013,1
2439,2890,171.40500000000003,1.4616844455470226,11.091664599354965,0.3134250000000023,1
2439,2915,419.76275,1.4616844455470226,11.091664599354965,-0.6532499999999857,1
2439,3034,729.9035,0.6133408446003465,20.043565348022334,2.4034999999999798,1
2823,3706,180.93200000000002,2.9250000000000016,20.10344827586205,0.22340000000001936,1
2603,2610,42.525315,3.508635996771593,16.51957223567391,0.07394000000000034,1
2603,2912,277.7795,1.8916951729380467,12.846636259977194,0.2740000000000151,1
2603,3034,181.22375,1.8079859466287909,5.99999999999997,0.7165000000000106,1
2603,9914,206.55,1.5278527918781692,16.150050761421287,0.40462500000001,1
2890,5871,76.1215,1.1433818417759427,7.290679890624436,0.07595000000000951,1
2915,3034,496.5475,1.4616844455470226,11.091664599354965,0.710250000000002,1
2915,5871,462.51275,1.8079859466287909,5.99999999999997,-2.923449999999974,1
