stock1,stock2,trade_capital,open,loss,reward,open_num
1101,6116,169.965,2.9250000000000016,20.10344827586205,0.11612500000000026,1
1303,1605,146.78765,1.4616844455470226,11.091664599354965,-0.8812249999999864,1
1326,2409,146.36775,1.4616844455470226,11.091664599354965,0.11599999999999255,1
1536,2474,769.05,1.1433818417759427,7.290679890624436,3.2115000000000578,1
1477,2409,185.721,1.1433818417759427,7.290679890624436,-0.028999999999989257,1
1477,3019,678.69875,0.6133408446003465,20.043565348022334,1.4620000000000744,1
1477,6456,469.225,1.1433818417759427,7.290679890624436,1.7582500000000039,1
1605,1789,104.805,1.1433818417759427,7.290679890624436,0.12487499999999585,1
1605,2371,98.85965,3.254488356362935,7.52294907720547,-0.9092250000000028,1
1605,2474,405.99825000000004,1.4616844455470226,11.091664599354965,2.6293750000000387,1
1605,3019,184.8305,1.8079859466287909,5.99999999999997,1.2105000000000103,1
1605,3044,175.0705,1.8079859466287909,5.99999999999997,0.4747500000000002,1
1605,3045,154.35,2.9250000000000016,20.10344827586205,-1.3555999999999955,1
1605,3443,334.6055,1.5278527918781692,16.150050761421287,0.7351250000000107,1
2356,2883,83.475,2.9250000000000016,20.10344827586205,-0.28889999999999105,1
2360,3019,709.29875,0.6133408446003465,20.043565348022334,1.910250000000076,1
2383,2448,480.57550000000003,1.9903685727286529,4.999999999999846,4.242500000000035,1
2448,3044,364.2528,1.8079859466287909,5.99999999999997,2.152799999999985,1
2448,6456,500.03075,0.7123126470953718,5.0376563854822525,-1.2829999999999586,1
2409,3019,167.7305,1.4616844455470226,11.091664599354965,-0.011374999999993918,1
2409,3034,160.2,2.1048266865449103,22.69250838613482,-0.2669999999999888,1
2409,3044,153.65775,1.1433818417759427,7.290679890624436,0.004000000000011994,1
2409,4904,125.39775,1.4616844455470226,11.091664599354965,-0.04874999999999119,1
2409,6116,58.6212,1.8079859466287909,5.99999999999997,0.11037500000000477,1
2409,9904,85.92092500000001,1.4616844455470226,11.091664599354965,0.12092500000001394,1
2474,3443,564.2040000000001,1.8079859466287909,5.99999999999997,1.101500000000044,1
2883,3034,163.1549,2.1048266865449103,22.69250838613482,0.3049000000000106,1
3045,4904,752.1700500000001,2.2011242403781104,9.193923024983164,1.3700500000000773,1
