stock1,stock2,trade_capital,open,loss,reward,open_num
1102,2308,443.70000000000005,1.4616844455470226,11.091664599354965,0.5086250000000234,1
1314,2303,83.42467500000001,2.9250000000000016,20.10344827586205,0.22467500000000484,1
1314,2317,149.22755,1.4616844455470226,11.091664599354965,0.017050000000011778,1
1314,2325,100.10135,1.1433818417759427,7.290679890624436,0.0908500000000032,1
1314,2344,102.747375,1.8079859466287909,5.99999999999997,0.3868750000000105,1
1314,2382,113.28155000000001,1.4616844455470226,11.091664599354965,0.07105000000000672,1
1314,2610,67.9889,1.1433818417759427,7.290679890624436,0.08260000000000645,1
1314,3673,164.25325,0.6133408446003465,20.043565348022334,0.5032500000000084,1
1314,5871,120.375,0.6133408446003465,20.043565348022334,0.049000000000006594,1
1314,6116,77.805,2.2011242403781104,9.193923024983164,-0.22952500000000242,1
2303,2344,106.963875,1.4616844455470226,11.091664599354965,-0.06807499999998612,1
2303,2618,88.6221,1.8079859466287909,5.99999999999997,0.0602750000000114,1
2303,3406,389.158875,3.254488356362935,7.52294907720547,-10.373624999999969,1
2303,6269,156.058875,4.2079168858495475,14.57469752761706,-0.00012499999998993871,1
2303,6456,213.208875,3.254488356362935,7.52294907720547,0.9031250000000242,1
2308,3702,342.66575,2.9250000000000016,20.10344827586205,0.4592500000000257,1
2317,6269,389.85765000000004,2.9250000000000016,20.10344827586205,-0.30135000000001355,1
2324,2892,164.9887,2.9250000000000016,20.10344827586205,0.38682500000001596,1
2344,6269,184.73875,1.4616844455470226,11.091664599354965,0.4593750000000085,1
2356,2618,59.940000000000005,1.1433818417759427,7.290679890624436,0.19965000000000543,1
2356,2633,134.647875,1.1433818417759427,7.290679890624436,0.34435000000000926,1
2376,3481,196.7021,1.4616844455470226,11.091664599354965,-0.25157499999999544,1
2618,2633,81.18,1.1433818417759427,7.290679890624436,0.1143250000000009,1
2618,2892,108.51675,2.1048266865449103,22.69250838613482,0.3776500000000098,1
2618,2912,327.2085,1.4616844455470226,11.091664599354965,0.24712499999999693,1
2618,6269,162.45000000000002,2.030242211571373,14.706692913385783,-0.5203749999999872,1
2618,6456,219.15000000000003,1.1433818417759427,7.290679890624436,-0.6148749999999978,1
