stock1,stock2,trade_capital,open,loss,reward,open_num
1303,2103,106.78957500000001,2.9250000000000016,20.10344827586205,0.039575000000006355,1
1402,3034,219.61812500000002,1.8916951729380467,12.846636259977194,0.40312500000001705,1
1301,2892,176.11185,1.8079859466287909,5.99999999999997,0.22085000000001287,1
1722,2439,413.791375,2.1048266865449103,22.69250838613482,0.3433750000000373,1
1722,6269,281.35310000000004,1.9903685727286529,4.999999999999846,0.5566000000000315,1
2103,2615,65.32095000000001,2.2011242403781104,9.193923024983164,-0.05364999999999753,1
2103,2883,78.33232500000001,2.030242211571373,14.706692913385783,-0.2676749999999899,1
2103,2891,67.3811,1.8079859466287909,5.99999999999997,0.04290000000000305,1
2324,2885,56.59695000000001,1.4616844455470226,11.091664599354965,0.01210000000001088,1
2354,2885,151.58415000000002,1.4616844455470226,11.091664599354965,-0.1875999999999891,1
2451,6269,708.4357500000001,1.9903685727286529,4.999999999999846,-3.0642499999999586,1
2606,9933,188.27519999999998,1.8916951729380467,12.846636259977194,0.15269999999998163,1
2615,2888,44.662904999999995,1.8079859466287909,5.99999999999997,-0.06709500000000013,1
2885,2890,38.09865,2.9250000000000016,20.10344827586205,-0.011379999999995505,1
2885,3034,167.435,2.9250000000000016,20.10344827586205,0.7382500000000078,1
2886,3481,120.37570000000001,1.1433818417759427,7.290679890624436,0.35837500000000944,1
