stock1,stock2,trade_capital,open,loss,reward,open_num
1605,2454,412.87975000000006,1.4616844455470226,11.091664599354965,-3.12024999999997,1
2382,2603,304.692275,1.8916951729380467,12.846636259977194,0.34227499999998656,1
2377,3044,445.5775,1.1433818417759427,7.290679890624436,0.7740000000000151,1
2603,6456,357.76025000000004,2.9250000000000016,20.10344827586205,-0.3004999999999711,1
