stock1,stock2,trade_capital,open,loss,reward,open_num
2049,2449,313.77675,1.3000000000000007,23.0,0.24525000000002706,1
2049,2618,299.799625,1.7500000000000009,15.0,0.29962500000002024,1
2610,5880,127.60725,1.8500000000000012,9.0,0.2515499999999946,1
2618,6116,43.904045,10.0,25.0,-0.05595499999999731,1
