stock1,stock2,trade_capital,open,loss,reward,open_num
1216,6285,314.28,1.8500000000000012,9.0,-0.8233499999999481,1
2330,2892,306.64625,2.0000000000000013,6.0,-0.24424999999997965,1
2324,2801,120.31212500000001,1.8500000000000012,9.0,0.1633250000000146,1
2324,2892,99.51700000000001,2.0000000000000013,6.0,0.04760000000001341,1
2801,2891,125.4727,1.5000000000000009,5.0,0.15185000000001025,1
