stock1,stock2,trade_capital,open,loss,reward,open_num
2881,6116,92.18385,1.8000000000000012,5.0,0.053450000000005105,1
