stock1,stock2,trade_capital,open,loss,reward,open_num
1504,6239,193.74585000000002,1.8500000000000012,9.0,-0.40877499999999145,1
