stock1,stock2,trade_capital,open,loss,reward,open_num
1909,3231,65.47355,1.4800000000000009,11.0,0.09785000000000466,1
