stock1,stock2,trade_capital,open,loss,reward,open_num
2105,2317,450.42335,2.1000000000000014,9.0,-0.5766499999999937,1
