stock1,stock2,trade_capital,open,loss,reward,open_num
2382,2884,149.33475,1.8500000000000012,9.0,0.018100000000004002,1
