stock1,stock2,trade_capital,open,loss,reward,open_num
1303,2353,124.9499,2.927334267040151,11.825552443199511,0.2032000000000025,1
1536,2354,661.86,0.6133408446003465,20.043565348022334,-1.103099999999941,1
1536,3019,646.2,2.1048266865449103,22.69250838613482,-0.5777499999999236,1
1536,3045,536.4,3.508635996771593,16.51957223567391,0.6037500000000477,1
1536,3231,259.75995,0.6133408446003465,20.043565348022334,-0.32854999999996437,1
2049,2308,1192.7082500000001,2.9250000000000016,20.10344827586205,-1.7917499999999222,1
2308,2454,1643.3912500000001,4.2079168858495475,14.57469752761706,-6.589749999999867,1
2308,5871,949.4030000000001,4.2079168858495475,14.57469752761706,-1.46774999999991,1
2324,2354,172.59315,2.030242211571373,14.706692913385783,0.07640000000000668,1
2324,2448,89.01000000000002,2.2011242403781104,9.193923024983164,0.15119999999999223,1
2324,6116,114.345,1.8079859466287909,5.99999999999997,0.05904999999999916,1
2324,6176,141.73950000000002,2.030242211571373,14.706692913385783,0.12275000000000347,1
2317,2884,333.8229,3.254488356362935,7.52294907720547,-1.1150999999999982,1
2353,2882,56.773325,5.022148337595906,22.808695652173878,0.10752500000000786,1
2448,2542,198.88475,2.1048266865449103,22.69250838613482,0.38312500000002103,1
2448,5871,161.54085,2.1048266865449103,22.69250838613482,0.3392250000000203,1
2881,2885,101.295,1.9903685727286529,4.999999999999846,0.23057500000001596,1
2884,2885,105.48,1.4646842029194989,18.720335308570633,0.22360000000000468,1
2885,9945,131.66070000000002,3.254488356362935,7.52294907720547,0.3923250000000138,1
