stock1,stock2,trade_capital,open,loss,reward,open_num
1402,2317,391.6455,3.254488356362935,7.52294907720547,1.0967000000000127,1
1402,2382,382.5512,2.927334267040151,11.825552443199511,-0.6212999999999624,1
1402,3481,49.692800000000005,2.1048266865449103,22.69250838613482,-0.17859999999999587,1
1314,2317,110.86865,2.030242211571373,14.706692913385783,0.3179000000000123,1
1314,2324,122.20297500000001,2.1048266865449103,22.69250838613482,0.20110000000000738,1
1314,6269,156.06555,0.6557762836185819,9.672269763651162,0.7655500000000117,1
1536,1909,548.1765,1.5278527918781692,16.150050761421287,1.1765000000000327,1
1536,2317,316.79449999999997,2.030242211571373,14.706692913385783,1.491500000000002,1
1536,2603,197.5445,1.8916951729380467,12.846636259977194,0.4428750000000008,1
1536,5871,400.77000000000004,1.9903685727286529,4.999999999999846,-0.6679499999999621,1
2317,3481,125.77850000000001,2.2011242403781104,9.193923024983164,0.20710000000000406,1
2356,2886,180.457875,2.2011242403781104,9.193923024983164,0.26762500000002376,1
2356,3481,139.507875,2.2011242403781104,9.193923024983164,1.0866250000000086,1
2412,4904,448.14325,2.030242211571373,14.706692913385783,0.7687500000000114,1
2409,2633,55.955425,2.030242211571373,14.706692913385783,0.1603000000000101,1
2409,5871,263.07,3.508635996771593,16.51957223567391,-0.3885249999999516,1
2448,2823,163.252825,2.030242211571373,14.706692913385783,-0.21692500000000337,1
2603,4904,218.47500000000002,1.4646842029194989,18.720335308570633,0.1850499999999773,1
2886,3231,115.328975,1.5278527918781692,16.150050761421287,0.061975000000014546,1
2915,9914,280.886925,6.308691275167791,18.983221476510085,-0.34407499999997526,1
3231,6269,168.84635000000003,0.6557762836185819,9.672269763651162,0.6463500000000124,1
3481,9938,165.94400000000002,2.1048266865449103,22.69250838613482,0.9901250000000061,1
5871,6269,726.00935,0.6557762836185819,9.672269763651162,3.9093500000000176,1
