stock1,stock2,trade_capital,open,loss,reward,open_num
1314,2345,128.43615,1.8079859466287909,5.99999999999997,0.09765000000001578,1
1314,2354,141.3515,2.2011242403781104,9.193923024983164,0.12395000000002199,1
1314,2376,71.9769,2.030242211571373,14.706692913385783,0.13569999999999993,1
1314,2383,194.662,0.6557762836185819,9.672269763651162,0.4485000000000099,1
1326,2313,183.73540000000003,2.927334267040151,11.825552443199511,0.10930000000001883,1
1789,2345,259.261,2.030242211571373,14.706692913385783,-0.669249999999991,1
1789,3481,68.68185,2.927334267040151,11.825552443199511,0.14072500000000332,1
2313,2881,134.70905,2.1048266865449103,22.69250838613482,0.0329500000000138,1
2313,3481,144.71542500000004,1.4646842029194989,18.720335308570633,-0.7284499999999952,1
2324,5522,126.85500000000002,1.9903685727286529,4.999999999999846,0.38767500000000155,1
2345,2633,189.51100000000002,2.030242211571373,14.706692913385783,-0.3033749999999884,1
2353,5264,178.88875000000002,2.030242211571373,14.706692913385783,0.46912500000000534,1
2347,2409,134.60005,2.927334267040151,11.825552443199511,0.2772499999999827,1
2352,2409,33.71005,5.022148337595906,22.808695652173878,0.046150000000004354,1
2352,2615,37.125,5.022148337595906,22.808695652173878,-0.361424999999997,1
2354,3034,556.26435,1.4646842029194989,18.720335308570633,1.0643500000000188,1
2376,2409,139.30025,3.508635996771593,16.51957223567391,0.5287500000000023,1
2376,2454,360.7164,2.1048266865449103,22.69250838613482,0.8181500000000312,1
2376,2823,225.33087500000002,2.9250000000000016,20.10344827586205,-0.30017499999998165,1
2376,5264,289.0895,6.308691275167791,18.983221476510085,-0.2131249999999767,1
2371,6176,126.77345,1.4616844455470226,11.091664599354965,0.24945000000001016,1
2383,2439,1076.745,1.9903685727286529,4.999999999999846,4.298999999999978,1
2409,2633,58.77997500000001,2.030242211571373,14.706692913385783,0.10407500000000525,1
2409,3034,164.303175,2.2011242403781104,9.193923024983164,0.5531750000000102,1
2439,2883,212.234,2.1048266865449103,22.69250838613482,0.7020000000000266,1
2606,5264,194.81875,2.2011242403781104,9.193923024983164,0.49250000000002103,1
2633,5522,153.015825,2.1048266865449103,22.69250838613482,-0.3485499999999888,1
2888,3034,165.05205,2.2011242403781104,9.193923024983164,0.2520500000000112,1
