stock1,stock2,trade_capital,open,loss,reward,open_num
1301,2383,733.5,0.6133408446003465,20.043565348022334,1.6731500000000352,1
1504,2303,40.48825,2.030242211571373,14.706692913385783,0.03490000000000393,1
1504,2371,61.335,2.2011242403781104,9.193923024983164,0.09747500000000997,1
1504,2881,191.969625,2.2011242403781104,9.193923024983164,0.0523250000000246,1
1504,2885,65.99992499999999,2.1048266865449103,22.69250838613482,0.19657500000000283,1
1605,2377,130.329125,2.030242211571373,14.706692913385783,0.24352500000000532,1
1605,5522,101.754125,1.5278527918781692,16.150050761421287,0.09145000000000181,1
2204,2345,183.64929999999998,2.1048266865449103,22.69250838613482,-0.28769999999998674,1
2204,2352,217.5793,2.030242211571373,14.706692913385783,-0.5439499999999953,1
2303,2345,127.93299999999999,1.4646842029194989,18.720335308570633,0.29615000000001146,1
2303,2377,122.13440000000001,2.1048266865449103,22.69250838613482,0.20770000000000977,1
2313,2449,201.986175,2.030242211571373,14.706692913385783,0.12742500000003076,1
2313,2454,350.77500000000003,1.4646842029194989,18.720335308570633,-2.331999999999951,1
2313,2892,145.67700000000002,3.508635996771593,16.51957223567391,0.22365000000000634,1
2330,3481,267.12925,2.1048266865449103,22.69250838613482,0.5672500000000156,1
2345,2882,381.137,3.508635996771593,16.51957223567391,-0.34699999999998,1
2345,2885,136.75987500000002,2.1048266865449103,22.69250838613482,0.18317500000000564,1
2352,2887,48.548300000000005,1.8079859466287909,5.99999999999997,0.07357500000000172,1
2377,2383,713.52,0.6133408446003465,20.043565348022334,1.5067500000000251,1
2383,6176,597.1922500000001,1.5278527918781692,16.150050761421287,1.0572500000000105,1
2409,3481,124.74912499999999,2.1048266865449103,22.69250838613482,0.2528250000000014,1
2449,2887,90.045,1.9903685727286529,4.999999999999846,0.0995500000000078,1
2454,3481,322.02925,1.9903685727286529,4.999999999999846,-0.5227499999999878,1
2498,2892,166.917,2.9250000000000016,20.10344827586205,-0.3109999999999786,1
2498,3481,145.44925,5.022148337595906,22.808695652173878,-1.278749999999988,1
2881,2887,102.2464,2.030242211571373,14.706692913385783,0.0964000000000027,1
2885,3481,124.249875,2.1048266865449103,22.69250838613482,0.05387500000001211,1
3231,3481,135.81925,2.030242211571373,14.706692913385783,0.3867000000000047,1
3481,6116,89.61277500000001,2.030242211571373,14.706692913385783,-0.3420499999999862,1
