stock1,stock2,trade_capital,open,loss,reward,open_num
1402,2454,404.1,2.1048266865449103,22.69250838613482,0.5746250000000259,1
1303,2615,115.785,2.030242211571373,14.706692913385783,0.05665000000000475,1
2317,2892,189.206375,1.8916951729380467,12.846636259977194,0.4496250000000117,1
2317,5880,177.46825,2.2011242403781104,9.193923024983164,0.47100000000001785,1
2317,9945,217.56325,2.1048266865449103,22.69250838613482,0.3542500000000217,1
2308,2615,218.51875,1.4646842029194989,18.720335308570633,0.40800000000001546,1
2308,3045,797.08125,2.1048266865449103,22.69250838613482,3.736250000000041,1
2344,2801,105.82887500000001,3.508635996771593,16.51957223567391,0.23665000000000802,1
2354,6285,304.38,1.8079859466287909,5.99999999999997,0.09180000000004895,1
2356,5880,93.42,2.030242211571373,14.706692913385783,0.14385000000000758,1
2881,2892,81.30755,3.254488356362935,7.52294907720547,-0.029224999999996726,1
2882,6414,1464.375375,0.6133408446003465,20.043565348022334,-23.36812500000002,1
2892,3045,172.7851,3.254488356362935,7.52294907720547,-0.07540000000000191,1
