stock1,stock2,trade_capital,open,loss,reward,open_num
1605,2498,224.05019999999996,1.9903685727286529,4.999999999999846,0.3778499999999916,1
1536,2313,271.95950000000005,0.6133408446003465,20.043565348022334,0.588925000000021,1
1536,2382,312.8645,2.030242211571373,14.706692913385783,1.0200000000000244,1
1536,2610,171.1515,3.508635996771593,16.51957223567391,-0.31399999999999295,1
1536,2618,196.0815,3.508635996771593,16.51957223567391,-0.5552500000000009,1
1536,5522,295.9815,2.9250000000000016,20.10344827586205,-0.47212499999997704,1
1536,6505,831.2325000000001,5.022148337595906,22.808695652173878,-1.2794999999999561,1
1717,2603,188.30100000000002,6.350792751981882,11.6640241600604,-0.5529999999999688,1
1717,5880,105.54145000000001,2.2011242403781104,9.193923024983164,0.4914500000000146,1
2204,2313,163.96859999999998,1.9903685727286529,4.999999999999846,0.2907249999999948,1
2313,2449,58.863550000000004,3.508635996771593,16.51957223567391,0.10752500000000254,1
2327,3673,361.869,2.030242211571373,14.706692913385783,0.44590000000002306,1
2356,2880,103.006625,2.1048266865449103,22.69250838613482,0.24197500000000716,1
2448,3673,261.6354,1.4646842029194989,18.720335308570633,0.1928999999999661,1
2610,2880,66.213975,2.927334267040151,11.825552443199511,0.1977449999999905,1
2887,3673,111.48695000000001,3.254488356362935,7.52294907720547,0.32307500000001,1
3045,5880,164.09275000000002,2.030242211571373,14.706692913385783,-0.26099999999998147,1
