stock1,stock2,trade_capital,open,loss,reward,open_num
1216,2885,125.9565,1.4646842029194989,18.720335308570633,0.15125000000000455,1
1101,2603,94.69832500000001,4.323914893617021,9.632680851063803,0.19752500000002016,1
1101,2801,93.078325,2.030242211571373,14.706692913385783,0.10022500000000889,1
1101,9945,120.798325,3.508635996771593,16.51957223567391,-1.244099999999996,1
1314,2885,26.698550000000004,3.508635996771593,16.51957223567391,-0.041999999999999815,1
1605,2337,127.358675,1.1433818417759427,7.290679890624436,0.058675000000008026,1
1605,2344,100.4812,0.6557762836185819,9.672269763651162,-0.013049999999992679,1
2308,2603,216.1635,3.508635996771593,16.51957223567391,0.4125000000000085,1
2344,2409,140.68865,2.9250000000000016,20.10344827586205,0.5386500000000112,1
2356,2603,52.716100000000004,2.927334267040151,11.825552443199511,0.06570000000000675,1
2409,2603,73.6602,1.8079859466287909,5.99999999999997,0.07910000000000039,1
2409,2801,71.8602,1.5278527918781692,16.150050761421287,0.032099999999999795,1
2603,2886,92.58905000000001,2.030242211571373,14.706692913385783,0.1032250000000019,1
2801,2882,125.87110000000001,1.8079859466287909,5.99999999999997,0.1484750000000048,1
