stock1,stock2,trade_capital,open,loss,reward,open_num
1605,2352,129.720375,2.030242211571373,14.706692913385783,0.8441250000000196,1
1605,2354,153.83415000000002,2.1048266865449103,22.69250838613482,0.607900000000015,1
1605,2880,100.63187500000001,2.1048266865449103,22.69250838613482,0.24662500000000875,1
1605,3044,156.25585,0.6133408446003465,20.043565348022334,0.20497499999999036,1
1605,3481,75.926525,0.6133408446003465,20.043565348022334,0.12564999999999849,1
1605,5880,76.7178,2.927334267040151,11.825552443199511,0.1826250000000016,1
1402,2308,277.72375,2.1048266865449103,22.69250838613482,0.5638750000000101,1
2308,2408,764.7543000000001,2.030242211571373,14.706692913385783,0.7493000000000052,1
2337,5880,97.45360000000001,1.9903685727286529,4.999999999999846,0.4036000000000044,1
2353,2354,165.4343,1.8079859466287909,5.99999999999997,0.28930000000001144,1
2353,3044,167.63100000000003,1.8079859466287909,5.99999999999997,0.3356250000000074,1
2385,3045,722.61,2.030242211571373,14.706692913385783,-5.897299999999888,1
2439,3045,583.2,2.030242211571373,14.706692913385783,1.5242500000000234,1
3481,6505,358.93262500000003,1.4646842029194989,18.720335308570633,0.9123750000000399,1
