stock1,stock2,trade_capital,open,loss,reward,open_num
1303,2454,1121.3006,0.6557762836185819,9.672269763651162,1.5758500000001163,1
1101,2325,176.58562500000002,5.022148337595906,22.808695652173878,0.029700000000026705,1
1402,6116,77.9787,1.8916951729380467,12.846636259977194,-0.17449999999999477,1
1536,2356,244.125,2.9250000000000016,20.10344827586205,-0.15725000000000477,1
2002,2325,119.4136,6.979941239316245,15.693376068376079,0.2667749999999991,1
2002,3682,94.05165,2.030242211571373,14.706692913385783,0.2009000000000043,1
2303,2325,259.51015,6.350792751981882,11.6640241600604,0.31015000000001614,1
2317,2454,815.7362499999999,2.2011242403781104,9.193923024983164,2.2280000000000086,1
2317,2881,476.09900000000005,1.9903685727286529,4.999999999999846,-0.7222499999999528,1
2317,4958,224.07725,2.030242211571373,14.706692913385783,0.543750000000017,1
2325,2408,321.214,6.350792751981882,11.6640241600604,-0.14469999999998606,1
2325,2454,518.5840000000001,6.308691275167791,18.983221476510085,-1.072749999999985,1
2356,4958,148.28325,2.1048266865449103,22.69250838613482,0.2631500000000102,1
2360,2603,194.4,0.6557762836185819,9.672269763651162,0.9241250000000036,1
2360,4958,405.90000000000003,1.5278527918781692,16.150050761421287,0.32200000000003115,1
2382,6116,113.13,2.030242211571373,14.706692913385783,0.3107000000000113,1
2383,3682,179.024,2.030242211571373,14.706692913385783,0.722875000000009,1
2408,6456,692.991,2.2011242403781104,9.193923024983164,-10.104749999999967,1
2409,2633,154.44,2.1048266865449103,22.69250838613482,0.1919250000000048,1
2409,2880,27.1667,2.1048266865449103,22.69250838613482,0.05664999999999942,1
2603,4958,368.72625000000005,2.030242211571373,14.706692913385783,0.43840000000001567,1
2610,4958,300.18305000000004,2.030242211571373,14.706692913385783,-0.5484499999999812,1
2633,5871,167.34165000000002,2.1048266865449103,22.69250838613482,-0.7659499999999895,1
2891,9904,121.14,3.508635996771593,16.51957223567391,0.3972000000000122,1
3045,5880,515.8018500000001,1.5278527918781692,16.150050761421287,1.6418500000000549,1
3045,6116,493.965,2.030242211571373,14.706692913385783,1.623050000000056,1
3682,5871,123.80695,0.6557762836185819,9.672269763651162,0.056200000000004025,1
3673,6116,153.6955,2.2011242403781104,9.193923024983164,0.2600000000000051,1
3532,3682,156.0585,1.1433818417759427,7.290679890624436,0.007750000000001478,1
