stock1,stock2,trade_capital,open,loss,reward,open_num
2303,2618,41.246300000000005,2.9250000000000016,20.10344827586205,0.08369999999999855,1
2383,6116,200.017875,0.6133408446003465,20.043565348022334,0.1756250000000179,1
2439,2881,448.844125,5.022148337595906,22.808695652173878,0.7893750000000068,1
2633,3673,669.1931,0.6557762836185819,9.672269763651162,1.3981000000000705,1
