stock1,stock2,trade_capital,open,loss,reward,open_num
1536,2633,185.22125,2.1048266865449103,22.69250838613482,-0.7869499999999832,1
2303,2383,166.3525,2.030242211571373,14.706692913385783,0.49125000000000085,1
2330,2823,507.173,2.2011242403781104,9.193923024983164,0.2151250000000573,1
2330,3045,829.3960000000001,2.030242211571373,14.706692913385783,0.738500000000073,1
2330,8464,1202.12,1.4616844455470226,11.091664599354965,0.6475000000000364,1
2330,9914,1470.6460000000002,1.4646842029194989,18.720335308570633,2.1660000000001673,1
2409,2890,59.1112,4.2079168858495475,14.57469752761706,0.01120000000000232,1
2885,6116,64.521,6.308691275167791,18.983221476510085,-0.4170700000000025,1
3034,9914,706.9222500000001,1.4646842029194989,18.720335308570633,1.3382500000000874,1
