stock1,stock2,trade_capital,open,loss,reward,open_num
1326,2303,149.65765000000002,2.030242211571373,14.706692913385783,0.11577500000002061,1
1216,2330,442.21425,4.323914893617021,9.632680851063803,0.2942500000000621,1
1216,3443,352.34925,2.030242211571373,14.706692913385783,-0.570749999999947,1
1434,1504,218.6715,2.030242211571373,14.706692913385783,0.17150000000000887,1
1504,2330,342.98475,2.2011242403781104,9.193923024983164,0.23475000000001955,1
2002,3019,182.5258,2.030242211571373,14.706692913385783,-0.674199999999999,1
1909,2881,208.71,2.1048266865449103,22.69250838613482,-0.9968749999999886,1
1909,4938,201.555,4.2079168858495475,14.57469752761706,-0.6354749999999854,1
2204,2892,120.469025,1.9903685727286529,4.999999999999846,0.11902500000000416,1
2303,3673,147.15,2.030242211571373,14.706692913385783,0.7532500000000084,1
2303,5264,157.1639,0.6133408446003465,20.043565348022334,0.21390000000000953,1
3019,5264,370.34365,0.6133408446003465,20.043565348022334,0.3436500000000251,1
