stock1,stock2,trade_capital,open,loss,reward,open_num
1477,2201,212.625,2.2011242403781104,9.193923024983164,0.1448750000000132,1
2303,2823,42.31645,2.030242211571373,14.706692913385783,0.08190000000000097,1
2345,2352,130.5,0.6133408446003465,20.043565348022334,0.6811500000000024,1
2345,2492,198.39325000000002,0.6557762836185819,9.672269763651162,0.685750000000013,1
2492,6116,305.56685,0.6557762836185819,9.672269763651162,0.9921000000000291,1
2618,2884,70.17540000000001,2.1048266865449103,22.69250838613482,0.09222500000001155,1
