stock1,stock2,trade_capital,open,loss,reward,open_num
1434,2344,139.0567,2.2011242403781104,9.193923024983164,0.22807500000000402,1
1326,1536,554.78175,5.022148337595906,22.808695652173878,1.0970000000000653,1
1605,2823,173.1174,2.1048266865449103,22.69250838613482,-0.28222500000000394,1
2325,3481,99.279,1.5278527918781692,16.150050761421287,0.14325000000000898,1
2344,2887,39.15,1.4616844455470226,11.091664599354965,0.08452500000000285,1
2344,3481,130.869,1.8079859466287909,5.99999999999997,0.24037500000000733,1
2449,3481,195.69875000000002,1.4616844455470226,11.091664599354965,0.6477500000000092,1
2449,6176,147.31725,2.1048266865449103,22.69250838613482,0.3188499999999834,1
