stock1,stock2,trade_capital,open,loss,reward,open_num
1314,2353,101.86700000000002,1.179748881153653,6.000000000000028,0.2401750000000007,1
1314,9945,156.415025,1.4149067049415627,8.000000000000057,0.11502500000000992,1
1909,2454,451.55225,1.961350422832984,13.0,0.5315000000000225,1
2002,2356,73.339825,1.4149067049415627,8.000000000000057,0.03982500000000755,1
2002,6176,151.47245,1.5651308016877583,14.734852320675081,0.22245000000000914,1
2103,2383,230.38775000000004,1.961350422832984,13.0,0.6392500000000183,1
2454,2880,343.16575,1.961350422832984,13.0,-0.30724999999999625,1
2454,6505,568.3275000000001,1.961350422832984,13.0,0.60450000000003,1
2880,2891,67.46605000000001,1.7969422505615502,5.000000000000077,0.04049999999999798,1
