stock1,stock2,trade_capital,open,loss,reward,open_num
2103,2498,152.235,1.7969422505615502,5.000000000000077,-1.6516249999999886,1
2105,2327,479.59250000000003,1.961350422832984,13.0,0.7500000000000284,1
2301,2884,131.75662499999999,2.079203959858973,5.999999999999988,0.04555000000000575,1
2324,2330,313.69875,1.7969422505615502,5.000000000000077,-0.4878749999999883,1
2324,2354,192.5807,1.598206025047933,7.000000000000076,0.39407500000000084,1
2327,2354,607.5,1.7969422505615502,5.000000000000077,0.9845000000000539,1
2327,2882,418.63475000000005,2.8639918116683747,8.20081883316276,-1.6577499999999645,1
2353,2881,216.30855000000003,2.630607159039422,23.2659719075669,-0.18682499999994207,1
2354,3702,284.532625,2.2296322489391804,9.999999999999995,0.2580250000000177,1
2409,3481,25.481325,1.4149067049415627,8.000000000000057,0.00957499999999989,1
2439,3481,293.837,1.7969422505615502,5.000000000000077,0.5500000000000043,1
2439,3706,346.05,2.630607159039422,23.2659719075669,0.9210000000000207,1
2439,5264,1198.82825,1.7969422505615502,5.000000000000077,3.513250000000184,1
2439,6116,253.697,1.7969422505615502,5.000000000000077,0.5669750000000011,1
2498,2881,362.04,2.785531914893619,13.999999999999998,1.033600000000007,1
2882,2884,135.806625,2.395085714285717,12.000000000000005,0.03880000000000905,1
