stock1,stock2,trade_capital,open,loss,reward,open_num
1101,3045,582.552,1.7969422505615502,5.000000000000077,1.1000000000000512,1
1303,1605,146.78765,2.2296322489391804,9.999999999999995,-0.8812249999999864,1
1326,1605,166.58325000000002,2.2296322489391804,9.999999999999995,-1.2606250000000045,1
1326,6116,141.73340000000002,0.8639708561020019,9.000000000000012,-0.47034999999999627,1
1536,2448,635.31,0.5228608966989476,10.000000000000071,1.7369500000000144,1
1536,2474,769.05,1.4149067049415627,8.000000000000057,3.2115000000000578,1
1536,3019,553.5,1.4343396226415146,22.348911465892662,2.073000000000036,1
1477,6456,469.225,0.8639708561020019,9.000000000000012,1.7582500000000039,1
1605,1789,104.58000000000001,1.4149067049415627,8.000000000000057,-1.0729500000000058,1
1605,2371,98.7598,1.4149067049415627,8.000000000000057,-1.0090749999999993,1
1605,2409,65.49487500000001,1.7969422505615502,5.000000000000077,-0.3529750000000007,1
1605,3019,184.8305,1.7969422505615502,5.000000000000077,1.2105000000000103,1
1605,3034,177.525,1.179748881153653,6.000000000000028,-2.0432499999999862,1
1605,3044,174.34625,2.395085714285717,12.000000000000005,-0.5226249999999908,1
1605,3045,154.35,2.630607159039422,23.2659719075669,-1.3555999999999955,1
1605,3443,334.6055,1.961350422832984,13.0,0.7351250000000107,1
1605,9904,61.965,1.961350422832984,13.0,-0.45275000000000176,1
2360,3019,709.29875,0.5228608966989476,10.000000000000071,1.910250000000076,1
2383,2448,479.97775,0.8639708561020019,9.000000000000012,1.7447500000000389,1
2448,2474,350.82000000000005,0.8639708561020019,9.000000000000012,0.9130500000000055,1
2409,6456,274.95,1.7969422505615502,5.000000000000077,0.04100000000000392,1
3045,4904,752.1700500000001,2.630607159039422,23.2659719075669,1.3700500000000773,1
