stock1,stock2,trade_capital,open,loss,reward,open_num
1434,6505,249.967125,1.7969422505615502,5.000000000000077,0.6073750000000331,1
1101,2303,53.370000000000005,2.395085714285717,12.000000000000005,0.06082500000000124,1
1326,3034,698.3509,1.4149067049415627,8.000000000000057,1.35090000000001,1
1319,2377,269.55305,1.4149067049415627,8.000000000000057,-1.9351499999999788,1
1319,6456,480.10125000000005,1.5131965006729389,11.068640646029628,0.23725000000001728,1
1301,2891,177.49450000000002,1.7969422505615502,5.000000000000077,0.12025000000001285,1
1314,2201,58.58370000000001,1.4149067049415627,8.000000000000057,0.10790000000001143,1
1314,2439,223.86450000000002,1.4149067049415627,8.000000000000057,0.3855000000000075,1
1314,2492,106.4145,1.179748881153653,6.000000000000028,0.08200000000000784,1
1314,6505,151.86450000000002,2.079203959858973,5.999999999999988,0.505500000000012,1
1314,9910,174.889,1.4149067049415627,8.000000000000057,0.478500000000011,1
2201,2377,144.69774999999998,2.630607159039422,23.2659719075669,0.22035000000001048,1
2204,6456,338.625,1.4149067049415627,8.000000000000057,-3.0606249999999875,1
2327,2377,637.2645,1.4149067049415627,8.000000000000057,0.9942500000000791,1
2327,4958,329.9044,2.2296322489391804,9.999999999999995,-0.1956000000000131,1
2327,6456,936.61625,2.630607159039422,23.2659719075669,-0.4767499999999245,1
2303,5880,68.7214,1.961350422832984,13.0,0.08720000000000283,1
2324,2377,163.3179,1.7969422505615502,5.000000000000077,0.28915000000002067,1
2324,6505,197.866,1.5651308016877583,14.734852320675081,0.4372500000000201,1
2324,9945,126.97250000000001,2.395085714285717,12.000000000000005,0.34337500000000887,1
2325,2353,59.89500000000001,2.2296322489391804,9.999999999999995,0.09987499999999727,1
2353,9945,108.57242500000001,1.4343396226415146,22.348911465892662,0.32405000000000683,1
2377,5880,141.61804999999998,1.961350422832984,13.0,0.12529999999999575,1
2395,3034,1052.98875,1.179748881153653,6.000000000000028,1.8432500000000118,1
2439,3231,310.484375,1.961350422832984,13.0,0.006125000000025693,1
2439,6456,392.1725,2.395085714285717,12.000000000000005,0.3760000000000048,1
2890,6456,254.58055,2.8639918116683747,8.20081883316276,-1.0159499999999895,1
3231,9945,178.481875,1.4149067049415627,8.000000000000057,0.28187500000001364,1
4958,9945,295.556,2.630607159039422,23.2659719075669,0.055999999999968963,1
5880,9945,105.422425,1.7969422505615502,5.000000000000077,0.12967499999999887,1
