stock1,stock2,trade_capital,open,loss,reward,open_num
1101,2308,314.1,2.630607159039422,23.2659719075669,-0.024249999999966576,1
1723,2308,995.8125,1.4149067049415627,8.000000000000057,3.42349999999999,1
2204,2542,268.9959,1.179748881153653,6.000000000000028,0.1959000000000195,1
2204,6176,328.59000000000003,1.4149067049415627,8.000000000000057,0.5507000000000133,1
2303,2383,166.3525,2.079203959858973,5.999999999999988,0.49125000000000085,1
2303,2915,110.6362,1.5651308016877583,14.734852320675081,0.07495000000000118,1
2308,6285,929.60925,2.2296322489391804,9.999999999999995,2.024000000000001,1
2330,2409,208.78635000000003,2.630607159039422,23.2659719075669,0.3863500000000215,1
2330,2603,387.675,2.785531914893619,13.999999999999998,0.6020000000000394,1
2330,2915,793.9073500000001,1.7969422505615502,5.000000000000077,-0.9926499999999194,1
2379,3706,286.5695,1.5651308016877583,14.734852320675081,0.3195000000000192,1
2409,2890,59.01135,2.630607159039422,23.2659719075669,-0.08864999999999945,1
2409,3034,180.47887500000002,1.4149067049415627,8.000000000000057,1.2288750000000164,1
2409,9914,158.35500000000002,0.8639708561020019,9.000000000000012,0.2353250000000191,1
2542,2603,253.51915000000002,1.179748881153653,6.000000000000028,0.06915000000002358,1
2542,2615,207.85580000000002,1.179748881153653,6.000000000000028,0.2852250000000289,1
2542,2885,278.83112500000004,1.179748881153653,6.000000000000028,0.23112500000002711,1
2615,2885,55.41675000000001,2.630607159039422,23.2659719075669,0.21675000000001177,1
2603,2812,53.415000000000006,2.079203959858973,5.999999999999988,0.16060000000000407,1
2603,2885,45.94500000000001,1.4149067049415627,8.000000000000057,0.07319999999999816,1
2603,2886,105.6687,2.785531914893619,13.999999999999998,0.08927500000000066,1
2603,3034,182.7255,0.8639708561020019,9.000000000000012,0.22550000000001091,1
2886,2890,140.638725,2.395085714285717,12.000000000000005,-0.21127500000000055,1
2886,9938,209.63507500000003,1.7969422505615502,5.000000000000077,0.1350750000000147,1
2915,9914,727.7068,1.179748881153653,6.000000000000028,0.40680000000000405,1
