stock1,stock2,trade_capital,open,loss,reward,open_num
1477,2474,644.0325,1.5651308016877583,14.734852320675081,1.5325000000000273,1
2377,2474,453.34775,1.179748881153653,6.000000000000028,0.8864500000000248,1
2377,3706,312.84000000000003,1.5131965006729389,11.068640646029628,0.37725000000000364,1
2409,2439,187.65,2.630607159039422,23.2659719075669,0.6857500000000201,1
2409,3231,86.0707,2.395085714285717,12.000000000000005,0.12070000000000647,1
2610,2882,186.04524000000004,2.630607159039422,23.2659719075669,0.2706399999999931,1
