stock1,stock2,trade_capital,open,loss,reward,open_num
1216,1314,128.203125,2.630607159039422,23.2659719075669,-0.15167499999999734,1
1216,2882,223.43110000000001,2.079203959858973,5.999999999999988,0.4353500000000494,1
1216,2885,125.8665,1.961350422832984,13.0,0.25125000000000597,1
1216,9914,402.673,2.395085714285717,12.000000000000005,0.8467500000000143,1
1101,3034,492.56005000000005,1.179748881153653,6.000000000000028,0.7600500000000636,1
1314,1722,49.148625,2.785531914893619,13.999999999999998,-0.07949999999999235,1
1314,2603,131.3735,2.079203959858973,5.999999999999988,-0.7072999999999894,1
1314,2834,44.288624999999996,2.630607159039422,23.2659719075669,-0.0214749999999988,1
1314,3034,148.885875,1.179748881153653,6.000000000000028,0.4081250000000196,1
1402,2344,106.2404,1.5651308016877583,14.734852320675081,0.19039999999998258,1
1476,2801,343.44425,1.5131965006729389,11.068640646029628,0.7216249999999889,1
1605,2356,36.171150000000004,1.5651308016877583,14.734852320675081,0.042250000000002785,1
1605,3682,82.18845000000002,1.5131965006729389,11.068640646029628,0.060790000000011446,1
2330,3019,822.5745000000001,2.630607159039422,23.2659719075669,0.7460000000000804,1
2344,2409,140.48895,1.961350422832984,13.0,0.3389500000000041,1
2344,2603,101.79,1.7969422505615502,5.000000000000077,0.4793750000000081,1
2344,3481,55.916000000000004,1.4149067049415627,8.000000000000057,0.11600000000000321,1
2603,2882,128.1211,1.7969422505615502,5.000000000000077,0.1447250000000082,1
2603,3034,193.92225000000002,1.7969422505615502,5.000000000000077,0.4458750000000151,1
2603,6176,140.80205,1.7969422505615502,5.000000000000077,0.1256750000000011,1
2801,2888,82.53,1.4149067049415627,8.000000000000057,0.1620000000000026,1
2801,3481,72.00997500000001,1.4149067049415627,8.000000000000057,0.08187500000000192,1
2885,6176,127.4865,1.7969422505615502,5.000000000000077,0.14870000000001937,1
2882,2915,192.92110000000002,1.5651308016877583,14.734852320675081,-2.708849999999984,1
2888,3034,136.903875,1.5131965006729389,11.068640646029628,0.27612500000001106,1
