stock1,stock2,trade_capital,open,loss,reward,open_num
1504,2308,288.882,1.179748881153653,6.000000000000028,0.5443750000000023,1
1504,4958,352.420575,2.785531914893619,13.999999999999998,1.0205750000000364,1
2103,4958,441.43685000000005,2.785531914893619,13.999999999999998,1.5868500000000267,1
2303,4958,218.21529999999998,2.395085714285717,12.000000000000005,1.3385000000000424,1
2356,4958,305.34130000000005,1.7969422505615502,5.000000000000077,-1.3586999999999705,1
2409,2603,62.775000000000006,1.9823461730865428,9.000000000000075,0.09507500000000135,1
2409,6285,137.115,2.395085714285717,12.000000000000005,0.12095000000000766,1
2376,2884,117.765,1.961350422832984,13.0,0.05335000000000889,1
2603,4958,377.92760000000004,2.2296322489391804,9.999999999999995,1.6148500000000752,1
2834,3481,49.769999999999996,2.395085714285717,12.000000000000005,0.06682500000000147,1
2891,3481,77.65135000000001,2.2296322489391804,9.999999999999995,0.12677499999999498,1
2891,4958,147.97770000000003,1.961350422832984,13.0,0.07770000000000721,1
2912,4958,599.1,1.7969422505615502,5.000000000000077,0.6000000000000227,1
2884,6285,173.98275,1.961350422832984,13.0,0.37445000000001016,1
3034,4915,570.18705,1.7969422505615502,5.000000000000077,4.454550000000012,1
3481,4958,211.831775,1.7969422505615502,5.000000000000077,-0.9182249999999925,1
