stock1,stock2,trade_capital,open,loss,reward,open_num
1102,3481,84.42,1.8079859466287909,5.99999999999997,0.15885000000000815,1
1301,2606,242.38850000000002,1.4616844455470226,11.091664599354965,0.022599999999997067,1
1314,2376,93.412075,1.4616844455470226,11.091664599354965,0.35045000000000215,1
1314,6505,147.375,2.9250000000000016,20.10344827586205,0.5032500000000013,1
1326,2603,164.50287500000002,1.8079859466287909,5.99999999999997,-0.6971249999999856,1
1326,3481,141.3,1.8079859466287909,5.99999999999997,0.2637500000000088,1
2049,3481,255.86562500000002,1.8079859466287909,5.99999999999997,-0.13437499999997016,1
2103,2354,249.9105,1.8079859466287909,5.99999999999997,0.29800000000001603,1
2103,2603,87.9701,1.8079859466287909,5.99999999999997,-0.33732499999999277,1
2103,2882,201.10500000000002,1.4616844455470226,11.091664599354965,0.1141500000000093,1
2103,6505,232.6595,1.8079859466287909,5.99999999999997,0.3295000000000101,1
2311,9904,291.24,1.4616844455470226,11.091664599354965,0.06377499999999259,1
2327,3481,140.47415,1.8079859466287909,5.99999999999997,0.3789000000000087,1
2330,2603,241.643875,1.8079859466287909,5.99999999999997,-0.6411249999999882,1
2330,2618,261.71500000000003,1.8079859466287909,5.99999999999997,0.09425000000000239,1
2353,2409,39.6665,2.030242211571373,14.706692913385783,0.13865000000000194,1
2356,2618,139.99785,1.8079859466287909,5.99999999999997,0.17747500000001537,1
2356,3481,77.13,1.8079859466287909,5.99999999999997,0.32077500000000114,1
2376,2618,99.43715,1.8079859466287909,5.99999999999997,0.19055000000000888,1
2377,2603,141.537375,1.8079859466287909,5.99999999999997,0.03737500000001148,1
2382,2618,134.00685000000001,1.8079859466287909,5.99999999999997,0.3861000000000061,1
2408,2603,114.38387500000002,1.8079859466287909,5.99999999999997,-0.5787999999999869,1
2409,3481,81.156225,1.8079859466287909,5.99999999999997,0.22032500000000255,1
2454,2603,286.819125,1.8079859466287909,5.99999999999997,-0.18087499999998613,1
2454,2606,355.1585,1.4616844455470226,11.091664599354965,0.4337500000000034,1
2603,3673,179.979625,1.8079859466287909,5.99999999999997,2.479625000000013,1
2606,9904,311.2385,1.8079859466287909,5.99999999999997,0.407100000000014,1
2618,3481,93.43777500000002,1.4616844455470226,11.091664599354965,0.25157500000000255,1
2618,4958,143.19305,1.1433818417759427,7.290679890624436,0.2723000000000013,1
3673,9904,286.65,1.8079859466287909,5.99999999999997,0.5207500000000067,1
