stock1,stock2,trade_capital,open,loss,reward,open_num
1314,2105,97.92,1.4616844455470226,11.091664599354965,0.1363500000000073,1
2002,2324,180.9,1.8079859466287909,5.99999999999997,0.14782500000001164,1
2105,2352,279.530075,1.8079859466287909,5.99999999999997,0.13007500000001926,1
2308,2324,250.74775,1.4616844455470226,11.091664599354965,0.09875000000000966,1
2308,2352,233.32500000000002,1.8079859466287909,5.99999999999997,0.36000000000001364,1
2308,2448,206.36375,1.8079859466287909,5.99999999999997,0.16475000000000506,1
2308,2884,241.06162500000002,1.8079859466287909,5.99999999999997,0.3626250000000084,1
2308,6505,1040.4,1.8079859466287909,5.99999999999997,2.259999999999991,1
2308,9910,640.88475,1.8079859466287909,5.99999999999997,1.486750000000029,1
2324,2492,142.92185,1.8079859466287909,5.99999999999997,0.06960000000001543,1
2324,2880,121.10865000000001,1.8079859466287909,5.99999999999997,0.1578500000000176,1
2324,2885,53.22005,1.8079859466287909,5.99999999999997,0.12005000000000621,1
2324,3231,105.7382,1.8079859466287909,5.99999999999997,0.18717500000001763,1
2352,2408,99.39517500000002,1.8079859466287909,5.99999999999997,0.14362500000001432,1
2352,2448,103.94385,1.1433818417759427,7.290679890624436,0.29385000000000616,1
2352,2884,148.57680000000002,1.8079859466287909,5.99999999999997,0.32680000000001286,1
2352,2885,138.49195,1.8079859466287909,5.99999999999997,0.24195000000000988,1
2352,3532,196.00900000000001,1.8079859466287909,5.99999999999997,1.4365000000000094,1
2352,6505,192.409,1.4616844455470226,11.091664599354965,0.4440000000000168,1
2885,9910,171.02825,1.8079859466287909,5.99999999999997,0.48337500000001654,1
3231,9910,579.9380000000001,1.4616844455470226,11.091664599354965,-4.38912499999995,1
