stock1,stock2,trade_capital,open,loss,reward,open_num
1216,3481,95.73082500000001,1.8079859466287909,5.99999999999997,0.09677500000001515,1
2303,2823,133.785,1.8079859466287909,5.99999999999997,-0.17304999999999637,1
2303,2867,29.836675,1.5278527918781692,16.150050761421287,0.05275000000000141,1
2303,3019,182.033375,1.4616844455470226,11.091664599354965,-0.7891249999999985,1
2303,3481,93.19500000000001,2.9250000000000016,20.10344827586205,0.0943000000000076,1
2303,5264,187.348,1.8079859466287909,5.99999999999997,0.45675000000001376,1
2330,2610,268.875,1.8079859466287909,5.99999999999997,0.5503750000000309,1
2344,2603,38.88,1.4616844455470226,11.091664599354965,0.08497500000000358,1
2377,2379,466.5298,0.6133408446003465,20.043565348022334,1.1443000000000438,1
2377,2882,298.19005,2.2011242403781104,9.193923024983164,0.5135500000000093,1
2379,2610,167.05925000000002,0.6133408446003465,20.043565348022334,0.48075000000000045,1
2379,5264,748.8,0.6133408446003465,20.043565348022334,-5.241999999999905,1
2379,9945,260.169375,1.1433818417759427,7.290679890624436,0.34012500000000045,1
2474,2610,347.62500000000006,1.4616844455470226,11.091664599354965,0.6687500000000028,1
2615,2882,299.48810000000003,2.1048266865449103,22.69250838613482,0.7116000000000042,1
2867,5264,186.08,1.8079859466287909,5.99999999999997,0.20300000000001717,1
2882,5264,341.8245,1.8916951729380467,12.846636259977194,-0.0519999999999925,1
