stock1,stock2,trade_capital,open,loss,reward,open_num
1314,2231,331.40725,0.6133408446003465,20.043565348022334,-0.7570000000000121,1
1314,2610,87.20899,1.4616844455470226,11.091664599354965,0.36899000000000015,1
1303,4943,475.6585,2.9250000000000016,20.10344827586205,2.262000000000029,1
1303,6414,677.48225,1.9903685727286529,4.999999999999846,-7.017749999999978,1
2345,2352,154.46975,1.1433818417759427,7.290679890624436,-0.3412000000000006,1
2345,6414,500.85300000000007,1.4616844455470226,11.091664599354965,-7.879399999999947,1
2377,6285,466.44000000000005,0.6133408446003465,20.043565348022334,0.46200000000004593,1
2454,4943,1214.79375,1.1433818417759427,7.290679890624436,7.068750000000136,1
5880,6414,384.97375,1.4616844455470226,11.091664599354965,-7.090249999999983,1
