stock1,stock2,trade_capital,open,loss,reward,open_num
1303,2324,162.0438,3.254488356362935,7.52294907720547,0.1407999999999987,1
1303,2383,798.01875,1.8079859466287909,5.99999999999997,3.7697000000000287,1
1301,6285,476.06485000000004,2.9250000000000016,20.10344827586205,0.11985000000001378,1
1504,2383,714.22875,1.8079859466287909,5.99999999999997,3.3102500000000106,1
2105,2337,107.98700000000001,2.9250000000000016,20.10344827586205,0.32960000000000633,1
2324,2337,130.21695,1.8079859466287909,5.99999999999997,0.1889500000000197,1
2324,2492,147.6907,1.5278527918781692,16.150050761421287,0.1127000000000109,1
2324,9933,138.10500000000002,3.254488356362935,7.52294907720547,0.3190000000000097,1
2330,2383,1002.99325,1.4616844455470226,11.091664599354965,3.493250000000046,1
2337,2344,118.305,1.8079859466287909,5.99999999999997,-0.446799999999989,1
2337,5880,39.555,1.8079859466287909,5.99999999999997,0.08385000000000176,1
2354,3231,218.26275,1.4616844455470226,11.091664599354965,0.0008750000000077307,1
2383,2498,677.781,2.9250000000000016,20.10344827586205,2.9501500000000362,1
2383,2823,252.71775000000002,5.022148337595906,22.808695652173878,1.097999999999999,1
2383,3702,201.0979,1.4616844455470226,11.091664599354965,0.7979000000000127,1
2383,9933,260.90775,1.8079859466287909,5.99999999999997,0.9837500000000006,1
2498,9938,165.69305,0.6133408446003465,20.043565348022334,0.234800000000007,1
2823,3231,247.62025,2.9250000000000016,20.10344827586205,0.11135000000000161,1
2881,6285,205.875,2.9250000000000016,20.10344827586205,0.15612500000001717,1
3702,5880,109.86507500000002,1.8079859466287909,5.99999999999997,0.12307500000001426,1
6285,9938,482.40000000000003,1.8079859466287909,5.99999999999997,0.693750000000037,1
