stock1,stock2,trade_capital,open,loss,reward,open_num
1102,2353,59.061275,2.9250000000000016,20.10344827586205,0.31127500000000197,1
2049,2823,323.823125,1.4616844455470226,11.091664599354965,-1.763374999999968,1
1909,2308,400.518825,2.9250000000000016,20.10344827586205,1.9438250000000181,1
1909,5264,146.66795000000002,1.4616844455470226,11.091664599354965,0.1705000000000041,1
2204,2885,60.974999999999994,1.9903685727286529,4.999999999999846,0.09807500000001212,1
2344,6176,92.7573,1.4616844455470226,11.091664599354965,0.05555000000000376,1
2412,6505,199.18800000000002,2.9250000000000016,20.10344827586205,1.1850000000000165,1
2448,2823,176.83275,1.8079859466287909,5.99999999999997,-1.0190999999999981,1
2633,6269,184.650375,1.8079859466287909,5.99999999999997,-1.689274999999995,1
2885,6505,172.7405,2.9250000000000016,20.10344827586205,0.4905000000000115,1
