stock1,stock2,trade_capital,open,loss,reward,open_num
1301,2353,157.83625,1.8079859466287909,5.99999999999997,0.051374999999993065,1
1402,2439,255.443375,1.4616844455470226,11.091664599354965,0.3461250000000007,1
1704,2002,92.2082,1.8079859466287909,5.99999999999997,0.054575000000006924,1
1704,2308,402.3955,1.4616844455470226,11.091664599354965,-1.3544999999999732,1
1704,2439,323.32500000000005,1.8079859466287909,5.99999999999997,0.7092500000000257,1
1704,2801,93.69145000000002,1.8079859466287909,5.99999999999997,0.2009000000000043,1
2308,2337,199.1725,1.8079859466287909,5.99999999999997,0.5861900000000091,1
2337,3702,77.87644,1.8079859466287909,5.99999999999997,-0.4383100000000013,1
2344,2353,77.38245,1.8079859466287909,5.99999999999997,-0.17742500000000305,1
2344,2379,178.23225000000002,0.6133408446003465,20.043565348022334,-1.2677499999999924,1
2344,2615,70.79364999999999,1.4616844455470226,11.091664599354965,-0.806350000000009,1
2344,5871,226.06187500000001,1.4616844455470226,11.091664599354965,-1.3175749999999837,1
2347,6176,222.23875,1.8079859466287909,5.99999999999997,0.10679999999999978,1
2353,2885,93.0721,1.8079859466287909,5.99999999999997,0.20427499999999554,1
2353,2890,82.215,1.8079859466287909,5.99999999999997,0.06267500000000581,1
2409,2882,140.085,1.8079859466287909,5.99999999999997,0.265775000000005,1
2412,2885,146.9285,2.9250000000000016,20.10344827586205,0.4714000000000027,1
2412,4904,596.7139999999999,2.9250000000000016,20.10344827586205,1.0718000000000245,1
2439,3189,478.43550000000005,0.6133408446003465,20.043565348022334,0.8410000000000366,1
2439,3702,290.25,1.9903685727286529,4.999999999999846,0.015500000000002956,1
2801,2845,78.42032499999999,1.8079859466287909,5.99999999999997,0.02662499999999568,1
2801,2892,33.943075,1.4616844455470226,11.091664599354965,0.09622500000000045,1
2801,3702,156.5851,1.8079859466287909,5.99999999999997,0.45085000000000264,1
2892,6176,135.54,1.8079859466287909,5.99999999999997,0.02372500000000599,1
3702,6176,226.89000000000001,1.9903685727286529,4.999999999999846,0.22095000000000198,1
