stock1,stock2,trade_capital,open,loss,reward,open_num
1303,2439,504.7285,1.8079859466287909,5.99999999999997,0.18700000000001182,1
1605,2327,152.655875,1.4616844455470226,11.091664599354965,0.005875000000010289,1
1605,2449,85.8056,1.8079859466287909,5.99999999999997,0.11147500000000221,1
1605,2492,107.83587500000002,1.4616844455470226,11.091664599354965,0.28027500000000316,1
1605,2891,114.76587500000001,1.8079859466287909,5.99999999999997,0.21880000000000166,1
1605,3231,86.90395000000001,1.8079859466287909,5.99999999999997,0.159825000000005,1
2337,2377,125.8437,0.6133408446003465,20.043565348022334,0.30065000000001874,1
2337,2408,246.376,0.6133408446003465,20.043565348022334,0.5905000000000218,1
2313,4943,371.314,1.4616844455470226,11.091664599354965,-2.345499999999973,1
2330,2408,1222.76,1.8079859466287909,5.99999999999997,1.43160000000006,1
2327,2377,702.6247500000001,1.4616844455470226,11.091664599354965,-7.0110500000000116,1
2354,5264,314.82,1.8079859466287909,5.99999999999997,-0.02544999999997799,1
2376,3231,265.43685,1.4616844455470226,11.091664599354965,0.47160000000002356,1
2377,2439,668.2585,1.4616844455470226,11.091664599354965,1.4402500000000487,1
2884,3481,30.429300000000005,2.9250000000000016,20.10344827586205,0.051475000000001714,1
3019,5264,539.7987499999999,0.6133408446003465,20.043565348022334,-1.8557500000000005,1
3034,3231,138.65395,1.8079859466287909,5.99999999999997,0.32320000000001414,1
3034,3702,415.20074999999997,1.8079859466287909,5.99999999999997,0.5892500000000211,1
