stock1,stock2,trade_capital,open,loss,reward,open_num
1314,2606,42.075,1.3000000000000007,23.0,0.02972500000000089,1
1216,2049,465.627,1.7500000000000009,15.0,-3.2282500000000027,1
1504,2492,236.97,1.3000000000000007,23.0,0.553625000000018,1
2049,2885,248.00324999999998,1.3000000000000007,23.0,0.346500000000006,1
2049,2886,304.11962500000004,2.9000000000000017,20.0,-1.2356249999999989,1
2324,2353,51.9915,1.9500000000000013,5.0,-0.030174999999992735,1
2330,2379,286.66875,1.4800000000000009,11.0,0.5522500000000008,1
2330,2454,949.575,2.4000000000000017,10.0,0.5405000000000086,1
2345,2891,154.617725,2.4000000000000017,10.0,-0.23227499999998713,1
2353,2379,163.2135,1.3000000000000007,23.0,-0.15319999999999823,1
2353,2891,106.115125,2.4000000000000017,10.0,0.38837500000001235,1
2353,6456,196.55275,1.8500000000000012,9.0,-1.555624999999992,1
2357,3034,692.88375,1.3000000000000007,23.0,0.8877500000000396,1
2379,2885,164.30325,1.3000000000000007,23.0,-0.013249999999999318,1
2395,3045,647.7137500000001,2.4000000000000017,10.0,0.9597500000000423,1
2439,2886,251.469625,2.200000000000001,6.0,0.5998749999999973,1
2448,2886,148.62672500000002,2.200000000000001,6.0,-0.42327499999998963,1
2448,3034,456.13325000000003,1.8000000000000012,5.0,0.7612500000000182,1
2454,2606,353.25,1.3000000000000007,23.0,0.16012500000002206,1
2454,2884,292.112,1.8500000000000012,9.0,-0.2217499999999717,1
2454,6456,462.307,1.4800000000000009,11.0,0.2725000000000364,1
2606,2886,154.06855000000002,2.4000000000000017,10.0,0.01855000000000473,1
2606,4958,394.35757500000005,1.8000000000000012,5.0,0.807575000000071,1
2633,3045,192.375,1.9500000000000013,5.0,0.42825000000000557,1
2886,3034,224.469625,2.1000000000000014,9.0,0.6448750000000132,1
2886,6176,127.48177500000003,1.7500000000000009,15.0,0.19922500000002685,1
3034,5880,157.05,1.3000000000000007,23.0,0.43720000000001136,1
