stock1,stock2,trade_capital,open,loss,reward,open_num
1402,2885,109.45250000000001,2.7500000000000018,15.0,0.1781000000000077,1
1301,2885,146.7125,2.7500000000000018,15.0,0.2158500000000032,1
1301,6116,136.9942,2.7500000000000018,15.0,-0.2557999999999865,1
1314,3673,158.997,1.3000000000000007,23.0,0.5013750000000101,1
1314,6505,153.0,1.3000000000000007,23.0,-0.005374999999986585,1
1536,3673,321.99075000000005,1.3000000000000007,23.0,0.9847500000000196,1
2103,2439,392.3965,1.9500000000000013,5.0,0.6222500000000082,1
2103,6505,275.33637500000003,2.4000000000000017,10.0,-1.913624999999982,1
2303,2542,111.05045000000001,2.4000000000000017,10.0,-0.17692499999999,1
2301,2395,472.78975,1.8000000000000012,5.0,-0.7102499999999736,1
2330,3673,676.947,2.7500000000000018,15.0,0.8862500000000466,1
2337,2409,49.21555,1.8000000000000012,5.0,0.07042500000001084,1
2345,3673,597.0128,3.3500000000000023,16.0,4.751550000000009,1
2409,6116,19.278,1.3000000000000007,23.0,0.027780000000001692,1
2439,2885,314.52750000000003,2.7500000000000018,15.0,0.7775000000000034,1
2633,2812,71.82165,3.3500000000000023,16.0,-0.2117500000000021,1
2834,3673,132.73782500000002,1.3000000000000007,23.0,0.7840750000000156,1
2881,2885,107.11250000000001,2.1000000000000014,9.0,0.08215000000000572,1
2885,4938,152.93280000000001,2.4000000000000017,10.0,0.11030000000000939,1
