stock1,stock2,trade_capital,open,loss,reward,open_num
1504,1605,68.82945,1.4616844455470226,11.091664599354965,0.09402499999999847,1
1504,2344,103.65944999999999,1.1433818417759427,7.290679890624436,0.18574999999999164,1
1504,2633,107.415,1.8916951729380467,12.846636259977194,0.32022500000000775,1
1504,3481,35.96315,1.8079859466287909,5.99999999999997,0.09284999999999499,1
