stock1,stock2,trade_capital,open,loss,reward,open_num
1402,3481,119.47052500000001,1.1433818417759427,7.290679890624436,0.17052500000001203,1
2317,3481,140.60775,1.8079859466287909,5.99999999999997,0.17590000000000572,1
2379,2382,596.368,1.4616844455470226,11.091664599354965,1.3791499999999814,1
2409,3481,109.21812500000001,1.8079859466287909,5.99999999999997,0.2777250000000109,1
3406,3481,539.958125,1.5278527918781692,16.150050761421287,-0.6398749999999964,1
