stock1,stock2,trade_capital,open,loss,reward,open_num
4958,9910,938.59,1.1433818417759427,7.290679890624436,1.5900000000000318,1
