stock1,stock2,trade_capital,open,loss,reward,open_num
1326,2327,1323.0125000000003,1.4616844455470226,11.091664599354965,1.5125000000001592,1
1326,2337,161.008125,1.4616844455470226,11.091664599354965,0.4081249999999983,1
1326,2474,964.5510000000002,1.4616844455470226,11.091664599354965,0.5510000000001014,1
1326,2542,473.538625,1.4616844455470226,11.091664599354965,1.0386250000000246,1
1326,2891,156.8015,1.4616844455470226,11.091664599354965,0.35804999999999865,1
1319,2360,396.3915,2.9250000000000016,20.10344827586205,1.8696250000000134,1
2352,2377,203.54025000000001,1.8079859466287909,5.99999999999997,0.6775000000000233,1
2603,3044,150.643,2.9250000000000016,20.10344827586205,0.8130000000000166,1
2603,9904,130.19500000000002,1.4616844455470226,11.091664599354965,0.29450000000001353,1
4915,9904,147.1648,1.8079859466287909,5.99999999999997,0.0636000000000223,1
