stock1,stock2,trade_capital,open,loss,reward,open_num
1216,2884,159.523375,1.8079859466287909,5.99999999999997,-0.2498250000000013,1
1909,3045,412.245,2.9250000000000016,20.10344827586205,1.3099250000000353,1
2303,2317,160.604875,2.9250000000000016,20.10344827586205,0.24492500000000916,1
2383,2888,162.96300000000002,1.4616844455470226,11.091664599354965,0.49575000000000813,1
2383,3034,798.579,2.1048266865449103,22.69250838613482,3.7340000000000373,1
2383,3532,332.39,2.2011242403781104,9.193923024983164,1.9675000000000296,1
2882,3532,393.148,1.9903685727286529,4.999999999999846,0.8880000000000337,1
