stock1,stock2,trade_capital,open,loss,reward,open_num
1301,1326,873.2460000000001,1.9903685727286529,4.999999999999846,3.5922500000000923,1
2883,2887,58.961650000000006,1.8079859466287909,5.99999999999997,0.15624999999999645,1
2883,2892,70.7441,1.8079859466287909,5.99999999999997,0.13510000000000488,1
2883,3019,143.73445,1.4616844455470226,11.091664599354965,0.4254500000000192,1
2883,4915,113.67960000000001,1.4616844455470226,11.091664599354965,0.07060000000000599,1
2883,6239,137.2442,1.8079859466287909,5.99999999999997,0.035200000000010334,1
