stock1,stock2,trade_capital,open,loss,reward,open_num
1605,2890,67.402,1.8079859466287909,5.99999999999997,0.14620000000000388,1
2301,3532,597.9925000000001,0.6133408446003465,20.043565348022334,-21.10359999999997,1
2330,9914,970.0465,2.1048266865449103,22.69250838613482,3.4527500000000373,1
2360,2890,164.422,1.1433818417759427,7.290679890624436,-0.01549999999999585,1
2449,2890,68.212,0.6133408446003465,20.043565348022334,-0.15507499999999652,1
2884,2888,69.303875,1.1433818417759427,7.290679890624436,0.19275000000000375,1
3406,9914,779.8285000000001,0.6133408446003465,20.043565348022334,1.8285000000000196,1
3532,9914,439.29150000000004,2.030242211571373,14.706692913385783,2.3235000000000383,1
