stock1,stock2,trade_capital,open,loss,reward,open_num
1314,2867,100.4187,1.4616844455470226,11.091664599354965,0.1929500000000104,1
2371,3045,683.27355,1.8916951729380467,12.846636259977194,1.6735500000000343,1
2377,2412,583.2,1.8079859466287909,5.99999999999997,1.5242499999999808,1
2377,3231,204.58800000000002,1.4616844455470226,11.091664599354965,0.6752500000000197,1
2412,2454,739.619,1.8079859466287909,5.99999999999997,1.3052499999999725,1
2412,9910,379.1225,1.8079859466287909,5.99999999999997,0.8970000000000198,1
2454,9910,752.2682500000001,1.8079859466287909,5.99999999999997,0.7857500000000357,1
2881,3045,543.5175,2.9250000000000016,20.10344827586205,1.1337500000000205,1
