stock1,stock2,trade_capital,open,loss,reward,open_num
1476,2891,479.92100000000005,2.9250000000000016,20.10344827586205,1.5131250000000591,1
1314,1504,68.998075,1.8079859466287909,5.99999999999997,0.18757500000000604,1
2049,2303,267.598,1.8079859466287909,5.99999999999997,0.0980000000000203,1
2347,2474,433.84825,1.4616844455470226,11.091664599354965,-3.9017499999999643,1
2344,6116,19.892675,1.4616844455470226,11.091664599354965,-0.13092999999999932,1
4915,5871,123.1482,1.1433818417759427,7.290679890624436,0.1595000000000084,1
