stock1,stock2,trade_capital,open,loss,reward,open_num
2354,5880,146.97000000000003,1.1433818417759427,7.290679890624436,0.25430000000000064,1
2379,2881,339.6305,3.254488356362935,7.52294907720547,0.4517500000000041,1
2618,3034,182.925,1.1433818417759427,7.290679890624436,-1.0537499999999795,1
2618,3532,190.125,1.4616844455470226,11.091664599354965,-2.5634999999999764,1
3532,4904,512.2305,2.1048266865449103,22.69250838613482,0.7305000000000348,1
