stock1,stock2,trade_capital,open,loss,reward,open_num
1314,6269,252.0,1.4616844455470226,11.091664599354965,0.828125,1
1314,6456,267.09475,1.1433818417759427,7.290679890624436,0.5875000000000057,1
2002,6269,216.66750000000002,1.4616844455470226,11.091664599354965,0.4057500000000118,1
2201,6269,199.39175,1.4616844455470226,11.091664599354965,0.4342500000000058,1
2105,2890,106.14055,1.8079859466287909,5.99999999999997,0.14055000000000462,1
2409,2881,112.279875,1.9903685727286529,4.999999999999846,0.1736750000000029,1
2834,6176,113.798,1.8916951729380467,12.846636259977194,0.07112500000001631,1
2834,6456,249.09475,1.9903685727286529,4.999999999999846,-0.13212499999999494,1
6176,6269,622.1392500000001,1.4616844455470226,11.091664599354965,1.0167500000000587,1
