stock1,stock2,trade_capital,open,loss,reward,open_num
2408,2881,352.8585,1.4616844455470226,11.091664599354965,0.953249999999997,1
