stock1,stock2,trade_capital,open,loss,reward,open_num
1434,5880,147.2245,2.9250000000000016,20.10344827586205,-0.2343749999999858,1
1722,5880,126.45570000000001,1.4616844455470226,11.091664599354965,0.29607500000000186,1
2327,2618,424.632625,2.9250000000000016,20.10344827586205,4.048375000000007,1
2327,4938,585.45,1.4616844455470226,11.091664599354965,2.0197500000000446,1
2371,5880,114.93,2.9250000000000016,20.10344827586205,0.2577749999999952,1
2887,5880,92.47500000000001,2.9250000000000016,20.10344827586205,0.34512500000000124,1
3045,5880,188.163,2.9250000000000016,20.10344827586205,0.45375000000001364,1
3406,5880,276.075,2.9250000000000016,20.10344827586205,-0.4601249999999766,1
4943,5880,210.375,2.9250000000000016,20.10344827586205,0.14862500000000978,1
