stock1,stock2,trade_capital,open,loss,reward,open_num
2308,5880,204.9665,1.8079859466287909,5.99999999999997,0.42225000000001955,1
2330,3019,528.082,2.2011242403781104,9.193923024983164,1.1973500000000357,1
2330,3532,962.023,2.2011242403781104,9.193923024983164,2.4100000000001103,1
2330,5880,299.91650000000004,2.9250000000000016,20.10344827586205,0.7632500000000277,1
2327,2382,543.76775,1.1433818417759427,7.290679890624436,-9.85424999999995,1
2327,2892,416.2845,1.8079859466287909,5.99999999999997,-4.640124999999998,1
2498,2884,131.245475,2.9250000000000016,20.10344827586205,-1.0127749999999907,1
2498,2892,132.589625,1.9903685727286529,4.999999999999846,0.1453250000000068,1
2610,2881,93.31485,1.4616844455470226,11.091664599354965,-0.14730000000000132,1
2801,3231,34.651875000000004,2.1048266865449103,22.69250838613482,0.04517500000000396,1
2834,3231,121.6875,1.1433818417759427,7.290679890624436,0.2591250000000116,1
2834,3532,165.6215,1.4616844455470226,11.091664599354965,0.49312500000000625,1
2834,6414,255.48650000000004,1.1433818417759427,7.290679890624436,-0.14187499999997044,1
2834,9910,220.921625,1.1433818417759427,7.290679890624436,-0.10962499999999409,1
2891,5880,164.10649999999998,2.9250000000000016,20.10344827586205,0.39050000000001717,1
