stock1,stock2,trade_capital,open,loss,reward,open_num
1504,2492,545.37875,2.2011242403781104,9.193923024983164,1.1637500000000216,1
1504,2883,119.69000000000001,1.8079859466287909,5.99999999999997,0.3685000000000098,1
2409,4958,112.45500000000001,1.8079859466287909,5.99999999999997,-0.0376500000000064,1
2409,9933,103.650075,1.5278527918781692,16.150050761421287,0.1350750000000076,1
