stock1,stock2,trade_capital,open,loss,reward,open_num
1314,2618,54.4479,1.8079859466287909,5.99999999999997,0.11090000000001154,1
1314,3034,193.8605,0.6133408446003465,20.043565348022334,1.7003750000000153,1
1101,1605,110.871675,2.2011242403781104,9.193923024983164,-0.5781999999999954,1
2382,2618,118.39500000000001,2.2011242403781104,9.193923024983164,-0.5967249999999922,1
3406,3532,488.51775,2.9250000000000016,20.10344827586205,-3.7897499999999553,1
3443,6116,230.29575,1.8916951729380467,12.846636259977194,0.9991500000000002,1
4938,6456,183.51909999999998,5.022148337595906,22.808695652173878,0.011850000000009686,1
