stock1,stock2,trade_capital,open,loss,reward,open_num
1326,2834,158.625,1.4616844455470226,11.091664599354965,0.48450000000000415,1
2049,2823,427.108375,1.9903685727286529,4.999999999999846,-1.6416249999999764,1
2353,2377,221.80875,1.1433818417759427,7.290679890624436,0.40050000000000807,1
2379,2408,610.05,2.9250000000000016,20.10344827586205,2.031000000000006,1
2492,2890,335.76675,1.8079859466287909,5.99999999999997,-1.299749999999996,1
2885,2890,66.113425,1.8079859466287909,5.99999999999997,0.24102500000000227,1
2883,2886,36.7448,1.8079859466287909,5.99999999999997,0.04480000000000217,1
3532,4915,700.03875,2.2011242403781104,9.193923024983164,4.22270000000006,1
