stock1,stock2,trade_capital,open,loss,reward,open_num
2201,2834,55.8233,2.9250000000000016,20.10344827586205,0.04042000000000101,1
2303,2880,96.54860000000001,1.8079859466287909,5.99999999999997,0.14160000000001105,1
2345,2882,354.64000000000004,1.4616844455470226,11.091664599354965,-1.3438999999999623,1
2344,2412,390.405625,2.1048266865449103,22.69250838613482,0.8628750000000025,1
2412,6505,969.78,1.9903685727286529,4.999999999999846,2.958750000000066,1
2880,2884,99.668575,1.8079859466287909,5.99999999999997,0.3365750000000105,1
