stock1,stock2,trade_capital,open,loss,reward,open_num
1476,2356,495.446,1.9903685727286529,4.999999999999846,-0.762374999999949,1
2357,2448,364.365,2.9250000000000016,20.10344827586205,-0.5573499999999854,1
