stock1,stock2,trade_capital,open,loss,reward,open_num
2301,3443,423.23325,1.8079859466287909,5.99999999999997,2.834750000000014,1
2330,2439,1343.52375,2.9250000000000016,20.10344827586205,3.4547500000000184,1
2885,2890,91.37512500000001,1.4616844455470226,11.091664599354965,0.10645000000000948,1
2890,5871,147.670125,1.8079859466287909,5.99999999999997,-0.23662499999998232,1
