stock1,stock2,trade_capital,open,loss,reward,open_num
2303,9938,102.83487500000001,1.1433818417759427,7.290679890624436,0.18777500000000913,1
2354,2823,166.18880000000001,2.030242211571373,14.706692913385783,0.2324000000000055,1
2449,2880,162.24990000000003,1.9903685727286529,4.999999999999846,0.6425250000000204,1
2449,5880,162.72520000000003,1.4616844455470226,11.091664599354965,0.44170000000001153,1
2449,9938,150.014,2.9250000000000016,20.10344827586205,0.7670500000000118,1
2885,3682,61.62908,2.1048266865449103,22.69250838613482,0.1481800000000053,1
3406,3532,1385.544,1.1433818417759427,7.290679890624436,7.311500000000137,1
