stock1,stock2,trade_capital,open,loss,reward,open_num
1326,2881,453.5715,1.4616844455470226,11.091664599354965,-1.7184999999999775,1
1802,2303,80.10000000000001,1.4616844455470226,11.091664599354965,0.06620000000000203,1
2303,6456,241.40800000000002,1.5278527918781692,16.150050761421287,-0.12349999999999284,1
2379,2801,190.37825,2.2011242403781104,9.193923024983164,0.7007500000000135,1
2379,2892,202.94925,1.4616844455470226,11.091664599354965,0.4275000000000233,1
2801,6285,149.49,1.8079859466287909,5.99999999999997,0.2501000000000033,1
2885,2891,102.68565000000001,2.2011242403781104,9.193923024983164,0.1855250000000126,1
