stock1,stock2,trade_capital,open,loss,reward,open_num
1216,2356,172.544625,1.1433818417759427,7.290679890624436,-0.01947499999999991,1
2377,5880,158.012625,1.8079859466287909,5.99999999999997,0.11262500000000841,1
2356,4943,206.83462500000002,1.1433818417759427,7.290679890624436,0.4226250000000107,1
2492,5880,241.407,1.8079859466287909,5.99999999999997,0.8738750000000124,1
2812,6116,53.135999999999996,1.4616844455470226,11.091664599354965,0.06121500000000424,1
2884,3406,289.22875,1.8079859466287909,5.99999999999997,0.049625000000020236,1
2884,3443,291.725,1.5278527918781692,16.150050761421287,-1.4541249999999764,1
