stock1,stock2,trade_capital,open,loss,reward,open_num
1314,2330,318.271875,2.9250000000000016,20.10344827586205,0.5218750000000227,1
1319,1605,104.57510000000002,1.1433818417759427,7.290679890624436,0.23500000000000654,1
2352,2542,221.380625,2.030242211571373,14.706692913385783,0.1484750000000048,1
2412,3189,691.5446,1.8079859466287909,5.99999999999997,0.9771000000000072,1
2615,6456,274.0,3.254488356362935,7.52294907720547,1.806750000000008,1
2882,2885,121.02350000000001,4.2079168858495475,14.57469752761706,-0.09020000000000294,1
2890,3532,143.61042,2.1048266865449103,22.69250838613482,-0.31282999999999106,1
