stock1,stock2,trade_capital,open,loss,reward,open_num
1314,2449,82.485,1.1433818417759427,7.290679890624436,0.16207500000000863,1
1314,2880,70.41195,2.030242211571373,14.706692913385783,0.13885000000001213,1
1909,3481,81.346125,1.8916951729380467,12.846636259977194,0.4240750000000091,1
2317,2880,160.63725,2.9250000000000016,20.10344827586205,0.44650000000000034,1
3045,6176,587.973,1.4616844455470226,11.091664599354965,0.5722500000000537,1
