stock1,stock2,trade_capital,open,loss,reward,open_num
1314,9945,96.32862500000002,1.1433818417759427,7.290679890624436,0.10000000000000853,1
2308,3481,156.26600000000002,1.4616844455470226,11.091664599354965,0.49800000000001177,1
2301,3481,69.74545,1.8079859466287909,5.99999999999997,0.04005000000000081,1
2371,3481,77.786,1.5278527918781692,16.150050761421287,0.12955000000000538,1
2492,6176,362.68905,1.4616844455470226,11.091664599354965,-2.6681999999999846,1
2542,5871,329.505,1.8079859466287909,5.99999999999997,0.5050000000000239,1
2882,2888,153.219625,2.9250000000000016,20.10344827586205,0.6036250000000081,1
2890,6285,115.7405,2.2011242403781104,9.193923024983164,-0.08434999999998638,1
