stock1,stock2,model_type,w1,w2,pval,snr,mu,stdev,skewness,Emu,Estd,action
2303,5871,model3,-0.8881637423359922,0.1118362576640078,0.05458891629462387,0.2834049411981601,-1.7985542255494786,0.0021254107557941524,0.7599845138031469,-1.7989795245247215,0.001913521478866936,24
