stock1,stock2,model_type,w1,w2,pval,snr,mu,stdev,skewness,Emu,Estd,action
2313,2890,model3,0.3826449662092436,0.6173550337907564,0.05752293835213367,0.26675633335860593,2.41683056169282,0.0011022974801609424,0.1082245485487184,2.4166117851363804,0.0009478803566527717,16
2890,9945,model3,-0.7478732600712062,0.2521267399287937,0.11206208734583543,0.40633335310914814,-0.6713825607255668,0.0007268016394860815,-0.117756758931349,-0.6713116573256314,0.0007089461993224414,24
