stock1,stock2,model_type,w1,w2,pval,snr,mu,stdev,skewness,Emu,Estd,action
1102,2888,model3,-0.907035064855118,-0.09296493514488192,0.07004985956444773,0.5390456606112844,-3.064331435205958,0.0010184069257809807,-0.4967393313432774,-3.064321917872662,0.0010163283219082923,24
