stock1,stock2,model_type,w1,w2,pval,snr,mu,stdev,skewness,Emu,Estd,action
2352,2610,model3,-0.8925865909687666,0.10741340903123332,0.07322224482101139,0.3684690154614524,-2.056972446213136,0.0021998427995529608,-0.5591095954632885,-2.0571707230285448,0.0020801875222694133,24
2352,2888,model2,-0.9574826723457086,0.04251732765429137,0.001,0.377375062588111,-2.383204874755046,0.002327868417715712,-0.6907280457200652,-2.3832402664107017,0.0023247749743778552,0
2610,2888,model3,0.6101664179297069,0.38983358207029306,0.05781897232107994,0.3185160775088265,2.1205449876927243,0.0006937801980876556,-0.2783914619980745,2.120490072303766,0.0007088633463196169,10
2610,3702,model3,-0.6753271281199031,0.3246728718800969,0.053745826049478106,0.6822483381798771,-0.3456879582176685,0.000543270188818795,0.26024622572846673,-0.3456742613502348,0.0005502850715344939,24
