stock1,stock2,model_type,w1,w2,pval,snr,mu,stdev,skewness,Emu,Estd,action
2881,4904,model3,-0.8579286889565186,0.1420713110434814,0.10220048218845766,0.9933284845375684,-2.682109986659192,0.00045241023574989783,-0.10754967159175242,-2.6821122713032746,0.0004564872101597071,13
