stock1,stock2,model_type,w1,w2,pval,snr,mu,stdev,skewness,Emu,Estd,action
1301,2883,model3,-0.3642758947125652,0.6357241052874348,0.2354775098986928,1.1551532077148217,-0.28016630605088466,0.0004802909399595541,0.12631244736615516,-0.2801705102701761,0.0004809669450250031,9
1301,3481,model3,-0.2682345814735157,0.7317654185264842,0.15837461901524785,0.5614262236297806,0.48859414546535296,0.0005517547847346478,0.09974486495420183,0.4885648865013778,0.0005351237109383904,15
2408,2542,model2,-0.0001958207992329801,0.9998041792007668,0.001,0.3886472622625565,3.951650218643067,0.001428787817769572,0.3384665269744058,3.9515368286338246,0.0013554878039386564,3
2408,2883,model3,-0.5232953070882804,0.4767046929117197,0.04663433574359186,0.7371969416913523,-0.9272880627895964,0.0005003135605142872,0.4246210984720603,-0.9273014588112228,0.0005052884544450381,4
2408,3481,model3,-0.4265971905819719,0.5734028094180281,0.025235437566221992,0.44340787433399065,-0.25619056442239696,0.0005896749395265242,0.28978977654724913,-0.25622700552079425,0.000586009391971774,14
2542,3481,model3,-0.6271543743945555,-0.3728456256054445,0.017431809776517596,0.43752460697465184,-3.3229143104492405,0.0009450441706511133,-0.6210770157774458,-3.322817364938284,0.0008549039015621555,24
2883,3481,model3,-0.4043998464468116,0.5956001535531884,0.053495920284187606,0.8931077650253206,0.5175737361786193,0.0004638151317983423,0.3632430864010594,0.5175612631297932,0.00045926498104452684,16
2882,3481,model3,-0.5545639072321225,0.4454360927678776,0.0295748809951022,0.42371261524676296,-1.0053025682828247,0.0005745916029580683,-0.1982108036448215,-1.0053115413333826,0.000577013934640553,0
