stock1,stock2,trade_capital,open,loss,reward,open_num
1216,2395,391.95120000000003,2.9250000000000016,20.10344827586205,-1.6212999999999909,1
1802,2395,305.332,2.9250000000000016,20.10344827586205,0.25950000000001694,1
1802,2883,52.571025000000006,2.9250000000000016,20.10344827586205,0.02102500000000518,1
1802,2890,65.79140000000001,2.9250000000000016,20.10344827586205,0.09372499999999917,1
1802,3406,355.08162500000003,4.2079168858495475,14.57469752761706,10.161625000000043,1
1802,3673,187.162,2.9250000000000016,20.10344827586205,0.5563000000000073,1
2105,2883,97.293875,2.9250000000000016,20.10344827586205,0.246325000000013,1
2376,2454,480.50425,2.9250000000000016,20.10344827586205,-0.7531499999999767,1
2371,2883,65.4774,2.9250000000000016,20.10344827586205,0.1469499999999968,1
