stock1,stock2,trade_capital,open,loss,reward,open_num
1319,1536,291.340125,1.4616844455470226,11.091664599354965,0.04362500000002001,1
1301,6176,574.01625,0.6133408446003465,20.043565348022334,1.3262500000000443,1
1216,2880,152.03855000000001,2.9250000000000016,20.10344827586205,0.25805000000001144,1
1434,3231,164.7384,2.9250000000000016,20.10344827586205,-0.5627999999999673,1
1536,3231,215.77625,1.1433818417759427,7.290679890624436,0.6621250000000174,1
1477,2385,444.65375000000006,2.9250000000000016,20.10344827586205,1.8070000000000448,1
2308,3406,1012.1325,1.1433818417759427,7.290679890624436,1.917500000000075,1
2308,3673,261.64650000000006,1.4616844455470226,11.091664599354965,-1.4633249999999975,1
2324,2867,125.46000000000001,1.4616844455470226,11.091664599354965,0.24022500000001656,1
2324,2884,87.70327500000002,2.9250000000000016,20.10344827586205,-0.33747499999999775,1
2324,2885,134.4727,1.8079859466287909,5.99999999999997,0.4863250000000079,1
2383,6285,246.14730000000003,1.1433818417759427,7.290679890624436,-3.4802499999999696,1
2385,2867,120.5109,1.4616844455470226,11.091664599354965,0.3585250000000073,1
2385,2880,137.26075,2.9250000000000016,20.10344827586205,0.38025000000000375,1
2385,2882,336.8465,2.9250000000000016,20.10344827586205,-0.14187499999998465,1
2439,2882,363.6855,1.4616844455470226,11.091664599354965,0.9322500000000105,1
2449,2888,110.35455,1.4616844455470226,11.091664599354965,0.170300000000001,1
2474,3008,4734.9825,1.4616844455470226,11.091664599354965,5.153750000000173,1
2633,2867,91.65425,0.6133408446003465,20.043565348022334,0.5015000000000001,1
2633,3406,336.570875,1.1433818417759427,7.290679890624436,-1.0336249999999723,1
2823,4904,124.11225,2.9250000000000016,20.10344827586205,0.1024500000000117,1
2867,3231,73.19005,1.4616844455470226,11.091664599354965,0.14005000000000578,1
2885,2892,101.025,2.9250000000000016,20.10344827586205,0.08125000000000071,1
3406,3673,425.64250000000004,1.4616844455470226,11.091664599354965,0.8235000000000241,1
