stock1,stock2,trade_capital,open,loss,reward,open_num
1590,2888,362.25,0.6133408446003465,20.043565348022334,-2.10149999999998,1
1590,3532,921.481,0.6133408446003465,20.043565348022334,6.013500000000022,1
2330,3406,1479.245,2.9250000000000016,20.10344827586205,-32.24849999999998,1
2353,2448,56.00535000000001,2.9250000000000016,20.10344827586205,-1.1377500000000005,1
2409,3481,84.452875,2.9250000000000016,20.10344827586205,0.2700250000000075,1
2880,2883,104.29950000000001,1.1433818417759427,7.290679890624436,0.23530000000000229,1
2888,5264,118.916,1.1433818417759427,7.290679890624436,0.31100000000001415,1
2892,3406,510.84775,2.9250000000000016,20.10344827586205,-25.04799999999996,1
