stock1,stock2,trade_capital,open,loss,reward,open_num
1102,1216,163.4379,1.1433818417759427,7.290679890624436,-1.0554499999999791,1
1102,2344,100.020375,1.1433818417759427,7.290679890624436,0.14467499999999944,1
1102,2610,114.419375,1.1433818417759427,7.290679890624436,0.16797499999999843,1
1102,8464,395.99649999999997,1.4616844455470226,11.091664599354965,-0.633749999999992,1
2002,2324,96.07057499999999,2.9250000000000016,20.10344827586205,0.19827499999999532,1
2002,2881,205.569625,2.9250000000000016,20.10344827586205,-0.2230249999999927,1
2049,2344,282.945375,1.1433818417759427,7.290679890624436,0.28912500000001273,1
2049,2888,279.84450000000004,1.4616844455470226,11.091664599354965,-0.6271999999999736,1
2313,2888,47.28382500000001,2.9250000000000016,20.10344827586205,-0.23519500000000093,1
2324,2344,102.910575,1.1433818417759427,7.290679890624436,0.18687499999998636,1
2324,2492,233.467625,1.1433818417759427,7.290679890624436,-0.12462499999998045,1
2324,2881,130.957625,2.9250000000000016,20.10344827586205,0.3461500000000015,1
2324,2884,89.5308,2.9250000000000016,20.10344827586205,0.20915000000000106,1
2324,3702,153.81762500000002,2.9250000000000016,20.10344827586205,0.2581250000000068,1
2324,5880,33.553525,2.9250000000000016,20.10344827586205,0.09690000000000154,1
2354,2884,321.994,1.4616844455470226,11.091664599354965,0.513250000000042,1
2354,3443,483.04475,1.4616844455470226,11.091664599354965,0.2440000000000282,1
2344,3231,76.167225,1.4616844455470226,11.091664599354965,0.1297749999999951,1
2344,4943,177.48337500000002,0.6133408446003465,20.043565348022334,0.7333750000000094,1
2344,6239,136.744575,0.6133408446003465,20.043565348022334,0.04457500000000891,1
2492,2603,216.28425000000001,1.4616844455470226,11.091664599354965,-4.084499999999991,1
2542,2884,101.64525,2.9250000000000016,20.10344827586205,0.28777500000001766,1
2610,5871,145.40390000000002,1.1433818417759427,7.290679890624436,0.2232750000000152,1
2812,4943,148.37312500000002,0.6133408446003465,20.043565348022334,0.01112500000001404,1
