stock1,stock2,trade_capital,open,loss,reward,open_num
1326,3231,210.60000000000002,2.9250000000000016,20.10344827586205,0.647500000000008,1
1402,2610,85.29095000000001,2.9250000000000016,20.10344827586205,0.266050000000007,1
2324,5264,206.388,1.1433818417759427,7.290679890624436,0.9222500000000196,1
2303,2492,161.85555,0.6133408446003465,20.043565348022334,-2.6028249999999957,1
2376,6116,123.31175000000002,1.4616844455470226,11.091664599354965,0.8061250000000086,1
2377,2379,651.6,0.6133408446003465,20.043565348022334,1.9095000000000937,1
2409,5264,173.46075000000002,0.6133408446003465,20.043565348022334,-0.021499999999988972,1
2492,3231,195.3,2.9250000000000016,20.10344827586205,1.5716500000000053,1
2881,3443,562.05,1.1433818417759427,7.290679890624436,2.058750000000032,1
2881,6116,91.1558,1.4616844455470226,11.091664599354965,0.05509999999999593,1
2885,3034,187.489,2.9250000000000016,20.10344827586205,0.45750000000001023,1
2885,3189,115.69685000000001,2.9250000000000016,20.10344827586205,0.2653500000000122,1
2885,3443,419.64025000000004,2.9250000000000016,20.10344827586205,0.608750000000029,1
2885,3481,78.00347500000001,2.9250000000000016,20.10344827586205,0.12197500000000439,1
2885,4958,124.695,2.9250000000000016,20.10344827586205,0.3413500000000056,1
2885,5264,173.01075,2.9250000000000016,20.10344827586205,-0.020749999999992497,1
3189,3443,591.51225,1.4616844455470226,11.091664599354965,-2.426249999999925,1
