stock1,stock2,trade_capital,open,loss,reward,open_num
1303,3532,416.392,1.4616844455470226,11.091664599354965,-0.776199999999946,1
2301,2633,129.3266,2.9250000000000016,20.10344827586205,0.23970000000000624,1
2327,6269,1104.2165,1.1433818417759427,7.290679890624436,3.2697500000000446,1
2344,2881,128.255875,0.6133408446003465,20.043565348022334,-0.100324999999998,1
2344,6176,259.475875,1.4616844455470226,11.091664599354965,0.38067499999999654,1
2353,2454,345.01700000000005,1.4616844455470226,11.091664599354965,-0.5542499999999677,1
2353,3019,193.907,1.4616844455470226,11.091664599354965,0.2967000000000155,1
2353,6456,298.217,1.4616844455470226,11.091664599354965,0.023000000000024556,1
2439,3532,541.6862500000001,2.9250000000000016,20.10344827586205,-4.313749999999956,1
2633,5880,41.51785,2.9250000000000016,20.10344827586205,0.03370000000000317,1
