stock1,stock2,trade_capital,open,loss,reward,open_num
1319,2049,311.175,9.98977440750324,24.99573317561555,2.8263500000000406,1
1319,2610,77.47216,2.9250000000000016,20.10344827586205,0.21706000000000358,1
1504,2049,373.05,9.98977440750324,24.99573317561555,3.122625000000042,1
1504,2345,192.6,1.1433818417759427,7.290679890624436,0.6775000000000233,1
1504,2382,208.561625,2.9250000000000016,20.10344827586205,-0.23007499999999936,1
1504,2474,441.03162499999996,2.9250000000000016,20.10344827586205,0.7803750000000207,1
1504,2882,92.08265,2.9250000000000016,20.10344827586205,-0.14639999999999276,1
2049,2204,399.6,9.98977440750324,24.99573317561555,6.323500000000024,1
2049,2344,373.70300000000003,2.9250000000000016,20.10344827586205,-2.1052499999999554,1
2049,2884,387.586875,2.9250000000000016,20.10344827586205,-4.871374999999958,1
2049,6505,864.065,2.9250000000000016,20.10344827586205,-13.843249999999955,1
2105,2308,507.70912500000003,2.9250000000000016,20.10344827586205,1.1888750000000528,1
2303,2610,79.6277,1.8079859466287909,5.99999999999997,0.1752000000000109,1
2303,4958,116.48120000000002,1.1433818417759427,7.290679890624436,-1.2325499999999892,1
2308,9933,318.6,2.9250000000000016,20.10344827586205,0.9667500000000189,1
2344,2884,143.866875,2.9250000000000016,20.10344827586205,0.12792500000000473,1
2344,3443,402.45325,2.9250000000000016,20.10344827586205,2.1305000000000263,1
2344,6116,61.119749999999996,2.9250000000000016,20.10344827586205,0.05535000000000778,1
2356,2834,30.76063,2.9250000000000016,20.10344827586205,0.05015500000000017,1
2356,2892,161.865,2.9250000000000016,20.10344827586205,0.3293250000000185,1
2356,3532,254.25225,2.9250000000000016,20.10344827586205,0.5998750000000115,1
2474,6505,804.686,1.1433818417759427,7.290679890624436,2.737000000000023,1
2474,9938,653.05025,1.4616844455470226,11.091664599354965,-0.5304999999999609,1
2610,2886,33.825555,2.9250000000000016,20.10344827586205,0.045055000000003176,1
2882,4958,374.2427,2.9250000000000016,20.10344827586205,-1.8025499999999965,1
2886,6505,240.0965,1.1433818417759427,7.290679890624436,0.6193750000000051,1
3443,6505,876.7075000000001,2.9250000000000016,20.10344827586205,5.1342500000000655,1
3481,6505,168.49725,2.9250000000000016,20.10344827586205,0.48825000000001495,1
4958,6505,656.2075000000001,0.6133408446003465,20.043565348022334,1.4041500000000866,1
3706,6505,386.47950000000003,0.6133408446003465,20.043565348022334,0.9144750000000457,1
