stock1,stock2,trade_capital,open,loss,reward,open_num
1303,2439,196.87865000000002,0.6133408446003465,20.043565348022334,-0.6140999999999792,1
1303,3019,594.4573,1.1433818417759427,7.290679890624436,-6.055949999999939,1
1216,2439,697.7750000000001,1.1433818417759427,7.290679890624436,-2.103249999999946,1
1477,3406,747.27225,0.6133408446003465,20.043565348022334,2.320250000000044,1
2330,3019,487.20950000000005,1.1433818417759427,7.290679890624436,-4.968450000000047,1
2354,3019,552.9108000000001,1.1433818417759427,7.290679890624436,-3.4671500000000037,1
2412,2891,163.554375,1.4616844455470226,11.091664599354965,0.23712500000000603,1
2439,3019,520.7,0.6133408446003465,20.043565348022334,0.7739500000000703,1
2439,3406,949.1995,0.6133408446003465,20.043565348022334,3.4782500000000596,1
2439,3532,694.82825,1.1433818417759427,7.290679890624436,-4.135499999999993,1
2823,3406,485.21187499999996,2.9250000000000016,20.10344827586205,-11.26612499999996,1
2834,3019,131.43302500000001,1.1433818417759427,7.290679890624436,-1.559624999999997,1
2883,2885,90.987675,1.4616844455470226,11.091664599354965,0.10480000000000445,1
2891,3406,463.57225,0.6133408446003465,20.043565348022334,2.7878749999999997,1
3019,3231,205.741125,1.1433818417759427,7.290679890624436,0.3268250000000137,1
3019,3406,800.2002500000001,0.6133408446003465,20.043565348022334,3.2310000000000514,1
