stock1,stock2,trade_capital,open,loss,reward,open_num
1102,1909,83.52000000000001,1.1433818417759427,7.290679890624436,0.060499999999997556,1
1102,2454,1466.73,1.1433818417759427,7.290679890624436,-4.341699999999804,1
1102,9945,86.55785,1.4616844455470226,11.091664599354965,-0.6390499999999939,1
1303,2801,156.3041,1.4616844455470226,11.091664599354965,0.2519750000000158,1
1303,2915,554.0658000000001,2.9250000000000016,20.10344827586205,-0.4704499999999143,1
2311,5880,112.59,1.4616844455470226,11.091664599354965,0.11190000000000566,1
2345,2834,152.844,1.4616844455470226,11.091664599354965,1.2639750000000092,1
2356,2371,162.794125,1.4616844455470226,11.091664599354965,0.09777500000001282,1
2360,2915,345.16,1.4616844455470226,11.091664599354965,0.350400000000036,1
2377,2882,349.5405,2.9250000000000016,20.10344827586205,-0.23819999999997776,1
2354,2356,404.24375000000003,2.9250000000000016,20.10344827586205,0.4949500000000029,1
2371,2498,187.80525,2.9250000000000016,20.10344827586205,-1.448049999999995,1
2454,2801,379.86825,1.4616844455470226,11.091664599354965,-0.5838749999999919,1
2542,4915,357.4855,2.9250000000000016,20.10344827586205,0.28990000000001714,1
2610,2880,121.01820000000001,2.9250000000000016,20.10344827586205,0.21820000000001016,1
2610,2882,80.14500000000001,2.9250000000000016,20.10344827586205,0.21589999999999776,1
2610,2892,40.909775,1.4616844455470226,11.091664599354965,0.08497500000000002,1
2610,2915,109.685225,1.1433818417759427,7.290679890624436,0.08522500000000832,1
2610,5880,97.51500000000001,1.4616844455470226,11.091664599354965,0.1869500000000066,1
2610,6505,175.98562500000003,1.1433818417759427,7.290679890624436,0.23562500000001307,1
2610,9914,180.7815,2.9250000000000016,20.10344827586205,0.9695000000000036,1
2888,2915,105.52260000000001,2.9250000000000016,20.10344827586205,-0.06739999999999213,1
2888,5871,152.05270000000002,2.9250000000000016,20.10344827586205,-0.1372999999999891,1
2888,6505,171.823,2.9250000000000016,20.10344827586205,0.2330000000000112,1
2888,9945,86.50117499999999,2.9250000000000016,20.10344827586205,0.11117500000000291,1
3532,9945,282.0055,1.1433818417759427,7.290679890624436,-0.6909999999999741,1
6505,9945,177.00225,2.9250000000000016,20.10344827586205,0.6246000000000009,1
