stock1,stock2,trade_capital,open,loss,reward,open_num
1605,1722,176.597525,2.9250000000000016,20.10344827586205,-0.29077499999998935,1
1605,3044,186.927625,1.1433818417759427,7.290679890624436,1.155175000000014,1
2823,6269,194.70285,1.4616844455470226,11.091664599354965,0.3408500000000316,1
3231,4904,164.7,2.9250000000000016,20.10344827586205,0.17482500000001266,1
