stock1,stock2,trade_capital,open,loss,reward,open_num
1326,2330,906.147,4.2079168858495475,14.57469752761706,0.10500000000001819,1
1301,2890,155.763,1.4616844455470226,11.091664599354965,0.5077500000000086,1
1723,2449,288.38275,1.1433818417759427,7.290679890624436,1.045125000000013,1
2002,9945,85.14,2.9250000000000016,20.10344827586205,-0.24174999999998903,1
2313,2327,924.2405,1.8079859466287909,5.99999999999997,-17.985000000000014,1
2313,5871,224.10000000000002,1.1433818417759427,7.290679890624436,0.32544999999998936,1
2327,6414,3109.3525000000004,1.4616844455470226,11.091664599354965,2.2105000000003656,1
2330,2809,384.237125,2.9250000000000016,20.10344827586205,1.1361250000000211,1
2344,3406,461.40725000000003,2.9250000000000016,20.10344827586205,1.0427500000000123,1
2344,6285,132.40115000000003,2.9250000000000016,20.10344827586205,-0.3098499999999831,1
2352,3406,470.40725000000003,2.9250000000000016,20.10344827586205,2.5277500000000117,1
2354,9945,236.8342,2.9250000000000016,20.10344827586205,-0.38204999999997824,1
2382,6456,429.90025,1.4616844455470226,11.091664599354965,0.3265000000000384,1
2409,2449,154.218325,1.4616844455470226,11.091664599354965,0.21832499999999655,1
2449,2885,154.497375,1.1433818417759427,7.290679890624436,0.2657749999999979,1
2885,6505,185.991625,1.1433818417759427,7.290679890624436,-1.2966249999999917,1
2886,2890,150.812375,2.9250000000000016,20.10344827586205,-0.22972499999998774,1
2886,3045,238.89112500000002,2.9250000000000016,20.10344827586205,0.3911250000000166,1
2915,5871,401.39700000000005,1.1433818417759427,7.290679890624436,0.3970000000000198,1
6456,6505,1253.8275,0.6133408446003465,20.043565348022334,3.0605000000000473,1
