stock1,stock2,trade_capital,open,loss,reward,open_num
1301,1722,217.66425000000004,1.4616844455470226,11.091664599354965,0.15372500000000855,1
1301,2633,184.31925,1.4616844455470226,11.091664599354965,0.35907499999999004,1
1301,2886,218.02425,2.9250000000000016,20.10344827586205,0.4027500000000259,1
2002,2324,39.52415,1.4616844455470226,11.091664599354965,0.037974999999999426,1
2049,2308,1216.2510000000002,1.1433818417759427,7.290679890624436,0.5785000000000764,1
2049,3481,245.025,0.6133408446003465,20.043565348022334,-0.15874999999999773,1
2308,6176,837.4045000000001,1.4616844455470226,11.091664599354965,-7.321499999999958,1
2308,6285,254.6331,1.4616844455470226,11.091664599354965,-2.098399999999998,1
2301,2308,261.0555,1.1433818417759427,7.290679890624436,0.2848000000000326,1
2301,2890,88.184375,1.1433818417759427,7.290679890624436,0.111850000000004,1
2313,2610,122.78450000000001,1.4616844455470226,11.091664599354965,0.25762500000001154,1
2313,2633,152.085625,1.4616844455470226,11.091664599354965,0.21202500000000413,1
2313,2881,102.61837500000001,1.4616844455470226,11.091664599354965,0.13845000000000596,1
2313,2886,42.706199999999995,1.4616844455470226,11.091664599354965,-0.0680999999999976,1
2313,2890,60.215500000000006,1.4616844455470226,11.091664599354965,0.1566250000000089,1
2313,4904,162.975625,1.4616844455470226,11.091664599354965,0.09402500000001623,1
2313,4915,93.12797499999999,1.1433818417759427,7.290679890624436,0.25112500000001603,1
2313,5880,51.171125,2.9250000000000016,20.10344827586205,0.11772500000000719,1
2313,6505,198.05525,1.4616844455470226,11.091664599354965,0.18575000000001296,1
2344,2890,62.3287,0.6133408446003465,20.043565348022334,0.1980750000000011,1
2409,3532,185.721,1.1433818417759427,7.290679890624436,0.47100000000000364,1
2412,2886,585.9431,2.9250000000000016,20.10344827586205,1.3368500000000267,1
2412,4904,459.38855,2.9250000000000016,20.10344827586205,1.143550000000019,1
2633,4904,289.1259,1.8079859466287909,5.99999999999997,0.641900000000021,1
2881,6505,337.6055,1.4616844455470226,11.091664599354965,0.45587500000002024,1
2884,2888,67.9041,2.9250000000000016,20.10344827586205,0.14170000000000016,1
2886,4904,192.26295,2.9250000000000016,20.10344827586205,0.2414500000000146,1
3045,5880,189.71,2.9250000000000016,20.10344827586205,0.95150000000001,1
