stock1,stock2,trade_capital,open,loss,reward,open_num
1326,2610,154.26725000000002,1.4616844455470226,11.091664599354965,0.26267000000001417,1
1303,3019,304.32030000000003,2.9250000000000016,20.10344827586205,0.30500000000002103,1
2337,3532,262.63125,1.4616844455470226,11.091664599354965,0.5792500000000302,1
2354,4915,563.1326,1.1433818417759427,7.290679890624436,-1.1851499999999646,1
2885,3532,182.13049999999998,2.9250000000000016,20.10344827586205,0.7142500000000069,1
3532,4915,476.6625,1.1433818417759427,7.290679890624436,-2.2552499999999895,1
