stock1,stock2,trade_capital,open,loss,reward,open_num
1326,5871,300.6,2.9250000000000016,20.10344827586205,0.99675000000002,1
1301,3189,365.55150000000003,2.9250000000000016,20.10344827586205,1.426700000000011,1
1301,5871,854.1,2.9250000000000016,20.10344827586205,5.066750000000013,1
1102,2352,181.35500000000002,1.4616844455470226,11.091664599354965,0.06050000000000466,1
1303,5871,318.42,2.9250000000000016,20.10344827586205,0.5676500000000146,1
2303,2454,326.013125,2.9250000000000016,20.10344827586205,0.7201250000000385,1
2303,3189,145.781,1.4616844455470226,11.091664599354965,0.2810000000000059,1
2303,5871,183.813125,2.9250000000000016,20.10344827586205,0.9571250000000191,1
2356,2610,92.028,2.9250000000000016,20.10344827586205,0.05435000000000656,1
2412,4904,536.9335,2.9250000000000016,20.10344827586205,0.6390000000000384,1
2412,5871,940.08775,1.4616844455470226,11.091664599354965,1.0877500000000282,1
2492,6505,895.5,0.6133408446003465,20.043565348022334,8.492500000000064,1
3231,9938,141.57,2.9250000000000016,20.10344827586205,0.2633000000000152,1
3481,4904,129.655225,1.1433818417759427,7.290679890624436,-0.044774999999994236,1
3481,5871,149.864125,1.1433818417759427,7.290679890624436,0.5088750000000104,1
