stock1,stock2,trade_capital,open,loss,reward,open_num
1504,3532,260.447,1.4616844455470226,11.091664599354965,0.84050000000002,1
1722,2454,521.7815,2.9250000000000016,20.10344827586205,-2.3141249999999616,1
1722,3481,214.84924999999998,2.9250000000000016,20.10344827586205,-0.6972499999999826,1
1536,3406,739.99125,1.4616844455470226,11.091664599354965,1.344250000000045,1
1909,2303,62.42550000000001,2.9250000000000016,20.10344827586205,-0.24809999999999377,1
1909,2371,171.0266,1.4616844455470226,11.091664599354965,0.17534999999999457,1
2049,2330,1436.86925,1.4616844455470226,11.091664599354965,0.1705000000000041,1
2049,2371,525.8935,1.4616844455470226,11.091664599354965,1.1918750000000529,1
2324,2371,41.075,2.9250000000000016,20.10344827586205,0.08467500000000427,1
2347,2454,498.2465,2.9250000000000016,20.10344827586205,0.9233000000000402,1
2347,2823,193.82920000000001,2.9250000000000016,20.10344827586205,-0.5649249999999952,1
2347,3481,78.68055000000001,2.9250000000000016,20.10344827586205,0.12467499999999632,1
2327,2801,1309.155,1.1433818417759427,7.290679890624436,13.019999999999982,1
2327,2885,1288.6375,1.1433818417759427,7.290679890624436,3.3030000000001394,1
2327,3406,4561.325000000001,2.9250000000000016,20.10344827586205,32.78500000000031,1
2330,3481,263.559625,1.4616844455470226,11.091664599354965,0.5691250000000139,1
2354,3406,809.8695,1.4616844455470226,11.091664599354965,0.71225000000004,1
2371,2885,35.633175,1.4616844455470226,11.091664599354965,0.04292500000000388,1
2371,3406,575.31925,1.4616844455470226,11.091664599354965,-1.3823749999999535,1
2382,2823,202.616,2.9250000000000016,20.10344827586205,-0.5781249999999929,1
2449,2823,87.63650000000001,2.9250000000000016,20.10344827586205,-0.2911500000000089,1
2454,2887,395.05725,2.9250000000000016,20.10344827586205,-1.6045000000000016,1
2454,3673,448.3865,2.9250000000000016,20.10344827586205,1.006400000000042,1
2542,3532,325.4153,1.1433818417759427,7.290679890624436,0.48730000000003315,1
2867,2885,111.68222500000002,1.4616844455470226,11.091664599354965,0.18222500000000963,1
2885,3406,535.5435,1.1433818417759427,7.290679890624436,-1.0656249999999403,1
2885,3532,216.52275,1.1433818417759427,7.290679890624436,0.41362500000001035,1
2881,3481,60.371775,2.9250000000000016,20.10344827586205,0.10122500000000656,1
2881,6176,444.94725000000005,1.4616844455470226,11.091664599354965,0.6020500000000197,1
3481,3673,120.25925000000001,2.9250000000000016,20.10344827586205,-0.3399000000000001,1
