stock1,stock2,trade_capital,open,loss,reward,open_num
1434,1536,304.34225000000004,2.9250000000000016,20.10344827586205,0.7651250000000118,1
1434,2327,637.8412500000001,2.9250000000000016,20.10344827586205,5.764125000000064,1
1536,2303,195.75,1.1433818417759427,7.290679890624436,-0.07662500000000705,1
1536,2337,193.77000000000004,1.1433818417759427,7.290679890624436,-1.7707750000000004,1
1536,3034,901.8000000000001,1.4616844455470226,11.091664599354965,1.9917500000000246,1
1536,4938,661.1400000000001,1.1433818417759427,7.290679890624436,1.4942000000000348,1
2049,5871,743.613,0.6133408446003465,20.043565348022334,1.2992499999999723,1
2303,2313,79.245,2.9250000000000016,20.10344827586205,0.21740000000000137,1
2303,2633,99.75695000000002,1.4616844455470226,11.091664599354965,0.0880749999999999,1
2303,2891,93.86580000000001,1.4616844455470226,11.091664599354965,0.296550000000007,1
2303,2912,429.06225000000006,1.4616844455470226,11.091664599354965,-0.4066249999999627,1
2303,3034,218.37875000000003,1.4616844455470226,11.091664599354965,0.40987499999999955,1
2324,2492,280.35,2.9250000000000016,20.10344827586205,-1.4657499999999857,1
2313,5880,55.71,1.4616844455470226,11.091664599354965,0.056925000000006776,1
2327,2492,862.8905,2.9250000000000016,20.10344827586205,1.6440000000000055,1
2633,3034,511.9272,1.4616844455470226,11.091664599354965,0.6634500000000116,1
2880,3034,224.66125,1.4616844455470226,11.091664599354965,0.39000000000000057,1
5880,6456,207.1605,2.9250000000000016,20.10344827586205,0.6692500000000052,1
