stock1,stock2,trade_capital,open,loss,reward,open_num
1314,2409,24.925875,1.4616844455470226,11.091664599354965,0.060475000000002055,1
1536,9933,324.7521,1.4616844455470226,11.091664599354965,0.3906000000000063,1
2317,9933,133.58665000000002,2.9250000000000016,20.10344827586205,0.0919500000000184,1
2360,2408,783.55825,2.9250000000000016,20.10344827586205,-2.2262499999999363,1
