stock1,stock2,trade_capital,open,loss,reward,open_num
1301,9914,692.55,2.9250000000000016,20.10344827586205,2.34050000000002,1
1434,3406,376.098,1.4616844455470226,11.091664599354965,-0.09924999999995521,1
1434,5880,123.364675,2.9250000000000016,20.10344827586205,0.41467500000000257,1
1605,2409,40.05,2.9250000000000016,20.10344827586205,-0.2165249999999972,1
1536,1605,219.84750000000003,2.9250000000000016,20.10344827586205,1.1557500000000118,1
2324,3044,165.82190000000003,2.9250000000000016,20.10344827586205,-0.11272499999998331,1
2354,2439,527.4000000000001,2.9250000000000016,20.10344827586205,-4.373749999999973,1
2354,6505,530.91,2.9250000000000016,20.10344827586205,-0.9846999999999468,1
2345,2492,724.4117500000001,0.6133408446003465,20.043565348022334,1.411750000000069,1
2345,2603,547.1675,1.1433818417759427,7.290679890624436,4.322375000000086,1
2345,3231,265.051825,0.6133408446003465,20.043565348022334,0.6018250000000265,1
2345,4943,603.45,0.6133408446003465,20.043565348022334,1.4905000000000541,1
2439,4904,445.95,2.9250000000000016,20.10344827586205,0.7545000000000357,1
2439,4938,316.71000000000004,1.1433818417759427,7.290679890624436,-2.325150000000008,1
2439,5880,202.05,2.9250000000000016,20.10344827586205,0.661750000000012,1
2492,3231,290.048875,1.1433818417759427,7.290679890624436,1.280875000000023,1
2883,2884,46.620000000000005,2.9250000000000016,20.10344827586205,0.07207499999999634,1
3443,5880,283.81500000000005,2.9250000000000016,20.10344827586205,-0.2082499999999925,1
3481,3532,185.6705,2.9250000000000016,20.10344827586205,-1.2992500000000007,1
3481,4938,101.25050000000002,2.9250000000000016,20.10344827586205,0.3895000000000053,1
4938,4943,386.55,1.1433818417759427,7.290679890624436,-4.138999999999953,1
6505,9938,585.9915000000001,2.9250000000000016,20.10344827586205,-3.4172499999999673,1
