stock1,stock2,trade_capital,open,loss,reward,open_num
1216,2303,146.34,2.9250000000000016,20.10344827586205,0.35520000000002483,1
1216,2345,164.183,1.4616844455470226,11.091664599354965,-0.4572499999999877,1
1216,2439,304.582,1.1433818417759427,7.290679890624436,0.3209000000000515,1
1216,3034,749.1465000000001,1.4616844455470226,11.091664599354965,0.809750000000065,1
2330,2377,1184.4,1.4616844455470226,11.091664599354965,-4.470249999999908,1
2330,3034,370.534,1.4616844455470226,11.091664599354965,0.9217500000000314,1
2303,2439,234.0,1.1433818417759427,7.290679890624436,0.10925000000001717,1
2327,6239,1059.3000000000002,1.1433818417759427,7.290679890624436,17.705250000000092,1
2345,2377,384.75855,1.4616844455470226,11.091664599354965,0.5062999999999391,1
2345,2439,797.56425,1.1433818417759427,7.290679890624436,-0.7487499999999727,1
2345,2474,830.0135,1.1433818417759427,7.290679890624436,1.1957500000000323,1
2345,2834,143.75300000000001,1.4616844455470226,11.091664599354965,0.02612500000001461,1
2345,3034,869.965,1.1433818417759427,7.290679890624436,1.6282500000000937,1
2345,3673,154.643,1.1433818417759427,7.290679890624436,0.15790000000000504,1
2377,2439,972.1955,1.1433818417759427,7.290679890624436,-0.5869999999999038,1
2377,2883,150.39775,2.9250000000000016,20.10344827586205,0.5156250000000071,1
2409,2880,78.80005,2.9250000000000016,20.10344827586205,0.22025000000001427,1
2409,3231,140.445,2.9250000000000016,20.10344827586205,0.2651750000000135,1
2439,2474,839.63225,1.1433818417759427,7.290679890624436,1.1605000000000132,1
2439,2888,222.36700000000002,1.1433818417759427,7.290679890624436,0.407250000000019,1
2439,3034,1321.468,1.4616844455470226,11.091664599354965,4.406750000000102,1
2439,4915,396.33580000000006,2.9250000000000016,20.10344827586205,1.2800500000000454,1
2439,6505,666.134,1.1433818417759427,7.290679890624436,0.9462500000000773,1
2474,3034,885.53225,1.4616844455470226,11.091664599354965,3.080250000000035,1
2834,3034,187.687,1.4616844455470226,11.091664599354965,0.9601250000000121,1
2885,6269,171.59162500000002,2.9250000000000016,20.10344827586205,0.47512500000000557,1
2885,6285,143.331625,1.4616844455470226,11.091664599354965,0.02297500000000241,1
3034,3673,253.3101,1.4616844455470226,11.091664599354965,0.4978500000000139,1
3034,6239,815.54675,1.1433818417759427,7.290679890624436,0.7100000000000932,1
6239,6269,483.8731,1.1433818417759427,7.290679890624436,0.5731000000000677,1
