stock1,stock2,trade_capital,open,loss,reward,open_num
1102,3034,295.945375,2.9250000000000016,20.10344827586205,1.2823750000000018,1
1101,3019,314.11400000000003,2.9250000000000016,20.10344827586205,-0.8358499999999793,1
1314,2327,1164.3174999999999,1.4616844455470226,11.091664599354965,-6.259875000000022,1
1314,2610,63.2085,0.6133408446003465,20.043565348022334,-0.19682499999999514,1
1314,2801,72.3313,1.1433818417759427,7.290679890624436,0.18487499999999812,1
1402,2327,1251.370125,0.6133408446003465,20.043565348022334,-12.879875000000027,1
1402,6239,201.8015,2.9250000000000016,20.10344827586205,0.08199999999999363,1
1477,3045,418.50000000000006,2.9250000000000016,20.10344827586205,1.2994999999999948,1
2308,2867,183.826625,2.9250000000000016,20.10344827586205,-0.2936249999999916,1
2327,2409,1177.9450000000002,1.1433818417759427,7.290679890624436,3.220625000000169,1
2330,2377,764.1,0.6133408446003465,20.043565348022334,1.2227500000001044,1
2377,2610,175.23675000000003,1.1433818417759427,7.290679890624436,0.4867500000000149,1
2377,3019,948.8425,0.6133408446003465,20.043565348022334,4.99550000000005,1
2610,3019,152.27125,2.9250000000000016,20.10344827586205,1.021250000000009,1
2801,4958,150.8191,1.4616844455470226,11.091664599354965,0.009850000000014347,1
2867,3019,182.975125,1.4616844455470226,11.091664599354965,0.47512500000000557,1
2881,6285,531.06025,2.9250000000000016,20.10344827586205,0.5580500000000939,1
2888,3019,155.79775,2.9250000000000016,20.10344827586205,0.2562500000000085,1
2888,4958,131.4026,2.9250000000000016,20.10344827586205,0.4526000000000039,1
2884,6269,189.267625,2.9250000000000016,20.10344827586205,-0.5987249999999875,1
3019,3532,344.44550000000004,2.9250000000000016,20.10344827586205,1.958500000000015,1
3019,6176,558.9039,0.6133408446003465,20.043565348022334,1.0979000000000099,1
