stock1,stock2,trade_capital,open,loss,reward,open_num
1434,2002,208.57965000000002,2.9250000000000016,20.10344827586205,-0.23210000000000264,1
1314,2327,778.79275,1.1433818417759427,7.290679890624436,-0.786249999999967,1
1314,6456,267.09475,1.1433818417759427,7.290679890624436,0.5875000000000057,1
1326,2439,654.51675,2.9250000000000016,20.10344827586205,3.016750000000002,1
2002,2383,199.66500000000002,2.9250000000000016,20.10344827586205,0.11655000000001792,1
2201,6269,199.39175,1.1433818417759427,7.290679890624436,0.4342500000000058,1
2105,2439,391.74275,2.9250000000000016,20.10344827586205,1.6256250000000136,1
2327,6269,1179.45,0.6133408446003465,20.043565348022334,0.5305000000000746,1
2357,2474,1413.433,2.9250000000000016,20.10344827586205,2.320500000000038,1
2357,2618,336.37075000000004,2.9250000000000016,20.10344827586205,-1.0163749999999823,1
2385,2492,589.5,2.9250000000000016,20.10344827586205,-17.457749999999976,1
2385,6456,507.84475000000003,2.9250000000000016,20.10344827586205,0.6862500000000296,1
2409,2492,345.15000000000003,2.9250000000000016,20.10344827586205,-18.049000000000007,1
2618,6269,168.9375,1.4616844455470226,11.091664599354965,0.480000000000004,1
4904,6269,599.13,0.6133408446003465,20.043565348022334,1.4976999999999805,1
4938,6269,548.1504,1.1433818417759427,7.290679890624436,1.027900000000045,1
6269,6456,391.29475,1.4616844455470226,11.091664599354965,0.8797500000000014,1
6456,9938,594.80645,1.1433818417759427,7.290679890624436,0.7064499999999612,1
