stock1,stock2,trade_capital,open,loss,reward,open_num
1101,6269,727.9065,0.6133408446003465,20.043565348022334,1.2065000000000055,1
1102,2330,381.525,1.4616844455470226,11.091664599354965,-0.11124999999995566,1
1319,6269,778.5699999999999,0.6133408446003465,20.043565348022334,2.495800000000031,1
1326,2105,744.0822000000001,2.9250000000000016,20.10344827586205,3.8822000000000685,1
1536,6269,581.4010000000001,0.6133408446003465,20.043565348022334,2.1090000000000515,1
1504,2886,233.71437500000002,2.9250000000000016,20.10344827586205,-0.016824999999982992,1
1722,2049,545.9502500000001,1.1433818417759427,7.290679890624436,0.8998750000000371,1
2002,2377,196.56,1.4616844455470226,11.091664599354965,-1.3760249999999985,1
2313,2356,273.139675,1.1433818417759427,7.290679890624436,0.289675000000031,1
2376,2885,128.43,1.4616844455470226,11.091664599354965,-1.6119500000000073,1
2408,3481,94.75765,1.1433818417759427,7.290679890624436,0.10765000000000313,1
2618,2892,116.2361,2.9250000000000016,20.10344827586205,0.1663250000000076,1
2809,3532,336.48650000000004,1.4616844455470226,11.091664599354965,-1.2742499999999666,1
2834,3532,182.61475000000002,1.4616844455470226,11.091664599354965,0.8190499999999972,1
2885,3532,206.2355,2.9250000000000016,20.10344827586205,1.4293750000000216,1
2867,9910,215.18625,1.4616844455470226,11.091664599354965,0.4143750000000068,1
2883,4943,296.62012500000003,2.9250000000000016,20.10344827586205,-0.23637499999998823,1
3443,6269,894.5799999999999,0.6133408446003465,20.043565348022334,-0.8927499999999782,1
