stock1,stock2,trade_capital,open,loss,reward,open_num
1590,2371,424.80000000000007,1.1433818417759427,7.290679890624436,-0.9576249999999504,1
2049,2327,3442.32875,1.1433818417759427,7.290679890624436,15.828750000000127,1
2201,6285,166.81670000000003,1.4616844455470226,11.091664599354965,0.13307500000000516,1
2327,2383,902.5505,2.9250000000000016,20.10344827586205,5.583250000000078,1
2327,2603,586.102,2.9250000000000016,20.10344827586205,3.3601250000000036,1
2327,2823,664.7255,2.9250000000000016,20.10344827586205,4.229250000000036,1
2327,2880,614.9725,2.9250000000000016,20.10344827586205,2.3125,1
2327,3702,704.9725,1.4616844455470226,11.091664599354965,5.663250000000005,1
2327,5880,612.427,1.1433818417759427,7.290679890624436,-0.6837500000000034,1
2327,6176,838.355,1.4616844455470226,11.091664599354965,1.688250000000039,1
2327,6505,1651.145,2.9250000000000016,20.10344827586205,11.423750000000041,1
2330,9933,474.68437500000005,2.9250000000000016,20.10344827586205,0.7488750000000266,1
2371,2823,62.48575,1.4616844455470226,11.091664599354965,-0.049374999999997726,1
2383,2603,135.138125,1.1433818417759427,7.290679890624436,0.03482500000000499,1
2383,4915,314.45887500000003,2.9250000000000016,20.10344827586205,-1.0844249999999818,1
2383,4958,376.7778,1.4616844455470226,11.091664599354965,-0.7020999999998878,1
2408,3673,263.218,1.1433818417759427,7.290679890624436,0.7954500000000095,1
2492,2603,307.02125,2.9250000000000016,20.10344827586205,2.279375000000009,1
2492,2882,480.56675000000007,1.4616844455470226,11.091664599354965,0.2402500000000316,1
2492,4958,853.541,2.9250000000000016,20.10344827586205,4.161250000000052,1
2492,5880,333.8455,1.1433818417759427,7.290679890624436,1.7347500000000196,1
2492,9933,471.7705,2.9250000000000016,20.10344827586205,1.5041250000000446,1
2454,2912,1374.99975,2.9250000000000016,20.10344827586205,1.3302500000000919,1
2603,2834,75.574875,2.9250000000000016,20.10344827586205,0.4294750000000107,1
2603,4958,131.98420000000002,1.4616844455470226,11.091664599354965,0.04232500000001238,1
2834,4915,96.528,2.9250000000000016,20.10344827586205,0.09625000000000483,1
2891,4915,154.91727500000002,2.9250000000000016,20.10344827586205,-0.3327249999999964,1
4915,9933,371.87887500000005,2.9250000000000016,20.10344827586205,-0.930499999999995,1
