stock1,stock2,trade_capital,open,loss,reward,open_num
1102,2408,157.41000000000003,1.1433818417759427,7.290679890624436,-0.412124999999989,1
1102,2812,80.77865,0.6133408446003465,20.043565348022334,0.17865000000000109,1
1102,3532,269.345375,1.1433818417759427,7.290679890624436,0.8453750000000042,1
2002,2448,214.080625,1.1433818417759427,7.290679890624436,0.4634750000000025,1
2204,2801,169.94850000000002,2.9250000000000016,20.10344827586205,0.2243750000000233,1
2105,2618,122.8982,2.9250000000000016,20.10344827586205,-0.14679999999998472,1
2308,3481,196.31425000000002,2.9250000000000016,20.10344827586205,0.9455000000000098,1
2324,3481,75.7517,2.9250000000000016,20.10344827586205,0.1304500000000104,1
2409,3481,106.1497,2.9250000000000016,20.10344827586205,0.28095000000000425,1
2412,2801,185.1115,2.9250000000000016,20.10344827586205,0.4590000000000032,1
2448,2610,104.20127500000001,2.9250000000000016,20.10344827586205,0.334025000000004,1
2474,2603,409.7595,1.1433818417759427,7.290679890624436,-0.37887499999999363,1
2474,5880,380.42062500000003,1.1433818417759427,7.290679890624436,0.12937500000002444,1
2812,2823,77.943875,1.1433818417759427,7.290679890624436,0.12842500000000356,1
2812,3231,51.554325000000006,1.1433818417759427,7.290679890624436,0.11900000000000688,1
2801,9933,124.0033,1.4616844455470226,11.091664599354965,0.0508000000000024,1
3532,5880,193.47025000000002,2.9250000000000016,20.10344827586205,-5.300749999999994,1
