stock1,stock2,trade_capital,open,loss,reward,open_num
1301,2498,319.61985000000004,1.1433818417759427,7.290679890624436,0.41985000000002515,1
1605,2382,232.7442,2.9250000000000016,20.10344827586205,-1.0614999999999952,1
1605,2884,146.7265,2.9250000000000016,20.10344827586205,0.07365000000000066,1
1605,3044,190.663575,1.1433818417759427,7.290679890624436,0.06357500000001437,1
1605,3231,43.784225000000006,1.1433818417759427,7.290679890624436,0.034225000000002836,1
1605,6116,81.32475,1.4616844455470226,11.091664599354965,0.07145000000000579,1
1605,9910,250.04137500000002,1.4616844455470226,11.091664599354965,0.849125000000015,1
2324,2345,203.444375,1.4616844455470226,11.091664599354965,-0.05562499999999204,1
2303,6269,179.769875,1.1433818417759427,7.290679890624436,0.7131250000000193,1
2353,3231,201.1388,1.1433818417759427,7.290679890624436,-1.2691999999999837,1
2353,6269,226.90912500000002,1.1433818417759427,7.290679890624436,0.15912500000001728,1
2353,9910,267.515125,2.9250000000000016,20.10344827586205,0.5736250000000069,1
2382,3682,88.00640000000001,2.9250000000000016,20.10344827586205,-0.2879999999999896,1
2834,3682,64.471755,2.9250000000000016,20.10344827586205,-0.06264499999999629,1
3044,6269,672.4000000000001,0.6133408446003465,20.043565348022334,1.4647000000000503,1
