stock1,stock2,trade_capital,open,loss,reward,open_num
1101,2308,649.7405,1.4616844455470226,11.091664599354965,1.6417500000000587,1
1101,2603,106.573375,1.4616844455470226,11.091664599354965,-0.3162749999999974,1
2049,2449,349.48125000000005,1.1433818417759427,7.290679890624436,0.6845000000000141,1
2303,2454,343.95025000000004,2.9250000000000016,20.10344827586205,0.7201250000000243,1
2313,2449,120.8597,1.1433818417759427,7.290679890624436,0.20845000000001335,1
2344,2352,94.408175,1.1433818417759427,7.290679890624436,-0.5418249999999887,1
2344,2610,111.60440000000001,1.4616844455470226,11.091664599354965,-0.4243749999999764,1
2308,2327,1093.0745000000002,0.6133408446003465,20.043565348022334,-2.22424999999987,1
2308,2383,859.8815000000001,1.4616844455470226,11.091664599354965,2.1425000000000978,1
2308,2492,724.628,0.6133408446003465,20.043565348022334,0.8292500000000871,1
2352,2383,152.0863,1.1433818417759427,7.290679890624436,0.26180000000001513,1
