stock1,stock2,open,loss,reward,open_num,action choose
1101,2448,0.5,5.0,0.0731500000000267,1,0
1504,2313,0.5,5.0,0.36514999999999986,1,0
1504,2357,0.5,5.0,0.29125000000004775,1,0
1717,2201,7.950000000000006,16.0,0,0,299
2301,2327,2.5500000000000016,23.0,0.297150000000002,1,97
2301,2382,7.950000000000006,16.0,0,0,299
2301,2449,1.4500000000000008,11.0,0.495225000000012,1,48
2301,9904,7.950000000000006,16.0,0,0,299
2201,2324,7.950000000000006,16.0,0,0,299
2201,2337,7.100000000000006,16.0,0.5962250000000111,1,266
2201,2409,0,0,-1e-06,0,266
2201,2448,7.950000000000006,16.0,0,0,299
2201,2884,7.950000000000006,16.0,0,0,299
2337,2883,7.950000000000006,16.0,0.06930000000000103,1,299
2337,2884,7.600000000000007,17.0,0.032225000000003945,1,290
2327,2409,1.3000000000000007,5.0,0.14890000000000647,1,40
2313,2327,2.1500000000000012,5.0,0.13017500000000481,1,79
2313,2347,0.5,5.0,0.19565000000000765,1,0
2313,2356,7.950000000000006,16.0,0,0,299
2313,2409,1.2500000000000007,5.0,0.3241250000000022,1,33
2313,2603,0.5,5.0,0.06892500000000013,1,0
2313,3189,0.5,5.0,0.9376250000000113,1,0
2313,3231,0.6500000000000001,10.0,0.033099999999997465,1,10
2313,9904,7.950000000000006,16.0,0,0,299
2354,9904,3.4000000000000026,11.0,0.3241250000000093,1,136
2357,2409,1.650000000000001,16.0,0.16120000000004353,1,57
2382,2449,7.950000000000006,16.0,0,0,299
2409,2449,1.9000000000000012,9.0,0.4967500000000129,1,68
2448,2449,2.650000000000002,5.0,0.2593750000000199,1,103
2603,2884,0.8500000000000003,16.0,0.04547499999999971,1,17
2890,3231,4.100000000000003,7.0,0.1557000000000066,1,166
2883,3189,0.9000000000000004,9.0,0.7624750000000162,1,18
