stock1,stock2,open,loss,reward,open_num,action choose
1102,2303,2.1000000000000014,9.0,0.22797500000000426,1,3
1102,2887,0.5,10.0,0.29632500000001016,1,0
1227,2303,2.1000000000000014,9.0,0.600875000000002,1,3
1227,2353,9.881655957107576,24.92890762493331,0,0,5
1227,2412,0.5,10.0,2.450649999999996,1,0
1227,2867,2.1000000000000014,9.0,0.30842500000001394,1,3
1227,5880,2.2500000000000018,12.0,0.18917500000000587,1,4
1227,9914,1.4500000000000008,5.0,0.5567000000000064,1,2
1536,6116,1.4500000000000008,5.0,2.247125000000011,1,2
2303,2801,0.5,10.0,0.06070000000000242,1,0
2303,3008,9.881655957107576,24.92890762493331,0,0,5
2325,2353,0.5,10.0,0.36027500000001567,1,0
2325,3045,2.2500000000000018,12.0,0.23964999999999748,1,4
2325,5880,1.3000000000000007,23.0,0.18754999999997324,1,1
2325,9914,9.881655957107576,24.92890762493331,0,0,5
2345,2353,2.1000000000000014,9.0,0.522425000000009,1,3
2345,2412,0.5,10.0,1.3501000000000047,1,0
2345,2867,1.3000000000000007,23.0,0.4246500000000104,1,1
2353,2801,1.3000000000000007,23.0,0.2398750000000014,1,1
2353,3702,2.2500000000000018,12.0,0.2610250000000107,1,4
2353,5880,0.5,10.0,0.2563750000000091,1,0
2353,9904,2.1000000000000014,9.0,0.526475000000012,1,3
2354,2887,1.3000000000000007,23.0,0.7317750000000061,1,1
2354,9904,1.3000000000000007,23.0,0.5776000000000252,1,1
2379,2412,2.1000000000000014,9.0,1.08720000000001,1,3
2379,2887,1.4500000000000008,5.0,0.5279500000000112,1,2
2379,5880,0.5,10.0,0.2436750000000103,1,0
2412,2867,2.1000000000000014,9.0,0.721375000000009,1,3
2412,6269,1.3000000000000007,23.0,1.7380500000000438,1,1
2801,2892,1.3000000000000007,23.0,0.033100000000002794,1,1
2801,5880,2.2500000000000018,12.0,0.3129500000000007,1,4
2867,2887,2.1000000000000014,9.0,0.6575000000000095,1,3
2867,3008,9.881655957107576,24.92890762493331,0,0,5
3008,5880,1.3000000000000007,23.0,7.35862500000016,1,1
6269,9904,1.3000000000000007,23.0,1.084399999999988,1,1
