stock1,stock2,trade_capital,open,loss,reward,open_num
1102,1504,154.5038,1.8916951729380467,12.846636259977194,-0.40244999999998043,1
1102,2888,64.00385,1.4616844455470226,11.091664599354965,-0.3461499999999944,1
1722,2308,723.662875,1.8079859466287909,5.99999999999997,1.6628750000000139,1
1722,3682,74.73772500000001,1.4616844455470226,11.091664599354965,0.1377250000000103,1
1504,1909,63.584999999999994,1.8079859466287909,5.99999999999997,0.14365000000000983,1
1504,2103,128.05635,1.9903685727286529,4.999999999999846,0.14105000000001766,1
1504,2324,91.485,1.8079859466287909,5.99999999999997,-0.15247499999999903,1
1504,2356,144.495,1.8079859466287909,5.99999999999997,0.3083500000000008,1
1504,2890,151.84779,1.8079859466287909,5.99999999999997,-0.218459999999979,1
1504,3682,127.845,2.2011242403781104,9.193923024983164,0.33610000000002316,1
1504,9904,96.86735000000002,3.254488356362935,7.52294907720547,0.14730000000001553,1
1909,2103,92.16155,1.4616844455470226,11.091664599354965,-0.08844999999999814,1
2049,2103,897.3362500000001,1.1433818417759427,7.290679890624436,3.597750000000083,1
2204,2615,140.14425,1.8079859466287909,5.99999999999997,0.12725000000000364,1
2311,2615,115.52645000000001,1.4616844455470226,11.091664599354965,0.1264500000000126,1
2311,3682,91.6623,2.2011242403781104,9.193923024983164,0.2623000000000033,1
2324,2474,309.56475,1.5278527918781692,16.150050761421287,-0.7288750000000022,1
2324,2884,133.29,1.1433818417759427,7.290679890624436,0.027475000000009686,1
2308,2317,418.52700000000004,1.8916951729380467,12.846636259977194,1.4584500000000418,1
2308,3702,887.9625000000001,2.030242211571373,14.706692913385783,3.660425000000089,1
2330,2883,197.03924999999998,2.9250000000000016,20.10344827586205,0.5767500000000183,1
2379,2882,436.84375,1.4616844455470226,11.091664599354965,-1.9062499999999716,1
2474,6269,658.4139,2.030242211571373,14.706692913385783,0.24339999999995143,1
2615,5522,105.57152500000001,1.8079859466287909,5.99999999999997,0.1295250000000081,1
2615,6269,155.32145000000003,1.8079859466287909,5.99999999999997,0.1544500000000255,1
2882,3682,91.6623,2.9250000000000016,20.10344827586205,0.1623000000000019,1
3682,9945,104.81115000000001,1.9903685727286529,4.999999999999846,0.18755000000000877,1
3702,6269,256.37175,2.2011242403781104,9.193923024983164,0.08600000000002694,1
