stock1,stock2,trade_capital,open,loss,reward,open_num
1402,2618,84.42,1.5278527918781692,16.150050761421287,0.10892500000000638,1
1434,3231,151.65,1.8079859466287909,5.99999999999997,0.19657500000000638,1
1301,2439,775.0264999999999,2.2011242403781104,9.193923024983164,1.2775000000000318,1
1722,3702,110.29962500000002,4.2079168858495475,14.57469752761706,-0.4766249999999985,1
2049,2618,190.8,1.4616844455470226,11.091664599354965,0.43087500000000034,1
2049,2890,166.1316,1.8079859466287909,5.99999999999997,0.27984999999999616,1
2049,3034,568.6095,1.1433818417759427,7.290679890624436,0.6059999999999945,1
2201,9910,490.095,2.1048266865449103,22.69250838613482,3.1771750000000054,1
2330,2618,262.855125,1.5278527918781692,16.150050761421287,0.355125000000001,1
2330,3034,1098.35,3.254488356362935,7.52294907720547,3.8500000000000227,1
2353,2356,112.980275,1.8079859466287909,5.99999999999997,0.43027500000000884,1
2353,2603,44.595,1.4616844455470226,11.091664599354965,0.12537500000001067,1
2353,2891,103.1988,1.8079859466287909,5.99999999999997,0.03439999999999088,1
2353,3673,123.46452500000001,1.1433818417759427,7.290679890624436,0.4145250000000118,1
2356,5264,116.28,1.8079859466287909,5.99999999999997,0.10575000000000045,1
2409,2439,173.29275,1.1433818417759427,7.290679890624436,0.2311250000000058,1
2409,2474,273.262625,1.4616844455470226,11.091664599354965,0.30337500000003104,1
2439,3673,491.0355,1.8079859466287909,5.99999999999997,1.2199999999999989,1
2610,6505,249.79950000000002,1.4616844455470226,11.091664599354965,0.6675750000000136,1
2603,2633,61.69500000000001,1.1433818417759427,7.290679890624436,0.09687499999999716,1
2603,3034,157.359625,1.1433818417759427,7.290679890624436,-0.0023749999999864713,1
2603,3231,66.16550000000001,1.4616844455470226,11.091664599354965,0.14320000000000732,1
2603,3673,109.21705,1.4616844455470226,11.091664599354965,0.17667500000000302,1
2603,3702,47.08692500000001,1.8079859466287909,5.99999999999997,-0.27619999999999933,1
2603,6285,147.859,1.4616844455470226,11.091664599354965,0.3186250000000115,1
2882,2888,75.38098,1.9903685727286529,4.999999999999846,-0.06011999999999773,1
2883,3034,148.926275,3.254488356362935,7.52294907720547,0.8762750000000068,1
