stock1,stock2,trade_capital,open,loss,reward,open_num
1476,1605,405.14137500000004,1.8079859466287909,5.99999999999997,-0.3586249999999822,1
1476,2324,435.172,2.9250000000000016,20.10344827586205,-2.1674999999999613,1
1319,2324,148.10325,3.254488356362935,7.52294907720547,-1.035499999999999,1
1301,1536,1025.33125,1.4616844455470226,11.091664599354965,3.015250000000094,1
1301,2448,412.7928,2.9250000000000016,20.10344827586205,-0.836449999999985,1
2330,2448,283.1875,1.9903685727286529,4.999999999999846,0.8071250000000134,1
2330,4938,931.9999,1.4616844455470226,11.091664599354965,0.5999000000000478,1
2324,2330,240.75,1.8079859466287909,5.99999999999997,-1.1501249999999885,1
2324,5264,199.25175000000002,1.8079859466287909,5.99999999999997,0.9365000000000094,1
2324,6176,134.32395000000002,1.4616844455470226,11.091664599354965,-0.31554999999998756,1
2324,6269,156.825,1.8079859466287909,5.99999999999997,-0.660775000000001,1
2379,6176,329.85,2.9250000000000016,20.10344827586205,0.9480000000000217,1
2385,6176,364.23,2.2011242403781104,9.193923024983164,0.8907000000000096,1
2408,2474,423.1,1.8079859466287909,5.99999999999997,-2.1641249999999843,1
2448,2887,79.852625,1.8079859466287909,5.99999999999997,0.07655000000000456,1
2448,6269,189.0782,1.9903685727286529,4.999999999999846,0.3478250000000145,1
2884,6269,161.44725,3.254488356362935,7.52294907720547,0.14559999999998752,1
2887,2890,67.8651,2.030242211571373,14.706692913385783,0.12267500000000808,1
2890,3702,78.07645000000001,2.9250000000000016,20.10344827586205,0.027300000000018088,1
2890,6269,118.671375,2.9250000000000016,20.10344827586205,-0.23997499999997274,1
3702,4938,232.065,4.2079168858495475,14.57469752761706,0.811425000000014,1
3702,6176,77.94,2.9250000000000016,20.10344827586205,0.1696499999999972,1
