stock1,stock2,trade_capital,open,loss,reward,open_num
1301,2412,190.01454999999999,1.8079859466287909,5.99999999999997,0.21455000000000268,1
1434,2412,156.6,1.4616844455470226,11.091664599354965,0.43795000000000783,1
2324,2352,68.41955,1.9903685727286529,4.999999999999846,0.13892500000000396,1
2324,2412,153.54,3.254488356362935,7.52294907720547,0.04365000000002084,1
2347,3706,221.39385000000001,1.8916951729380467,12.846636259977194,0.3477250000000254,1
2352,2823,63.58235,1.1433818417759427,7.290679890624436,0.09785000000000821,1
2383,2412,169.04605,1.4616844455470226,11.091664599354965,0.3460499999999982,1
2412,9910,448.65,2.9250000000000016,20.10344827586205,-0.7477499999999964,1
2880,3706,97.48570000000001,2.9250000000000016,20.10344827586205,0.3910750000000043,1
