stock1,stock2,trade_capital,open,loss,reward,open_num
1303,2884,149.4745,2.030242211571373,14.706692913385783,0.1115000000000066,1
1216,2892,130.59205,1.8916951729380467,12.846636259977194,0.141050000000007,1
1216,6176,485.3845,1.4616844455470226,11.091664599354965,-1.0622999999999934,1
1326,2382,257.52285,2.9250000000000016,20.10344827586205,-0.013549999999995066,1
1326,2615,170.915875,1.4616844455470226,11.091664599354965,-0.02127499999998861,1
1326,2633,165.45285,1.4616844455470226,11.091664599354965,0.13975000000000648,1
1402,2308,237.5075,2.1048266865449103,22.69250838613482,0.5190000000000197,1
1402,2356,62.504999999999995,1.1433818417759427,7.290679890624436,0.04560000000000386,1
1402,2382,76.85445000000001,2.9250000000000016,20.10344827586205,0.025650000000005946,1
2308,2356,182.43,1.8079859466287909,5.99999999999997,-0.803299999999993,1
2308,2610,329.04,1.1433818417759427,7.290679890624436,0.4001750000000328,1
2308,3481,207.3615,1.9903685727286529,4.999999999999846,0.9301250000000181,1
2308,5871,386.1,1.8079859466287909,5.99999999999997,0.3550000000000182,1
2382,3481,101.97,2.9250000000000016,20.10344827586205,-0.02017499999998762,1
2383,2884,166.382,2.1048266865449103,22.69250838613482,0.1875000000000142,1
2383,5871,494.65274999999997,1.8916951729380467,12.846636259977194,0.22015000000004648,1
2615,2823,117.12405000000001,1.4616844455470226,11.091664599354965,-0.6759499999999932,1
2615,3231,90.615525,1.4616844455470226,11.091664599354965,0.1069750000000127,1
2615,5871,131.315875,1.4616844455470226,11.091664599354965,-0.9552749999999861,1
2610,2615,92.33129500000001,1.1433818417759427,7.290679890624436,-0.8587049999999898,1
2610,2884,109.34,1.5278527918781692,16.150050761421287,0.08287000000001044,1
2633,2884,116.235,1.4616844455470226,11.091664599354965,0.15575000000001182,1
2633,9904,228.555,1.8079859466287909,5.99999999999997,0.9171250000000128,1
2883,2884,58.425799999999995,1.8079859466287909,5.99999999999997,-0.35124499999999514,1
2884,2892,148.8646,1.8079859466287909,5.99999999999997,0.21359999999999957,1
2890,6176,97.74145000000001,3.254488356362935,7.52294907720547,-0.20524999999999238,1
3231,5871,117.13717500000001,1.8079859466287909,5.99999999999997,0.1160250000000218,1
3231,6176,120.64717500000002,1.9903685727286529,4.999999999999846,-0.5892249999999919,1
3481,5871,102.71870000000001,2.9250000000000016,20.10344827586205,0.1873250000000084,1
