stock1,stock2,trade_capital,open,loss,reward,open_num
1101,2313,200.13960000000003,3.254488356362935,7.52294907720547,0.2867250000000183,1
1101,3702,253.78362500000003,2.9250000000000016,20.10344827586205,0.5516750000000172,1
1101,6176,169.1346,3.254488356362935,7.52294907720547,0.6382500000000135,1
2823,6176,91.17,2.1048266865449103,22.69250838613482,0.14760000000001128,1
2618,3702,139.91385,1.8079859466287909,5.99999999999997,0.028600000000011505,1
