stock1,stock2,trade_capital,open,loss,reward,open_num
1314,1319,114.66,2.9250000000000016,20.10344827586205,0.20830000000000837,1
1227,2371,373.4352,2.9250000000000016,20.10344827586205,-3.3153000000000006,1
1319,1402,166.76999999999998,2.9250000000000016,20.10344827586205,0.52085000000001,1
1319,2308,174.96,2.9250000000000016,20.10344827586205,0.7069000000000045,1
1319,2371,109.1848,2.9250000000000016,20.10344827586205,-3.572650000000003,1
1102,2615,173.917875,2.9250000000000016,20.10344827586205,0.21837500000000176,1
1102,2884,139.312375,2.9250000000000016,20.10344827586205,0.13272500000000775,1
2308,2603,205.77475,2.9250000000000016,20.10344827586205,0.4200000000000159,1
2308,2884,214.01237500000002,2.9250000000000016,20.10344827586205,0.4076250000000101,1
2308,3019,805.2902500000001,2.9250000000000016,20.10344827586205,-0.2097499999999144,1
2371,2615,51.322900000000004,9.98977440750324,24.99573317561555,-0.5770999999999997,1
2371,2883,61.158125000000005,9.98977440750324,24.99573317561555,-0.1918749999999978,1
2371,2886,121.25205000000001,9.98977440750324,24.99573317561555,-0.19957499999998696,1
2377,3682,114.7586,2.9250000000000016,20.10344827586205,-0.7325500000000034,1
2603,3682,92.81985,2.9250000000000016,20.10344827586205,0.053449999999998,1
