stock1,stock2,trade_capital,open,loss,reward,open_num
1536,2303,202.39600000000002,2.9250000000000016,20.10344827586205,0.6850000000000307,1
1536,2377,457.35200000000003,2.9250000000000016,20.10344827586205,1.2824000000000524,1
1536,2885,194.07100000000003,2.9250000000000016,20.10344827586205,0.4485000000000241,1
1536,3189,209.32600000000002,2.9250000000000016,20.10344827586205,0.673450000000031,1
1605,2606,94.4306,1.4616844455470226,11.091664599354965,0.3023250000000104,1
2308,2606,357.463,1.1433818417759427,7.290679890624436,0.7130000000000223,1
2324,2885,44.677899999999994,2.9250000000000016,20.10344827586205,0.17875000000000085,1
2303,2408,130.90340000000003,2.9250000000000016,20.10344827586205,-0.007599999999982288,1
2303,2823,192.82825,2.9250000000000016,20.10344827586205,0.14055000000001883,1
2303,3189,148.27730000000003,2.9250000000000016,20.10344827586205,-0.43369999999998754,1
2303,6269,202.89525000000003,2.9250000000000016,20.10344827586205,0.18425000000002,1
2356,2880,145.993575,2.9250000000000016,20.10344827586205,0.16794999999997628,1
2356,2885,164.692625,2.9250000000000016,20.10344827586205,0.44462500000000915,1
2408,4938,588.2105,2.9250000000000016,20.10344827586205,-1.8020999999999958,1
2408,9938,759.41625,2.9250000000000016,20.10344827586205,3.281250000000057,1
2542,3443,419.175,1.1433818417759427,7.290679890624436,-2.9452499999999873,1
2880,3673,197.02437500000002,2.9250000000000016,20.10344827586205,0.9338750000000005,1
2880,9938,192.974375,2.9250000000000016,20.10344827586205,0.9406250000000114,1
2892,4938,181.7581,2.9250000000000016,20.10344827586205,0.111850000000004,1
2885,3189,138.3425,1.8079859466287909,5.99999999999997,0.12995000000002221,1
2885,4938,152.7331,2.9250000000000016,20.10344827586205,0.21059999999999945,1
4904,6116,397.02825,2.9250000000000016,20.10344827586205,0.3981250000000287,1
