stock1,stock2,trade_capital,open,loss,reward,open_num
1909,4958,173.835,1.1433818417759427,7.290679890624436,-0.6891250000000042,1
1605,1909,80.4791,0.6133408446003465,20.043565348022334,0.1791000000000018,1
1605,6505,163.75400000000002,0.6133408446003465,20.043565348022334,0.504000000000012,1
2344,2353,53.85965,1.1433818417759427,7.290679890624436,-0.035574999999997914,1
2344,2801,35.27405,1.4616844455470226,11.091664599354965,0.04390000000000427,1
2344,2886,59.66445,1.4616844455470226,11.091664599354965,0.15415000000000845,1
2344,2891,53.67345,1.4616844455470226,11.091664599354965,0.16315000000000524,1
2344,3481,52.761300000000006,1.1433818417759427,7.290679890624436,0.1660750000000064,1
2344,3706,76.902075,1.4616844455470226,11.091664599354965,0.1267000000000067,1
2353,3481,24.999750000000002,2.9250000000000016,20.10344827586205,-0.03944999999999865,1
2379,2615,193.958625,1.1433818417759427,7.290679890624436,0.708625000000012,1
2454,3481,268.2835,2.9250000000000016,20.10344827586205,0.08750000000001279,1
3481,4958,122.40265000000002,2.9250000000000016,20.10344827586205,-0.09334999999997962,1
