stock1,stock2,trade_capital,open,loss,reward,open_num
1477,2618,191.06775,1.4616844455470226,11.091664599354965,-1.79849999999999,1
2474,2880,318.82325000000003,2.9250000000000016,20.10344827586205,0.23174999999999102,1
4904,6456,491.76125,1.1433818417759427,7.290679890624436,0.261250000000004,1
