stock1,stock2,trade_capital,open,loss,reward,open_num
1303,2303,125.83925,2.9250000000000016,20.10344827586205,0.1004999999999967,1
2303,2357,358.4615,2.9250000000000016,20.10344827586205,-0.5384999999999849,1
2303,2451,152.61,1.1433818417759427,7.290679890624436,0.504000000000012,1
2303,2880,62.406250000000014,2.9250000000000016,20.10344827586205,0.10625000000001172,1
2303,2882,84.6728,2.9250000000000016,20.10344827586205,0.22279999999999944,1
2303,3034,163.90925,2.9250000000000016,20.10344827586205,0.23675000000000068,1
2303,6269,157.15925,2.9250000000000016,20.10344827586205,0.7472500000000082,1
2303,6505,149.4,1.4616844455470226,11.091664599354965,0.49987500000001717,1
2327,2492,209.54475000000002,1.4616844455470226,11.091664599354965,0.46655000000001223,1
2337,2492,107.7506,1.1433818417759427,7.290679890624436,0.3299000000000021,1
2356,2888,100.493875,2.9250000000000016,20.10344827586205,0.18875000000002018,1
2379,2451,641.25,0.6133408446003465,20.043565348022334,0.9282500000000482,1
2379,2888,130.7388,1.4616844455470226,11.091664599354965,0.2880500000000126,1
2383,2451,308.488,0.6133408446003465,20.043565348022334,1.019250000000028,1
2383,3481,173.440875,2.9250000000000016,20.10344827586205,0.47212500000001967,1
2451,3702,228.77999999999997,1.1433818417759427,7.290679890624436,0.5173500000000217,1
