stock1,stock2,trade_capital,open,loss,reward,open_num
2002,2303,176.39775,2.9250000000000016,20.10344827586205,-0.024049999999995464,1
2201,2330,323.25575000000003,2.9250000000000016,20.10344827586205,-0.5167499999999734,1
2201,2542,165.75575000000003,2.9250000000000016,20.10344827586205,-0.15439999999998122,1
2201,6505,223.10612500000002,2.9250000000000016,20.10344827586205,0.6478750000000133,1
2303,2448,80.75115000000001,2.9250000000000016,20.10344827586205,0.22287500000002325,1
2303,3406,444.28487500000006,2.9250000000000016,20.10344827586205,-22.694124999999943,1
2303,3443,254.121,2.9250000000000016,20.10344827586205,0.6062500000000028,1
2330,2337,1158.1204,2.9250000000000016,20.10344827586205,1.3004000000001383,1
2330,2354,1314.1792,2.9250000000000016,20.10344827586205,-1.3332999999999515,1
2330,3443,1153.221,2.9250000000000016,20.10344827586205,5.104749999999967,1
2337,2885,105.205175,2.9250000000000016,20.10344827586205,0.23192500000001104,1
2356,2371,122.387,1.4616844455470226,11.091664599354965,0.35575000000002177,1
2356,3532,209.28162500000002,2.9250000000000016,20.10344827586205,-3.0751249999999857,1
2371,2382,117.27000000000001,1.1433818417759427,7.290679890624436,-1.193950000000001,1
2371,2448,132.287,1.4616844455470226,11.091664599354965,0.2904500000000141,1
2371,3231,128.51542500000002,1.4616844455470226,11.091664599354965,0.19742500000001684,1
2371,3443,230.20700000000002,1.4616844455470226,11.091664599354965,-0.12349999999998573,1
2371,3481,112.777375,1.4616844455470226,11.091664599354965,0.2718750000000085,1
2409,2448,72.03465000000001,1.4616844455470226,11.091664599354965,0.03600000000000847,1
2448,2885,100.45675000000001,2.9250000000000016,20.10344827586205,-0.8056999999999945,1
2448,3443,362.94375,1.4616844455470226,11.091664599354965,6.679250000000025,1
2542,3532,298.295875,2.9250000000000016,20.10344827586205,-0.21087499999998727,1
2542,6505,392.9335,2.9250000000000016,20.10344827586205,1.6293750000000102,1
3019,3443,961.25625,1.4616844455470226,11.091664599354965,9.017250000000047,1
3231,3443,288.71775,1.4616844455470226,11.091664599354965,0.03875000000000739,1
3481,6505,169.46675,2.9250000000000016,20.10344827586205,-1.2636249999999905,1
3532,6505,410.37750000000005,2.9250000000000016,20.10344827586205,-4.129249999999956,1
6456,6505,694.9670000000001,1.4616844455470226,11.091664599354965,2.911000000000058,1
