stock1,stock2,trade_capital,open,loss,reward,open_num
1326,3443,582.8875,2.9250000000000016,20.10344827586205,0.05575000000004593,1
1504,2352,191.925,2.9250000000000016,20.10344827586205,-1.5180749999999819,1
1605,2352,96.76155000000003,1.1433818417759427,7.290679890624436,0.2504500000000185,1
2313,2379,189.024,1.4616844455470226,11.091664599354965,0.20367500000001826,1
2352,2409,34.998850000000004,1.4616844455470226,11.091664599354965,0.045550000000000423,1
2352,2492,169.81925,1.4616844455470226,11.091664599354965,0.2367500000000149,1
2379,3034,980.24125,1.1433818417759427,7.290679890624436,2.9572500000000446,1
2439,2834,265.535725,2.9250000000000016,20.10344827586205,1.1122250000000236,1
2408,2498,568.7927500000001,1.1433818417759427,7.290679890624436,0.9019500000000562,1
2409,3481,113.64850000000001,2.9250000000000016,20.10344827586205,0.270300000000006,1
2492,3481,120.8425,1.4616844455470226,11.091664599354965,0.05725000000001046,1
3443,3702,368.23275,1.4616844455470226,11.091664599354965,0.42025000000001,1
