stock1,stock2,trade_capital,open,loss,reward,open_num
1227,2881,322.338,2.9250000000000016,20.10344827586205,-0.8015999999999792,1
1227,2882,514.74075,2.9250000000000016,20.10344827586205,-3.1964999999999293,1
1326,2610,146.3801,2.9250000000000016,20.10344827586205,-0.11989999999999412,1
1402,2303,181.00487500000003,2.9250000000000016,20.10344827586205,0.4204750000000246,1
1402,2383,241.59525000000002,1.1433818417759427,7.290679890624436,-0.8802499999999895,1
1722,2383,229.01415,1.1433818417759427,7.290679890624436,0.13790000000001612,1
2353,9910,191.1875,1.1433818417759427,7.290679890624436,0.45150000000001,1
2356,2542,153.72,1.1433818417759427,7.290679890624436,0.24305000000000376,1
2379,5522,399.5715,2.9250000000000016,20.10344827586205,1.6196250000000134,1
2377,2383,247.82375000000002,1.1433818417759427,7.290679890624436,0.30595000000000994,1
2377,2884,157.181625,2.9250000000000016,20.10344827586205,0.10302500000001658,1
2382,2801,131.06234999999998,2.9250000000000016,20.10344827586205,0.3916499999999843,1
2492,2884,130.1036,2.9250000000000016,20.10344827586205,-0.05939999999998946,1
2542,2881,258.90380000000005,1.4616844455470226,11.091664599354965,0.40310000000003043,1
2542,9910,720.9025,0.6133408446003465,20.043565348022334,-0.8991999999999933,1
2610,2880,35.933800000000005,2.9250000000000016,20.10344827586205,-0.006550000000000722,1
2610,2881,99.262,2.9250000000000016,20.10344827586205,0.4422000000000068,1
2610,2890,83.7026,2.9250000000000016,20.10344827586205,-0.082749999999983,1
2801,3532,230.403875,1.1433818417759427,7.290679890624436,0.4038749999999993,1
2801,5871,155.201625,2.9250000000000016,20.10344827586205,0.2564750000000089,1
2801,9945,108.4743,1.8079859466287909,5.99999999999997,0.08125000000001847,1
2890,6505,141.829575,2.9250000000000016,20.10344827586205,0.37057500000001653,1
6269,9910,730.902,0.6133408446003465,20.043565348022334,1.402000000000001,1
