stock1,stock2,trade_capital,open,loss,reward,open_num
1303,2344,210.24345,2.9250000000000016,20.10344827586205,-0.7379500000000121,1
1303,2376,243.35295000000002,2.9250000000000016,20.10344827586205,0.30085000000000406,1
1605,1909,96.86587500000002,1.1433818417759427,7.290679890624436,0.1449750000000023,1
1605,3231,53.024550000000005,2.9250000000000016,20.10344827586205,0.11660000000000181,1
1909,2615,92.465725,1.1433818417759427,7.290679890624436,0.05270000000000863,1
1909,2882,394.288625,1.1433818417759427,7.290679890624436,-0.621974999999992,1
2308,2867,217.83024999999998,1.1433818417759427,7.290679890624436,0.6610000000000014,1
2344,2867,68.65615,2.9250000000000016,20.10344827586205,-0.3101749999999974,1
2344,3231,100.30845,1.4616844455470226,11.091664599354965,-0.9042000000000101,1
2344,6116,36.34615,1.4616844455470226,11.091664599354965,0.043599999999996086,1
2888,3406,325.755,1.1433818417759427,7.290679890624436,1.5539250000000422,1
