stock1,stock2,trade_capital,open,loss,reward,open_num
1605,2311,64.743975,1.4616844455470226,11.091664599354965,-0.2016249999999964,1
1605,2330,284.625,2.9250000000000016,20.10344827586205,-1.7224999999999824,1
2303,2352,130.3283,1.4616844455470226,11.091664599354965,0.14697500000000474,1
2317,2356,165.105,2.9250000000000016,20.10344827586205,0.5735500000000258,1
2317,3231,162.5558,1.1433818417759427,7.290679890624436,0.3558000000000021,1
2354,2886,201.20929999999998,2.9250000000000016,20.10344827586205,0.1296750000000202,1
2353,2886,175.55037500000003,2.9250000000000016,20.10344827586205,0.12647500000001344,1
2352,2454,417.845,2.9250000000000016,20.10344827586205,0.35537500000003774,1
2454,3481,389.16537500000004,1.1433818417759427,7.290679890624436,1.1653750000000258,1
2886,3231,67.68295,2.9250000000000016,20.10344827586205,0.04110000000000724,1
3231,3481,119.47052500000001,1.1433818417759427,7.290679890624436,0.27052500000000634,1
