stock1,stock2,trade_capital,open,loss,reward,open_num
2308,2360,574.6367500000001,1.1433818417759427,7.290679890624436,1.1367500000000632,1
2317,4915,481.22850000000005,1.1433818417759427,7.290679890624436,0.7597500000000537,1
2324,2360,258.861125,1.4616844455470226,11.091664599354965,0.36112500000001546,1
2324,4915,250.9464,1.4616844455470226,11.091664599354965,0.20677499999999327,1
2330,2360,367.0265,1.1433818417759427,7.290679890624436,0.4112500000000239,1
2352,2382,172.34185000000002,1.1433818417759427,7.290679890624436,0.07422499999999843,1
2352,3231,126.56062500000002,1.1433818417759427,7.290679890624436,0.04299999999999926,1
2347,2360,263.70385000000005,1.4616844455470226,11.091664599354965,0.4038500000000198,1
2353,2354,163.46112499999998,2.9250000000000016,20.10344827586205,0.3404249999999962,1
2353,2376,106.23490000000001,2.9250000000000016,20.10344827586205,0.2832750000000033,1
2360,2371,217.42337500000002,2.9250000000000016,20.10344827586205,0.6733750000000214,1
2360,4958,974.0367500000001,2.9250000000000016,20.10344827586205,-18.963249999999903,1
2382,4915,140.60585,1.4616844455470226,11.091664599354965,0.17770000000000152,1
2610,3019,161.26525,1.1433818417759427,7.290679890624436,0.4897500000000008,1
2610,4958,131.70215000000002,1.1433818417759427,7.290679890624436,-0.04784999999999684,1
2610,9938,153.22500000000002,1.1433818417759427,7.290679890624436,0.4935000000000116,1
