stock1,stock2,trade_capital,open,loss,reward,open_num
1314,2881,95.5494,1.4616844455470226,11.091664599354965,0.09865000000000634,1
1605,2823,54.41825,2.9250000000000016,20.10344827586205,0.1182500000000033,1
2204,2344,84.4731,0.6133408446003465,20.043565348022334,0.37310000000000443,1
2204,2371,52.49980000000001,0.6133408446003465,20.043565348022334,0.11690000000000111,1
2308,6239,396.12725,1.4616844455470226,11.091664599354965,-1.3307499999999948,1
2344,6239,129.20589999999999,1.1433818417759427,7.290679890624436,0.20589999999999264,1
2353,2618,27.573925000000003,1.1433818417759427,7.290679890624436,0.056275000000001185,1
2376,3481,95.15705,2.9250000000000016,20.10344827586205,0.2070499999999953,1
2377,3481,143.234825,9.98977440750324,24.99573317561555,0.18482500000001778,1
2439,2618,203.69400000000002,2.9250000000000016,20.10344827586205,-4.305999999999983,1
2439,2801,217.42337500000002,2.9250000000000016,20.10344827586205,-2.0766249999999786,1
2448,3481,87.480625,9.98977440750324,24.99573317561555,-0.18484999999999374,1
2823,2880,45.0694,2.9250000000000016,20.10344827586205,0.12972500000000053,1
2881,3481,116.574875,9.98977440750324,24.99573317561555,-0.2751249999999956,1
2883,3481,37.184140000000006,9.98977440750324,24.99573317561555,0.02414000000000449,1
2891,3481,118.92135000000002,2.9250000000000016,20.10344827586205,-0.4286499999999833,1
3231,3481,93.4596,9.98977440750324,24.99573317561555,0.3096000000000032,1
4958,6239,379.17385,1.4616844455470226,11.091664599354965,0.3803500000000213,1
