stock1,stock2,trade_capital,open,loss,reward,open_num
1319,2888,99.94500000000001,1.1433818417759427,7.290679890624436,-0.7157499999999999,1
1319,2912,403.89325,2.9250000000000016,20.10344827586205,0.7932500000000289,1
1101,2371,117.58525,3.254488356362935,7.52294907720547,0.3079250000000222,1
1101,3532,251.55,2.9250000000000016,20.10344827586205,0.5792500000000018,1
1536,2324,237.687625,3.254488356362935,7.52294907720547,0.8701250000000016,1
1605,2884,142.1146,2.030242211571373,14.706692913385783,0.4744749999999982,1
1605,2888,38.646,1.8916951729380467,12.846636259977194,0.09534999999999982,1
1909,2382,367.3855,1.9903685727286529,4.999999999999846,-0.5552500000000009,1
2317,2409,166.13425,3.254488356362935,7.52294907720547,0.9908750000000168,1
2317,2610,149.85000000000002,0.6133408446003465,20.043565348022334,0.99837500000001,1
2327,2376,278.331875,1.8916951729380467,12.846636259977194,-1.0681249999999878,1
2352,2382,144.18,3.254488356362935,7.52294907720547,0.2589499999999987,1
2376,2610,96.58837500000001,0.6133408446003465,20.043565348022334,0.14842500000000314,1
2371,2383,190.963125,2.2011242403781104,9.193923024983164,-0.2868749999999949,1
2371,2409,90.514025,1.4616844455470226,11.091664599354965,0.3640250000000016,1
2371,2884,131.25282500000003,2.1048266865449103,22.69250838613482,0.20282500000001846,1
2371,2888,80.97082500000002,2.9250000000000016,20.10344827586205,-0.4284749999999917,1
2371,4938,145.53137500000003,1.4616844455470226,11.091664599354965,0.28137500000001125,1
2371,6269,169.60137500000002,2.9250000000000016,20.10344827586205,0.22662500000001273,1
2610,2890,57.913,3.254488356362935,7.52294907720547,-0.08699999999999797,1
2888,2890,27.77827,3.254488356362935,7.52294907720547,0.018269999999999342,1
2888,6269,145.125,3.254488356362935,7.52294907720547,1.2558750000000103,1
2834,2890,75.03926,3.254488356362935,7.52294907720547,-0.029040000000001953,1
2890,6269,150.230475,2.2011242403781104,9.193923024983164,0.30647500000000605,1
2912,6176,1522.3131,1.1433818417759427,7.290679890624436,-5.186899999999838,1
