stock1,stock2,trade_capital,open,loss,reward,open_num
1301,2317,436.05,3.254488356362935,7.52294907720547,-1.0262999999999636,1
1605,2330,284.625,3.254488356362935,7.52294907720547,-1.7224999999999824,1
1605,2454,386.4222500000001,1.8916951729380467,12.846636259977194,0.9082500000000522,1
1605,9904,81.81,3.254488356362935,7.52294907720547,-0.23620000000000552,1
2330,2354,1117.26,1.5278527918781692,16.150050761421287,-6.155649999999923,1
2330,2454,1151.55,1.4616844455470226,11.091664599354965,-8.40949999999998,1
2337,2354,490.8579,1.8079859466287909,5.99999999999997,0.6286999999999807,1
2354,2886,201.20929999999998,3.254488356362935,7.52294907720547,0.1296750000000202,1
2353,2618,40.59,2.9250000000000016,20.10344827586205,0.08212500000000311,1
2352,2356,173.30537500000003,2.2011242403781104,9.193923024983164,0.3789499999999748,1
2352,3481,148.725,1.1433818417759427,7.290679890624436,0.20145000000000834,1
2352,6456,377.40575,1.1433818417759427,7.290679890624436,-1.0838749999999777,1
3231,3481,119.47052500000001,1.8916951729380467,12.846636259977194,0.27052500000000634,1
