stock1,stock2,trade_capital,open,loss,reward,open_num
1326,3019,148.1774,3.254488356362935,7.52294907720547,-0.6225999999999914,1
1319,3682,105.067875,1.1433818417759427,7.290679890624436,0.18372500000000969,1
1314,2883,66.69980000000001,0.6133408446003465,20.043565348022334,-0.3601999999999954,1
1301,1536,395.22025,3.254488356362935,7.52294907720547,0.4644500000000278,1
1301,1605,142.78500000000003,1.5278527918781692,16.150050761421287,-0.0882000000000005,1
1301,1789,526.815,3.254488356362935,7.52294907720547,0.27025000000001853,1
1301,3034,193.76999999999998,2.2011242403781104,9.193923024983164,0.3760000000000048,1
1301,3682,137.737875,1.4616844455470226,11.091664599354965,0.02942500000001047,1
1536,2883,190.164325,1.8079859466287909,5.99999999999997,0.664324999999991,1
1536,3019,556.1645000000001,2.1048266865449103,22.69250838613482,1.1645000000000323,1
2301,2454,512.7297500000001,3.254488356362935,7.52294907720547,-0.2702499999999475,1
2308,3682,203.61787500000003,1.4616844455470226,11.091664599354965,-0.08037499999998232,1
2344,2352,141.5308,1.8916951729380467,12.846636259977194,0.22867500000000973,1
2324,3034,434.44625,1.8079859466287909,5.99999999999997,-0.9572499999999735,1
2352,2883,38.9872,1.8079859466287909,5.99999999999997,0.03883000000000081,1
2352,3019,114.95580000000001,1.9903685727286529,4.999999999999846,0.11662499999998488,1
2352,3231,170.906,1.8916951729380467,12.846636259977194,0.2342000000000084,1
2352,3682,53.54572499999999,1.8916951729380467,12.846636259977194,0.1659999999999897,1
2498,2882,298.3911,2.2011242403781104,9.193923024983164,-0.9846499999999736,1
2498,9910,630.5527500000001,2.2011242403781104,9.193923024983164,-1.4472499999999968,1
2801,9910,206.61875,2.9250000000000016,20.10344827586205,0.41925000000000523,1
2834,2882,87.376475,3.254488356362935,7.52294907720547,-0.23867500000000064,1
2834,2888,15.738295,4.2079168858495475,14.57469752761706,-0.024869999999999948,1
2882,2883,71.4504,4.323914893617021,9.632680851063803,-0.14474999999999838,1
2882,3019,97.91065,3.254488356362935,7.52294907720547,-0.5546499999999952,1
2888,3019,84.06,1.4616844455470226,11.091664599354965,0.2593000000000032,1
2888,3702,76.98910000000001,3.254488356362935,7.52294907720547,0.07820000000000249,1
