stock1,stock2,trade_capital,open,loss,reward,open_num
1476,2352,378.54625000000004,2.030242211571373,14.706692913385783,-0.081999999999951,1
1476,2892,394.90675000000005,1.8916951729380467,12.846636259977194,0.1567500000000308,1
1326,2308,621.067,2.9250000000000016,20.10344827586205,-0.9329999999999359,1
1101,2885,98.672875,1.8079859466287909,5.99999999999997,-0.0036749999999869942,1
2002,3443,222.009125,2.9250000000000016,20.10344827586205,0.15087500000001342,1
1802,2344,105.89805000000001,3.254488356362935,7.52294907720547,0.7319250000000039,1
2103,2451,449.55,1.1433818417759427,7.290679890624436,0.7485000000000284,1
2317,2352,166.26515,3.254488356362935,7.52294907720547,0.3369000000000142,1
2352,2823,107.35365,1.8079859466287909,5.99999999999997,0.07577500000001436,1
2352,3682,35.65955,1.4616844455470226,11.091664599354965,0.09382500000000249,1
2353,2633,132.3,2.2011242403781104,9.193923024983164,0.17890000000002004,1
2379,2449,210.23290000000003,2.2011242403781104,9.193923024983164,0.3671500000000236,1
2379,2885,163.652875,2.9250000000000016,20.10344827586205,0.48712500000002024,1
2379,2892,192.90925000000001,1.8916951729380467,12.846636259977194,-0.053749999999979536,1
2603,2888,55.036925,2.9250000000000016,20.10344827586205,0.11502499999999749,1
2618,2823,62.5061,1.8916951729380467,12.846636259977194,-0.2938999999999936,1
2618,2834,53.996075000000005,1.9903685727286529,4.999999999999846,-0.08737499999999443,1
2618,2885,53.056725,1.8916951729380467,12.846636259977194,0.06794999999999796,1
2618,3481,27.908075,3.508635996771593,16.51957223567391,0.1580750000000002,1
2618,6176,92.56095,4.2079168858495475,14.57469752761706,0.36095000000000965,1
2823,2888,68.60865000000001,4.2079168858495475,14.57469752761706,-0.10927499999999668,1
2823,3481,52.223725,2.9250000000000016,20.10344827586205,-0.03212499999999707,1
2886,3682,74.38825,1.8916951729380467,12.846636259977194,0.13825000000000287,1
2890,3532,138.48055,2.9250000000000016,20.10344827586205,-0.6724499999999907,1
2890,3682,82.360625,2.9250000000000016,20.10344827586205,0.12002499999999117,1
3481,3532,235.8,3.254488356362935,7.52294907720547,1.3543750000000188,1
