stock1,stock2,trade_capital,open,loss,reward,open_num
1303,6116,427.65755,2.9250000000000016,20.10344827586205,-1.042449999999974,1
1402,6116,78.56094999999999,1.9903685727286529,4.999999999999846,-0.2786249999999697,1
1504,1536,270.53625,2.9250000000000016,20.10344827586205,0.820999999999998,1
1504,3702,214.17587500000002,3.254488356362935,7.52294907720547,0.4164750000000055,1
1504,5871,192.61065000000002,2.9250000000000016,20.10344827586205,0.21065000000002954,1
1504,6116,152.021625,3.254488356362935,7.52294907720547,0.4716250000000102,1
1536,9904,305.1,2.9250000000000016,20.10344827586205,-0.5084999999999695,1
1605,6116,38.73675,4.2079168858495475,14.57469752761706,-0.16037499999999838,1
2103,5871,479.230075,3.254488356362935,7.52294907720547,0.8300750000000221,1
2103,6116,96.25540000000001,0.6133408446003465,20.043565348022334,-0.6946000000000012,1
2324,2448,214.328025,0.6133408446003465,20.043565348022334,0.4280249999999981,1
2325,2448,234.576625,0.6133408446003465,20.043565348022334,0.39059999999999917,1
2377,6116,129.50545,0.6133408446003465,20.043565348022334,-1.094549999999991,1
2448,9945,217.926625,0.6133408446003465,20.043565348022334,0.46827499999999844,1
2439,2448,418.621125,0.6133408446003465,20.043565348022334,0.6211250000000064,1
2606,6116,96.77437499999999,3.508635996771593,16.51957223567391,-0.6504499999999993,1
2618,9945,57.29665,1.8916951729380467,12.846636259977194,0.009250000000001535,1
2915,6116,105.70475,0.6133408446003465,20.043565348022334,-0.6657499999999956,1
6116,6176,131.26475000000002,0.6133408446003465,20.043565348022334,-1.30745000000001,1
