stock1,stock2,trade_capital,open,loss,reward,open_num
1101,2353,199.13340000000002,1.8916951729380467,12.846636259977194,0.17465000000000686,1
2103,2383,231.022,2.9250000000000016,20.10344827586205,0.9885000000000161,1
2317,2357,799.3837500000001,1.8916951729380467,12.846636259977194,3.7625000000001023,1
2371,3702,170.52360000000002,3.254488356362935,7.52294907720547,-1.0137749999999812,1
2383,2880,221.1135,1.4616844455470226,11.091664599354965,0.40425000000000466,1
2383,2891,222.80525,1.8916951729380467,12.846636259977194,0.39375000000001137,1
2454,2880,343.16575,1.8916951729380467,12.846636259977194,-0.30724999999999625,1
