stock1,stock2,trade_capital,open,loss,reward,open_num
1216,2379,500.83500000000004,1.5278527918781692,16.150050761421287,-1.2994999999999663,1
1314,2454,368.52650000000006,1.4616844455470226,11.091664599354965,0.18450000000004252,1
1314,2891,132.88500000000002,2.9250000000000016,20.10344827586205,-0.3712500000000034,1
1314,6116,92.65887500000001,1.1433818417759427,7.290679890624436,-0.5458750000000023,1
1704,2379,479.70000000000005,2.9250000000000016,20.10344827586205,0.9478750000000389,1
2303,2891,131.53500000000003,3.254488356362935,7.52294907720547,0.32995000000001085,1
2330,2809,368.32500000000005,2.9250000000000016,20.10344827586205,1.1335000000000264,1
2330,2881,454.05725,4.2079168858495475,14.57469752761706,0.7792500000000189,1
2379,6116,139.5,1.4616844455470226,11.091664599354965,0.5163750000000036,1
