stock1,stock2,trade_capital,open,loss,reward,open_num
1314,3443,339.01475000000005,1.1433818417759427,7.290679890624436,-0.2704999999999558,1
1216,2303,247.2729,2.9250000000000016,20.10344827586205,0.31869999999997844,1
1216,2409,313.3172,3.254488356362935,7.52294907720547,0.7197000000000173,1
1722,2317,141.787,1.8079859466287909,5.99999999999997,0.28700000000000614,1
1722,2633,140.625,1.8079859466287909,5.99999999999997,0.11510000000000531,1
2317,2891,193.0705,2.9250000000000016,20.10344827586205,0.4447500000000133,1
2353,9945,224.87580000000003,3.254488356362935,7.52294907720547,0.2884250000000037,1
2352,2409,121.255725,3.254488356362935,7.52294907720547,0.4574750000000094,1
2448,9945,201.81045000000003,1.5278527918781692,16.150050761421287,0.4230750000000185,1
2883,2888,52.589475,2.9250000000000016,20.10344827586205,0.01404999999999923,1
2891,9904,73.3047,3.254488356362935,7.52294907720547,0.03435000000000343,1
2888,2915,189.37237500000003,1.5278527918781692,16.150050761421287,0.24242500000001144,1
2915,3406,576.0160000000001,1.9903685727286529,4.999999999999846,-0.41724999999993884,1
3019,4915,601.4535000000001,1.9903685727286529,4.999999999999846,1.534750000000031,1
