stock1,stock2,trade_capital,open,loss,reward,open_num
1301,2845,126.18,4.2079168858495475,14.57469752761706,-0.6596249999999841,1
1476,4958,616.1995,1.5278527918781692,16.150050761421287,-8.956999999999994,1
1504,2618,105.14205000000001,2.9250000000000016,20.10344827586205,0.3920500000000118,1
1504,3481,85.23,1.8079859466287909,5.99999999999997,-0.4416000000000011,1
1477,2884,202.25975,3.254488356362935,7.52294907720547,0.17825000000000557,1
1477,3702,316.33837500000004,2.9250000000000016,20.10344827586205,-0.743124999999992,1
1722,2347,115.29925,2.9250000000000016,20.10344827586205,-1.6288750000000007,1
2105,2618,123.13600000000001,1.1433818417759427,7.290679890624436,-0.39169999999999305,1
2317,2618,167.23600000000002,2.2011242403781104,9.193923024983164,0.23375000000001478,1
2311,2618,95.8538,2.9250000000000016,20.10344827586205,0.25022500000000747,1
2311,9914,289.125,3.254488356362935,7.52294907720547,2.0143750000000296,1
2327,2887,389.75575000000003,1.8079859466287909,5.99999999999997,1.154125000000036,1
2327,3481,385.4595,1.4616844455470226,11.091664599354965,-4.838374999999999,1
2352,4915,172.1273,1.9903685727286529,4.999999999999846,0.325800000000001,1
2357,3443,1801.333,0.6133408446003465,20.043565348022334,-16.322999999999865,1
2412,2887,158.46195,2.2011242403781104,9.193923024983164,0.46195000000001585,1
2412,2891,288.0485,2.2011242403781104,9.193923024983164,0.535000000000025,1
2412,6505,304.53650000000005,2.1048266865449103,22.69250838613482,1.0260000000000247,1
2454,4915,704.08575,3.254488356362935,7.52294907720547,-5.098749999999939,1
2618,2823,155.941,2.2011242403781104,9.193923024983164,-0.0469749999999749,1
2618,2881,120.57100000000001,2.9250000000000016,20.10344827586205,-0.03794999999998794,1
2618,2884,47.039550000000006,1.1433818417759427,7.290679890624436,0.026575000000004678,1
2618,3443,344.4825,2.9250000000000016,20.10344827586205,0.9825000000000017,1
2618,3481,42.144400000000005,2.9250000000000016,20.10344827586205,0.08482500000000393,1
2618,5880,29.9372,2.2011242403781104,9.193923024983164,0.05252500000000282,1
2823,5880,59.49065,2.9250000000000016,20.10344827586205,-0.04367499999999325,1
2883,5880,33.327325,2.9250000000000016,20.10344827586205,-0.06275499999999923,1
2887,3481,25.319675,1.1433818417759427,7.290679890624436,-0.039899999999997604,1
2887,4943,600.847375,0.6133408446003465,20.043565348022334,0.3473750000000706,1
4958,5880,148.09662500000002,1.8079859466287909,5.99999999999997,0.016675000000006435,1
