stock1,stock2,trade_capital,open,loss,reward,open_num
1303,2324,162.0438,2.9250000000000016,20.10344827586205,0.1407999999999987,1
1303,2330,788.13,3.508635996771593,16.51957223567391,0.5836000000001036,1
1303,2886,173.835,1.8079859466287909,5.99999999999997,0.10967499999999575,1
1101,6285,465.255,4.2079168858495475,14.57469752761706,0.02337500000004411,1
1301,2383,283.85775,3.254488356362935,7.52294907720547,-0.1528499999999866,1
1301,6285,476.06485000000004,4.323914893617021,9.632680851063803,0.11985000000001378,1
1504,2383,714.22875,3.254488356362935,7.52294907720547,3.3102500000000106,1
1504,9945,161.07515000000004,2.9250000000000016,20.10344827586205,-0.3132500000000178,1
2301,3702,317.83500000000004,2.9250000000000016,20.10344827586205,0.5187000000000239,1
2324,2498,155.745,1.1433818417759427,7.290679890624436,-0.10979999999997858,1
2330,2344,273.80225,2.9250000000000016,20.10344827586205,0.07625000000003013,1
2344,2823,67.68,3.254488356362935,7.52294907720547,0.23667500000000885,1
2337,2823,104.60130000000001,2.9250000000000016,20.10344827586205,0.1796750000000067,1
2383,2498,677.781,2.9250000000000016,20.10344827586205,2.9501500000000362,1
2383,9933,260.90775,2.2011242403781104,9.193923024983164,0.9837500000000006,1
2382,2915,401.56600000000003,4.323914893617021,9.632680851063803,-0.4176999999999822,1
2382,9933,423.54,2.2011242403781104,9.193923024983164,0.6920000000000073,1
2492,2498,314.61825,2.9250000000000016,20.10344827586205,0.9105500000000433,1
2498,3231,198.06775,2.9250000000000016,20.10344827586205,0.4808750000000117,1
2823,2881,73.80860000000001,4.2079168858495475,14.57469752761706,0.03457500000000735,1
2881,6285,205.74,4.2079168858495475,14.57469752761706,0.3061249999999802,1
3231,5880,92.655,3.254488356362935,7.52294907720547,0.19504999999999484,1
6285,9938,481.5,3.254488356362935,7.52294907720547,-1.8009999999999735,1
