stock1,stock2,trade_capital,open,loss,reward,open_num
1434,2301,191.167375,4.2079168858495475,14.57469752761706,0.45630000000001303,1
1434,2439,392.4105,3.254488356362935,7.52294907720547,0.6605000000000132,1
1434,2882,195.44237500000003,3.508635996771593,16.51957223567391,0.19917500000001098,1
1434,3706,281.12237500000003,2.9250000000000016,20.10344827586205,0.5060750000000098,1
1434,9921,285.37275,3.254488356362935,7.52294907720547,0.5485000000000184,1
1101,2324,130.62377500000002,1.8916951729380467,12.846636259977194,0.23714999999999975,1
1102,2103,169.745,1.8916951729380467,12.846636259977194,0.24500000000001165,1
2103,2324,125.95500000000001,1.1433818417759427,7.290679890624436,0.3891749999999945,1
2103,2498,151.875,4.323914893617021,9.632680851063803,-1.251624999999983,1
2103,2882,276.334875,3.254488356362935,7.52294907720547,-0.915124999999982,1
2105,2498,549.56325,2.9250000000000016,20.10344827586205,1.5304499999999734,1
2105,2882,353.074,3.254488356362935,7.52294907720547,-0.8486999999999796,1
2301,2439,295.74,3.254488356362935,7.52294907720547,1.0048500000000047,1
2301,6116,222.12,2.1048266865449103,22.69250838613482,0.07912500000001543,1
2324,2812,48.0618,2.9250000000000016,20.10344827586205,0.024475000000002467,1
2327,2449,324.70825,1.1433818417759427,7.290679890624436,0.23962500000001796,1
2354,2498,650.4300000000001,2.9250000000000016,20.10344827586205,4.208000000000084,1
2395,2884,317.273375,2.2011242403781104,9.193923024983164,-0.2266249999999843,1
2439,3481,293.837,1.8079859466287909,5.99999999999997,0.5500000000000043,1
2439,3702,374.8121,1.8916951729380467,12.846636259977194,1.0990999999999929,1
2498,2881,362.04,2.1048266865449103,22.69250838613482,1.033600000000007,1
2498,2883,107.73010000000001,2.9250000000000016,20.10344827586205,0.6768999999999963,1
2812,9945,74.11800000000001,3.254488356362935,7.52294907720547,0.03412500000000307,1
