stock1,stock2,trade_capital,open,loss,reward,open_num
2049,5264,1065.45,2.9250000000000016,20.10344827586205,-4.314999999999941,1
3034,4915,227.649,3.508635996771593,16.51957223567391,0.09900000000001796,1
