stock1,stock2,trade_capital,open,loss,reward,open_num
1909,5880,97.30612500000001,9.98977440750324,24.99573317561555,-0.1438750000000013,1
