stock1,stock2,trade_capital,open,loss,reward,open_num
2377,9938,662.8725000000001,2.9250000000000016,20.10344827586205,0.2585000000000264,1
