stock1,stock2,trade_capital,open,loss,reward,open_num
1605,3532,180.345,2.9250000000000016,20.10344827586205,0.5281250000000028,1
2371,2383,191.270625,2.9250000000000016,20.10344827586205,0.020625000000009663,1
2371,2409,90.82237500000001,2.9250000000000016,20.10344827586205,-0.22762499999998909,1
