stock1,stock2,trade_capital,open,loss,reward,open_num
2615,2823,64.614,4.471572794899045,12.523910733262484,-0.27149999999999963,1
3682,6456,168.8175,2.9250000000000016,20.10344827586205,0.06312500000001364,1
