stock1,stock2,trade_capital,open,loss,reward,open_num
2327,2451,556.65,1.4616844455470226,11.091664599354965,3.9400000000000546,1
3481,3532,180.45000000000002,1.1433818417759427,7.290679890624436,1.3441250000000302,1
