stock1,stock2,trade_capital,open,loss,reward,open_num
1314,1605,36.1245,4.2079168858495475,14.57469752761706,-0.2462499999999963,1
1314,1789,134.4495,9.98977440750324,24.99573317561555,-0.30237499999999073,1
1723,2377,680.4,4.2079168858495475,14.57469752761706,-1.3912499999999568,1
2408,4938,538.38,9.98977440750324,24.99573317561555,-0.6974999999999625,1
5871,9914,489.51,2.9250000000000016,20.10344827586205,-0.8705000000000211,1
