stock1,stock2,trade_capital,open,loss,reward,open_num
2439,3443,1806.7875,3.508635996771593,16.51957223567391,-5.702499999999986,1
3443,6269,1050.3,2.9250000000000016,20.10344827586205,-7.904999999999916,1
