stock1,stock2,trade_capital,open,loss,reward,open_num
2454,4943,441.87,1.4616844455470226,11.091664599354965,2.8200000000000216,1
