stock1,stock2,trade_capital,open,loss,reward,open_num
1402,2383,664.883625,1.1433818417759427,7.290679890624436,-1.966374999999985,1
2049,2201,337.06875,9.98977440750324,24.99573317561555,-0.12812499999998295,1
2049,2303,263.925,3.508635996771593,16.51957223567391,-1.9268749999999741,1
2049,2352,256.41375000000005,5.022148337595906,22.808695652173878,-2.1041249999999607,1
2049,2371,437.054625,9.98977440750324,24.99573317561555,1.0046250000000008,1
2049,2439,1444.275,5.022148337595906,22.808695652173878,-9.731249999999989,1
2317,2454,460.2075,9.98977440750324,24.99573317561555,1.0732500000001153,1
