stock1,stock2,trade_capital,open,loss,reward,open_num
2204,2882,170.83800000000002,9.98977440750324,24.99573317561555,-0.5488749999999953,1
