stock1,stock2,trade_capital,open,loss,reward,open_num
2610,3019,169.606875,1.4616844455470226,11.091664599354965,-2.450624999999988,1
