stock1,stock2,trade_capital,open,loss,reward,open_num
2015,2615,110.72137500000001,3.508635996771593,16.51957223567391,0.05912499999999454,1
2371,2615,117.586875,2.2011242403781104,9.193923024983164,-0.6478749999999867,1
