stock1,stock2,trade_capital,open,loss,reward,open_num
1802,2882,135.9855,2.9250000000000016,20.10344827586205,0.5361250000000055,1
2201,2882,160.086,9.98977440750324,24.99573317561555,0.17162500000001302,1
