stock1,stock2,trade_capital,open,loss,reward,open_num
2204,5871,207.87900000000002,9.98977440750324,24.99573317561555,-1.3209999999999837,1
2377,6505,617.1532500000001,1.8079859466287909,5.99999999999997,3.5532500000000624,1
