stock1,stock2,trade_capital,open,loss,reward,open_num
1802,2449,127.71000000000001,4.2079168858495475,14.57469752761706,0.7591249999999903,1
1802,3706,58.3875,3.254488356362935,7.52294907720547,-0.20375000000000298,1
2313,6505,189.02625,1.8916951729380467,12.846636259977194,-0.22374999999998124,1
