stock1,stock2,trade_capital,open,loss,reward,open_num
1789,2892,92.83500000000001,1.3000000000000007,23.0,0.09489999999999554,1
1605,2887,48.84415,1.3000000000000007,23.0,0.0706500000000112,1
2409,3682,78.532025,2.7500000000000018,15.0,0.3320250000000051,1
2409,5264,159.05100000000002,1.3000000000000007,23.0,0.49500000000001876,1
2474,5264,746.126,1.3000000000000007,23.0,1.82325000000003,1
2492,2885,84.285,1.3000000000000007,23.0,0.10915000000001385,1
2492,2887,85.995,1.3000000000000007,23.0,0.10630000000001871,1
2492,3682,100.681625,3.3500000000000023,16.0,0.44062500000001137,1
3189,3682,125.55635,1.3000000000000007,23.0,0.053350000000001785,1
4958,6116,107.376175,2.7500000000000018,15.0,-0.2218249999999813,1
