stock1,stock2,trade_capital,open,loss,reward,open_num
2308,3019,777.1125,2.7500000000000018,15.0,0.2887499999999932,1
2337,2454,274.22525,1.3000000000000007,23.0,-1.6711249999999893,1
2377,2880,147.97770000000003,3.3500000000000023,16.0,0.37770000000001147,1
2801,3706,208.91275000000002,2.7500000000000018,15.0,0.2278750000000258,1
2880,5871,156.88100000000003,1.3000000000000007,23.0,-0.2465999999999866,1
2883,3673,131.175,2.9000000000000017,20.0,-0.06884999999998342,1
3673,4958,245.23160000000001,1.3000000000000007,23.0,0.6316000000000201,1
