stock1,stock2,trade_capital,open,loss,reward,open_num
1314,2303,82.4761,1.3000000000000007,23.0,0.12610000000000632,1
1909,2357,421.40225000000004,1.3000000000000007,23.0,-0.1689999999999543,1
1909,2454,452.00225,1.3000000000000007,23.0,0.03150000000002251,1
2383,2880,221.1135,1.3000000000000007,23.0,0.40425000000000466,1
