stock1,stock2,trade_capital,open,loss,reward,open_num
1605,2352,96.76155000000003,1.3000000000000007,23.0,0.2504500000000185,1
2352,2409,34.998850000000004,1.3000000000000007,23.0,0.045550000000000423,1
2354,3682,138.36380000000003,1.3000000000000007,23.0,0.033925000000017747,1
2379,3034,980.24125,1.3000000000000007,23.0,2.9572500000000446,1
2492,2887,120.3935,1.3000000000000007,23.0,-0.0388499999999965,1
2492,3481,120.8425,1.3000000000000007,23.0,0.05725000000001046,1
2887,4915,129.39350000000002,1.6500000000000008,16.0,0.04600000000000648,1
2887,4938,158.01350000000002,2.4000000000000017,10.0,-0.3515499999999889,1
3443,3682,204.75,1.3000000000000007,23.0,-0.09162499999997209,1
