stock1,stock2,trade_capital,open,loss,reward,open_num
1704,6505,628.9300000000001,1.3000000000000007,23.0,1.0223750000000393,1
1909,2412,482.895,1.3000000000000007,23.0,1.591575000000013,1
2344,2353,24.762675,2.7500000000000018,15.0,0.11047500000000277,1
2353,2448,94.5074,1.3000000000000007,23.0,0.1967749999999988,1
2353,2885,71.55,1.3000000000000007,23.0,0.13037500000000435,1
2360,2885,146.24285,1.3000000000000007,23.0,0.02035000000000764,1
2360,6505,712.62945,1.3000000000000007,23.0,1.6294500000000198,1
2448,6176,359.97575,2.7500000000000018,15.0,1.1528000000000063,1
2615,2885,75.195,1.3000000000000007,23.0,0.1742250000000034,1
2633,6505,195.900375,1.3000000000000007,23.0,0.4391250000000042,1
2881,6505,672.7737500000001,1.3000000000000007,23.0,1.4669500000000255,1
6176,6505,543.77625,1.3000000000000007,23.0,1.4454500000000223,1
