stock1,stock2,trade_capital,open,loss,reward,open_num
1314,2330,430.758,2.1000000000000014,9.0,0.34412499999999824,1
1314,4958,118.36075,0.5,10.0,0.0625000000000071,1
1314,6414,344.26075000000003,1.3000000000000007,23.0,1.6830000000000425,1
2204,2884,116.93125,1.3000000000000007,23.0,0.07029999999999959,1
2330,2892,205.23149999999998,2.1000000000000014,9.0,0.2388999999999939,1
2345,2352,154.46975,1.4500000000000008,5.0,-0.3412000000000006,1
2345,2891,153.20125,2.1000000000000014,9.0,0.009850000000000136,1
2345,6414,500.58299999999997,2.1000000000000014,9.0,-7.2798499999999535,1
2352,6414,378.20975000000004,1.3000000000000007,23.0,0.6335000000000122,1
2454,4943,1214.79375,0.5,10.0,7.068750000000136,1
2880,5880,110.804375,2.1000000000000014,9.0,0.07907500000000312,1
2891,6414,400.548,2.1000000000000014,9.0,0.13425000000002285,1
