stock1,stock2,trade_capital,open,loss,reward,open_num
1504,2408,190.215,2.1000000000000014,9.0,0.2820750000000203,1
1504,2912,351.225,2.2500000000000018,12.0,0.9123749999999973,1
1504,9933,175.102925,1.3000000000000007,23.0,0.06529999999999347,1
1303,2308,229.977,1.3000000000000007,23.0,0.14330000000001064,1
2103,2880,115.17697500000001,2.1000000000000014,9.0,0.12697500000001583,1
2103,4958,441.43685000000005,2.1000000000000014,9.0,1.5868500000000267,1
2308,2409,215.982,2.2500000000000018,12.0,0.4162500000000051,1
2308,2891,204.0618,1.4500000000000008,5.0,0.1688000000000116,1
2308,2912,1482.435,1.3000000000000007,23.0,1.6600000000000819,1
2352,2884,58.01285000000001,2.2500000000000018,12.0,0.06285000000000807,1
2344,2891,116.888,2.1000000000000014,9.0,0.4710500000000124,1
2344,3481,72.6482,2.1000000000000014,9.0,0.0821000000000005,1
2347,2357,387.6435,2.1000000000000014,9.0,0.630500000000012,1
2347,6176,179.03105000000002,1.3000000000000007,23.0,0.08105000000003315,1
2409,2603,62.730000000000004,2.1000000000000014,9.0,0.14507500000000206,1
2409,2618,64.2873,2.1000000000000014,9.0,0.14784999999999826,1
2409,6285,137.205,2.1000000000000014,9.0,0.020949999999999136,1
2603,4958,377.92760000000004,2.1000000000000014,9.0,1.6148500000000752,1
2618,2834,69.56835000000001,2.1000000000000014,9.0,0.04064999999999941,1
2618,2891,33.8806,2.1000000000000014,9.0,0.046750000000002956,1
2834,2912,265.13835,2.1000000000000014,9.0,-0.3351499999999774,1
2884,3481,133.60500000000002,2.1000000000000014,9.0,0.22665000000000646,1
2884,4958,135.59500000000003,2.1000000000000014,9.0,0.0852000000000146,1
3481,4958,212.231175,2.1000000000000014,9.0,0.9311750000000103,1
3231,4958,458.3115,2.1000000000000014,9.0,2.111500000000035,1
6285,9921,677.25,1.3000000000000007,23.0,1.3675000000000637,1
