stock1,stock2,trade_capital,open,loss,reward,open_num
1216,2891,134.29825,2.1000000000000014,9.0,0.09824999999999307,1
1605,2344,63.855000000000004,1.3000000000000007,23.0,0.14320000000000732,1
1605,3034,175.9435,1.3000000000000007,23.0,-0.023749999999999716,1
2313,4915,74.24445,2.1000000000000014,9.0,-0.11984999999999602,1
2344,2474,392.97525,1.3000000000000007,23.0,-2.3526249999999607,1
2344,6285,166.39030000000002,1.3000000000000007,23.0,-0.46257499999998686,1
2344,9910,197.26925,1.3000000000000007,23.0,-0.058624999999977945,1
2439,2448,310.275,1.3000000000000007,23.0,0.9806250000000034,1
2439,2801,254.96912500000002,2.1000000000000014,9.0,0.3386250000000217,1
2454,9945,366.41150000000005,2.2500000000000018,12.0,0.17250000000004206,1
2448,6285,232.29000000000002,2.1000000000000014,9.0,0.22687500000000682,1
2448,9945,212.175,2.1000000000000014,9.0,0.14562500000000966,1
2542,9910,346.66925000000003,1.3000000000000007,23.0,0.9420000000000357,1
2474,2891,413.379,2.1000000000000014,9.0,0.12899999999999068,1
2474,3673,748.35,2.1000000000000014,9.0,4.244500000000016,1
2633,3706,126.93690000000002,1.3000000000000007,23.0,0.20410000000001816,1
2618,2891,141.801625,2.1000000000000014,9.0,0.22522499999999468,1
2801,3706,118.70912500000001,2.1000000000000014,9.0,0.11640000000001294,1
2809,3706,182.4085,2.2500000000000018,12.0,-0.12907499999998606,1
