stock1,stock2,trade_capital,open,loss,reward,open_num
1590,2884,416.39750000000004,2.1000000000000014,9.0,-1.1397499999999923,1
2002,3481,97.36065000000002,2.1000000000000014,9.0,0.24955000000001704,1
2301,2880,134.94727500000002,2.1000000000000014,9.0,0.1472750000000147,1
2311,2344,226.9473,1.4500000000000008,5.0,0.34592500000002246,1
2344,2371,62.501400000000004,2.1000000000000014,9.0,-0.14854999999999308,1
2344,3231,57.708600000000004,1.3000000000000007,23.0,-0.39134999999999565,1
2344,6116,55.31455000000001,2.1000000000000014,9.0,-0.08542499999998654,1
2371,2891,27.2988,1.3000000000000007,23.0,0.056199999999998695,1
2371,3481,33.99745,2.1000000000000014,9.0,0.1468999999999987,1
2409,3481,24.614449999999998,2.1000000000000014,9.0,0.06114999999999782,1
2409,6116,48.411625,2.2500000000000018,12.0,0.07117500000001442,1
2633,3406,415.13050000000004,1.3000000000000007,23.0,2.10912500000002,1
2881,3406,522.807,2.1000000000000014,9.0,3.179875000000038,1
2884,3406,393.432,2.1000000000000014,9.0,1.8947500000000446,1
2884,3481,109.25890000000001,2.1000000000000014,9.0,0.07202500000001066,1
2884,4938,169.59312500000001,2.1000000000000014,9.0,0.08217500000000655,1
3019,3406,546.5487499999999,2.1000000000000014,9.0,2.129250000000013,1
3231,4938,373.503,1.3000000000000007,23.0,-1.3993999999999573,1
3443,4958,340.89755,0.5,10.0,0.9408000000000101,1
3406,3481,370.96000000000004,1.3000000000000007,23.0,1.1822500000000247,1
3481,4938,105.8389,2.1000000000000014,9.0,0.22749999999999204,1
