stock1,stock2,trade_capital,open,loss,reward,open_num
1216,3481,118.92135,1.4500000000000008,5.0,0.07135000000000247,1
1319,2379,381.37175,1.3000000000000007,23.0,0.4105000000000132,1
1303,2345,201.19775,2.2500000000000018,12.0,-0.8022499999999724,1
1909,2344,63.855000000000004,2.1000000000000014,9.0,0.1931250000000091,1
1605,3481,23.44715,1.3000000000000007,23.0,0.06280000000000285,1
2344,2801,35.27405,1.4500000000000008,5.0,0.04390000000000427,1
2344,2886,59.614525,1.3000000000000007,23.0,0.10422500000000667,1
2344,2891,53.67345,1.4500000000000008,5.0,0.16315000000000524,1
2344,3706,76.902075,1.4500000000000008,5.0,0.1267000000000067,1
2353,2356,63.40475000000001,1.4500000000000008,5.0,-0.14524999999999721,1
2353,2408,113.13005000000001,1.4500000000000008,5.0,0.13005000000000422,1
2353,2801,100.62900000000002,1.3000000000000007,23.0,0.19092500000000712,1
2353,2882,114.72765000000001,1.4500000000000008,5.0,-0.17234999999998735,1
2353,2883,27.86175,1.4500000000000008,5.0,-0.044219999999997484,1
2353,2886,48.289500000000004,1.4500000000000008,5.0,0.023950000000006355,1
2353,9933,110.59875000000001,1.4500000000000008,5.0,-0.323024999999987,1
2354,2408,310.04999999999995,2.2500000000000018,12.0,0.282050000000055,1
2356,3481,55.260000000000005,2.1000000000000014,9.0,-0.042175000000000296,1
2379,2882,296.65435,2.1000000000000014,9.0,0.2543500000000165,1
2379,6176,493.75825000000003,2.1000000000000014,9.0,-0.2417499999999677,1
2615,3481,74.923975,2.1000000000000014,9.0,0.27760000000000673,1
2801,2891,85.18090000000001,2.2500000000000018,12.0,0.11935000000000073,1
2801,6176,136.749875,1.4500000000000008,5.0,0.1361750000000015,1
3481,3673,114.31479999999999,2.2500000000000018,12.0,0.018799999999998818,1
3481,3706,89.727075,1.3000000000000007,23.0,0.10532500000000056,1
3481,4958,122.40265000000002,2.1000000000000014,9.0,-0.09334999999997962,1
3481,6176,113.3163,2.1000000000000014,9.0,-0.17969999999999686,1
