stock1,stock2,trade_capital,open,loss,reward,open_num
1326,2492,555.62375,3.254488356362935,7.52294907720547,1.0910000000000508,1
1402,2301,257.04,2.9250000000000016,20.10344827586205,0.6699500000000285,1
1605,2308,296.28000000000003,1.8079859466287909,5.99999999999997,0.354925000000037,1
1605,3481,71.91,1.8079859466287909,5.99999999999997,0.1297750000000022,1
2002,2337,147.15,1.8079859466287909,5.99999999999997,0.10422500000001378,1
2105,2303,117.61200000000001,1.4616844455470226,11.091664599354965,0.16565000000001362,1
2105,2317,395.28,3.254488356362935,7.52294907720547,0.3397000000000219,1
2105,2409,107.876625,1.8079859466287909,5.99999999999997,0.4798250000000124,1
2105,2454,517.66575,1.8916951729380467,12.846636259977194,0.18400000000005434,1
2105,2881,137.16,2.9250000000000016,20.10344827586205,0.0709500000000105,1
2105,3481,108.37587500000001,1.1433818417759427,7.290679890624436,0.17952500000000526,1
2301,2474,474.975,2.9250000000000016,20.10344827586205,0.4565000000000339,1
2308,2881,321.3115,1.8079859466287909,5.99999999999997,0.3866999999999905,1
2303,2379,170.91525000000001,0.6133408446003465,20.043565348022334,-0.017749999999978172,1
2439,3034,634.669,1.8079859466287909,5.99999999999997,1.5160000000000196,1
2409,2439,263.853625,1.1433818417759427,7.290679890624436,0.8536250000000081,1
2409,2881,107.78662500000002,2.2011242403781104,9.193923024983164,0.1804249999999996,1
2409,3034,163.856625,1.1433818417759427,7.290679890624436,0.48637500000000955,1
2409,3673,147.72807500000002,1.1433818417759427,7.290679890624436,0.22807500000001824,1
2409,4958,123.08662500000001,1.9903685727286529,4.999999999999846,0.055075000000002206,1
2409,6456,247.50000000000003,1.8916951729380467,12.846636259977194,0.3363750000000181,1
2474,6456,1681.65,1.8079859466287909,5.99999999999997,2.1897500000000036,1
2881,3481,108.285875,1.9903685727286529,4.999999999999846,0.17967499999999603,1
3034,3673,303.6095,1.4616844455470226,11.091664599354965,0.5312500000000142,1
3481,3673,139.605875,2.030242211571373,14.706692913385783,-0.5219249999999889,1
4958,6456,530.1915,1.8079859466287909,5.99999999999997,0.6712500000000432,1
