stock1,stock2,trade_capital,open,loss,reward,open_num
1605,2324,85.31945,1.8079859466287909,5.99999999999997,0.059750000000008185,1
1605,3682,61.379450000000006,1.8079859466287909,5.99999999999997,0.19957500000000472,1
2345,3706,509.93219999999997,1.8079859466287909,5.99999999999997,-1.5237999999999943,1
2313,3682,75.55815,1.8079859466287909,5.99999999999997,0.1282750000000057,1
2324,2379,203.37900000000002,1.8079859466287909,5.99999999999997,0.4293750000000074,1
2324,3682,87.54015000000001,1.8079859466287909,5.99999999999997,0.21027500000000998,1
2324,6269,227.34300000000002,1.9903685727286529,4.999999999999846,-0.10662499999999397,1
2352,2492,169.81925,1.1433818417759427,7.290679890624436,0.2367500000000149,1
2352,3682,52.633925,1.8079859466287909,5.99999999999997,0.21577499999999716,1
2379,2633,231.955,1.8916951729380467,12.846636259977194,-0.11524999999998897,1
2379,3034,980.24125,1.4616844455470226,11.091664599354965,2.9572500000000446,1
2379,3682,161.02975,1.8079859466287909,5.99999999999997,-0.00012499999998993871,1
2408,2498,568.7927500000001,1.1433818417759427,7.290679890624436,0.9019500000000562,1
2408,2883,88.578,1.1433818417759427,7.290679890624436,0.052070000000000505,1
2474,3682,396.17650000000003,1.4616844455470226,11.091664599354965,-0.35337499999995003,1
2542,2633,219.805,1.8079859466287909,5.99999999999997,0.35470000000000823,1
2492,3702,239.085,2.9250000000000016,20.10344827586205,-0.5981749999999764,1
2633,2887,117.6035,1.8916951729380467,12.846636259977194,0.16550000000000864,1
2883,3682,83.4919,1.8079859466287909,5.99999999999997,0.06800000000001205,1
2887,4915,129.3035,1.8916951729380467,12.846636259977194,0.1460000000000008,1
2887,4938,158.1035,1.8916951729380467,12.846636259977194,-0.45154999999999745,1
2887,6269,194.64350000000002,1.8079859466287909,5.99999999999997,-0.06274999999997988,1
3702,6239,364.815,2.9250000000000016,20.10344827586205,0.4903250000000128,1
3682,6239,145.25345000000002,2.9250000000000016,20.10344827586205,0.3235750000000124,1
