stock1,stock2,trade_capital,open,loss,reward,open_num
2915,3532,408.77250000000004,5.022148337595906,22.808695652173878,0.44750000000003354,1
