stock1,stock2,trade_capital,open,loss,reward,open_num
1319,2049,311.175,9.98977440750324,24.99573317561555,2.4772500000000477,1
1319,4958,186.6705,4.2079168858495475,14.57469752761706,-0.15149999999999864,1
1504,2049,373.05,9.98977440750324,24.99573317561555,2.7043750000000415,1
