stock1,stock2,trade_capital,open,loss,reward,open_num
1802,6456,270.82125,4.2079168858495475,14.57469752761706,1.8212500000000205,1
