stock1,stock2,trade_capital,open,loss,reward,open_num
2357,2474,1418.34,9.98977440750324,24.99573317561555,-0.6437500000000114,1
