stock1,stock2,trade_capital,open,loss,reward,open_num
1326,2915,585.696,2.9250000000000016,20.10344827586205,3.3772500000000036,1
2308,3443,696.645,4.2079168858495475,14.57469752761706,0.6887500000000273,1
2377,2492,915.2062500000001,2.9250000000000016,20.10344827586205,-6.3899999999999295,1
2377,3673,400.95000000000005,3.508635996771593,16.51957223567391,2.3774999999999977,1
