stock1,stock2,trade_capital,open,loss,reward,open_num
3019,9945,199.99874999999997,3.508635996771593,16.51957223567391,0.7487500000000011,1
