stock1,stock2,trade_capital,open,loss,reward,open_num
1590,2823,386.9925,4.2079168858495475,14.57469752761706,-12.006249999999994,1
2303,2308,173.48812500000003,2.9250000000000016,20.10344827586205,1.2818750000000136,1
2303,2603,83.16,2.9250000000000016,20.10344827586205,-0.46349999999999625,1
2327,2603,386.750625,2.9250000000000016,20.10344827586205,-13.526874999999997,1
2834,3189,88.891125,2.9250000000000016,20.10344827586205,0.613624999999999,1
