stock1,stock2,trade_capital,open,loss,reward,open_num
1326,5871,915.2437500000001,3.508635996771593,16.51957223567391,-0.4112499999999386,1
