stock1,stock2,trade_capital,open,loss,reward,open_num
2317,9933,318.568125,9.98977440750324,24.99573317561555,0.781125000000003,1
2327,3481,1151.5125,1.8079859466287909,5.99999999999997,2.5993749999999594,1
2603,3481,101.55187500000001,3.508635996771593,16.51957223567391,0.38187500000000796,1
2610,9933,252.751125,9.98977440750324,24.99573317561555,-0.1557499999999976,1
