stock1,stock2,trade_capital,open,loss,reward,open_num
1477,2382,502.65,5.022148337595906,22.808695652173878,1.5962499999999977,1
