stock1,stock2,trade_capital,open,loss,reward,open_num
1504,2498,228.6525,4.471572794899045,12.523910733262484,-2.7544999999999504,1
