stock1,stock2,trade_capital,open,loss,reward,open_num
2327,6456,625.93875,2.9250000000000016,20.10344827586205,2.8737500000000296,1
3532,6456,775.5150000000001,2.9250000000000016,20.10344827586205,4.961250000000007,1
