stock1,stock2,trade_capital,open,loss,reward,open_num
2383,3673,663.2325000000001,2.9250000000000016,20.10344827586205,4.201250000000016,1
