stock1,stock2,trade_capital,open,loss,reward,open_num
1326,2317,520.9942500000001,4.2079168858495475,14.57469752761706,0.594250000000045,1
