stock1,stock2,trade_capital,open,loss,reward,open_num
2379,3406,908.46,2.9250000000000016,20.10344827586205,4.126250000000084,1
