stock1,stock2,trade_capital,open,loss,reward,open_num
1536,2492,944.78625,3.508635996771593,16.51957223567391,-2.850749999999948,1
1536,3019,907.25625,2.9250000000000016,20.10344827586205,-4.442250000000001,1
2492,2633,191.364375,9.98977440750324,24.99573317561555,-0.0498749999999859,1
2492,2883,129.04875,5.022148337595906,22.808695652173878,0.654500000000013,1
2633,2881,160.40437500000002,9.98977440750324,24.99573317561555,0.4351250000000064,1
2633,2892,131.784375,9.98977440750324,24.99573317561555,0.46475000000000577,1
