stock1,stock2,trade_capital,open,loss,reward,open_num
1326,2610,151.108125,2.9250000000000016,20.10344827586205,1.0931250000000006,1
2347,5264,194.235,3.254488356362935,7.52294907720547,0.18462500000001114,1
2610,5871,137.788125,2.9250000000000016,20.10344827586205,0.4318750000000051,1
2823,3673,206.225625,4.2079168858495475,14.57469752761706,0.7153750000000088,1
