stock1,stock2,trade_capital,open,loss,reward,open_num
2492,2888,498.32625,3.254488356362935,7.52294907720547,4.486875000000033,1
