stock1,stock2,trade_capital,open,loss,reward,open_num
2377,6456,762.5235,3.508635996771593,16.51957223567391,4.7184999999999775,1
