stock1,stock2,trade_capital,open,loss,reward,open_num
1504,2633,167.175,2.9250000000000016,20.10344827586205,0.2206249999999983,1
2371,3443,280.17375000000004,9.98977440750324,24.99573317561555,2.8168750000000102,1
2385,6269,814.3199999999999,1.4616844455470226,11.091664599354965,-3.853449999999981,1
2474,6269,750.47625,1.4616844455470226,11.091664599354965,0.809750000000065,1
3231,6269,146.88,1.4616844455470226,11.091664599354965,-0.7440499999999766,1
