stock1,stock2,trade_capital,open,loss,reward,open_num
1402,2409,59.52465000000001,1.4616844455470226,11.091664599354965,0.10677500000000961,1
1402,2412,377.3988,1.8079859466287909,5.99999999999997,0.685299999999998,1
1605,2885,75.42660000000001,1.4616844455470226,11.091664599354965,0.12647500000000989,1
2327,2801,312.2165,1.4616844455470226,11.091664599354965,0.2685000000000173,1
2408,2885,138.33,1.8079859466287909,5.99999999999997,0.21877500000002215,1
2492,6116,142.23632500000002,0.6133408446003465,20.043565348022334,0.03632500000001215,1
6116,6269,175.76775,0.6133408446003465,20.043565348022334,-0.023374999999994373,1
