stock1,stock2,trade_capital,open,loss,reward,open_num
2002,2454,326.07375,1.4616844455470226,11.091664599354965,-0.2581249999999784,1
2002,2880,73.3476,2.9250000000000016,20.10344827586205,0.13629999999999498,1
2105,2409,125.21190000000001,2.9250000000000016,20.10344827586205,-0.4380999999999915,1
2317,4904,257.3851,2.9250000000000016,20.10344827586205,0.6821000000000055,1
2317,4938,813.62125,2.9250000000000016,20.10344827586205,0.7152500000000259,1
2337,2377,169.425,2.9250000000000016,20.10344827586205,-0.08267499999998051,1
2337,2383,165.825,2.9250000000000016,20.10344827586205,0.7221250000000055,1
2337,2454,274.22525,1.4616844455470226,11.091664599354965,-1.6711249999999893,1
2337,3673,151.425,2.9250000000000016,20.10344827586205,-0.25237499999998647,1
2356,4958,174.59455000000003,1.4616844455470226,11.091664599354965,0.0701750000000061,1
2383,2454,887.85,1.4616844455470226,11.091664599354965,1.5157500000000965,1
2454,2880,281.17100000000005,1.8079859466287909,5.99999999999997,0.5447500000000218,1
2454,6505,688.67525,1.8079859466287909,5.99999999999997,2.8802500000000464,1
2801,3673,181.96725,1.4616844455470226,11.091664599354965,-0.5387499999999932,1
2881,2892,98.92845000000001,2.9250000000000016,20.10344827586205,0.09272500000001571,1
2886,3673,216.66512500000002,2.9250000000000016,20.10344827586205,-0.09087499999998272,1
2892,5871,156.06,2.9250000000000016,20.10344827586205,0.18922500000000753,1
3034,3673,492.72225000000003,1.4616844455470226,11.091664599354965,-1.3017499999999558,1
