stock1,stock2,trade_capital,open,loss,reward,open_num
1590,2884,416.39750000000004,1.4616844455470226,11.091664599354965,-1.1397499999999923,1
2002,3481,97.36065000000002,1.8079859466287909,5.99999999999997,0.24955000000001704,1
2105,2344,121.30835000000002,1.8079859466287909,5.99999999999997,-0.7915499999999867,1
2105,2371,109.248625,1.4616844455470226,11.091664599354965,0.17667500000000302,1
2204,2449,50.874875,2.9250000000000016,20.10344827586205,0.06952499999999873,1
2204,2884,75.8998,1.8079859466287909,5.99999999999997,0.12767500000001064,1
2301,2880,135.04712500000002,2.9250000000000016,20.10344827586205,0.24712500000001825,1
2344,2371,62.501400000000004,2.030242211571373,14.706692913385783,-0.14854999999999308,1
2344,3231,57.858375,2.9250000000000016,20.10344827586205,-0.24157499999999743,1
2344,3673,175.72425,1.4616844455470226,11.091664599354965,-0.2756249999999767,1
2371,2891,27.2988,1.4616844455470226,11.091664599354965,0.056199999999998695,1
2371,3481,33.99745,2.1048266865449103,22.69250838613482,0.1468999999999987,1
2377,3481,149.75835,3.254488356362935,7.52294907720547,-0.4922499999999985,1
2379,2449,199.18625000000003,1.1433818417759427,7.290679890624436,0.1848500000000115,1
2439,2880,214.975125,1.9903685727286529,4.999999999999846,-0.09462499999999352,1
2882,2884,176.45795,3.254488356362935,7.52294907720547,0.2207000000000079,1
3443,4958,340.89755,0.6133408446003465,20.043565348022334,0.9408000000000101,1
3406,3481,370.96000000000004,1.1433818417759427,7.290679890624436,1.1822500000000247,1
3481,3532,147.936875,1.4616844455470226,11.091664599354965,-0.3343749999999801,1
3481,4938,105.9289,1.8079859466287909,5.99999999999997,0.12749999999999773,1
