stock1,stock2,trade_capital,open,loss,reward,open_num
1536,2204,246.03040000000001,4.2079168858495475,14.57469752761706,-0.7695999999999827,1
1536,2633,185.22125,2.2011242403781104,9.193923024983164,-0.7869499999999832,1
1101,2308,314.1,2.9250000000000016,20.10344827586205,-0.024249999999966576,1
2204,2303,79.93232499999999,1.8916951729380467,12.846636259977194,0.17107500000000186,1
2308,2383,1331.0005,0.6133408446003465,20.043565348022334,3.000500000000045,1
2308,6269,770.4145000000001,2.9250000000000016,20.10344827586205,-0.7089999999999463,1
2308,6285,929.60925,4.2079168858495475,14.57469752761706,2.024000000000001,1
2308,8464,941.42675,2.9250000000000016,20.10344827586205,-0.520249999999919,1
2330,2633,989.1800000000001,2.1048266865449103,22.69250838613482,-1.4975999999999914,1
2330,8464,1202.12,2.1048266865449103,22.69250838613482,0.6475000000000364,1
2409,2603,107.5503,1.8079859466287909,5.99999999999997,-0.8703250000000011,1
2409,3019,106.065,1.4616844455470226,11.091664599354965,0.2725500000000025,1
2542,2615,207.85580000000002,1.1433818417759427,7.290679890624436,0.2852250000000289,1
2615,2885,55.41675000000001,3.508635996771593,16.51957223567391,0.21675000000001177,1
2603,2886,105.6687,3.254488356362935,7.52294907720547,0.08927500000000066,1
2885,6176,80.99175,1.8079859466287909,5.99999999999997,-0.6300499999999971,1
2915,9914,728.1062,1.5278527918781692,16.150050761421287,0.8061999999999898,1
3034,3706,277.62225,1.4616844455470226,11.091664599354965,0.5560000000000258,1
