stock1,stock2,trade_capital,open,loss,reward,open_num
1605,2353,110.55962500000001,1.1433818417759427,7.290679890624436,0.27532500000000937,1
2204,2344,84.4731,0.6133408446003465,20.043565348022334,0.37310000000000443,1
2204,2371,52.7445,1.4616844455470226,11.091664599354965,-1.0333999999999932,1
2303,2618,78.21000000000001,1.4616844455470226,11.091664599354965,0.16920000000000535,1
2303,2801,72.58500000000001,2.9250000000000016,20.10344827586205,0.32835000000000214,1
2303,2886,44.334900000000005,2.030242211571373,14.706692913385783,0.07979999999999521,1
2308,3231,289.97225000000003,1.4616844455470226,11.091664599354965,0.54362500000002,1
2308,6239,396.3565,2.9250000000000016,20.10344827586205,-0.5314999999999657,1
2344,2886,138.94127500000002,1.4616844455470226,11.091664599354965,0.24127500000000524,1
2353,2356,86.7643,1.1433818417759427,7.290679890624436,0.2089250000000078,1
2353,3706,99.57462500000001,0.6133408446003465,20.043565348022334,0.1455000000000055,1
2353,4958,129.27462500000001,1.1433818417759427,7.290679890624436,0.046075000000001864,1
2439,2618,203.69400000000002,2.9250000000000016,20.10344827586205,-4.305999999999983,1
2448,3481,87.480625,9.98977440750324,24.99573317561555,-0.18484999999999374,1
2618,6239,151.07675,1.5278527918781692,16.150050761421287,0.31015000000002146,1
2618,6505,172.06825000000003,1.4616844455470226,11.091664599354965,0.4800000000000182,1
2633,2881,102.723825,1.8079859466287909,5.99999999999997,0.1879249999999999,1
2823,2886,172.537375,1.8079859466287909,5.99999999999997,0.03727500000000816,1
2886,4958,316.215,1.4616844455470226,11.091664599354965,0.42155000000001763,1
2891,3481,118.92135000000002,2.9250000000000016,20.10344827586205,-0.4286499999999833,1
3231,3706,81.63065,1.8916951729380467,12.846636259977194,-0.6300500000000042,1
4958,6239,379.17385,1.4616844455470226,11.091664599354965,0.3803500000000213,1
