stock1,stock2,trade_capital,open,loss,reward,open_num
1102,2886,125.58709999999999,2.9250000000000016,20.10344827586205,0.05679999999999907,1
1102,3673,214.21880000000002,1.8916951729380467,12.846636259977194,0.46280000000001564,1
1301,2880,167.591,2.9250000000000016,20.10344827586205,0.13495000000001767,1
1477,4958,200.19925,1.8916951729380467,12.846636259977194,-0.6007499999999908,1
2105,2409,125.21190000000001,2.1048266865449103,22.69250838613482,-0.4380999999999915,1
2308,2313,287.817625,1.4616844455470226,11.091664599354965,0.06762500000003513,1
2308,3019,778.0125,1.8079859466287909,5.99999999999997,-0.7112500000000068,1
2317,3673,766.7775,1.8079859466287909,5.99999999999997,2.7700000000000387,1
2313,2383,223.24275,2.030242211571373,14.706692913385783,1.1471250000000168,1
2337,3673,152.1,1.1433818417759427,7.290679890624436,0.4953750000000099,1
2356,2383,212.85000000000002,1.1433818417759427,7.290679890624436,0.893375000000006,1
2356,4958,174.69440000000003,1.9903685727286529,4.999999999999846,0.17002500000000964,1
2409,2880,68.763075,2.9250000000000016,20.10344827586205,0.24132500000001045,1
2383,3673,422.9775,1.8079859466287909,5.99999999999997,1.8452500000000356,1
2454,3231,345.64875,2.9250000000000016,20.10344827586205,-1.2892499999999814,1
2454,4938,471.15,1.1433818417759427,7.290679890624436,1.2117500000000234,1
2542,2801,187.81785,1.8079859466287909,5.99999999999997,-0.3821500000000029,1
2542,3231,102.21365,3.254488356362935,7.52294907720547,-0.46155000000000257,1
2542,3673,358.4615,1.8079859466287909,5.99999999999997,0.46150000000002933,1
2801,2915,114.43379999999999,2.1048266865449103,22.69250838613482,-0.32917500000000643,1
2801,3673,181.96725,1.8079859466287909,5.99999999999997,-0.5387499999999932,1
2880,3231,59.988550000000004,1.8079859466287909,5.99999999999997,-0.34412499999999824,1
2880,5871,156.88100000000003,1.4616844455470226,11.091664599354965,-0.2465999999999866,1
2880,8464,375.67100000000005,4.2079168858495475,14.57469752761706,-1.6097499999999911,1
3034,3673,490.92225,2.2011242403781104,9.193923024983164,0.6982500000000442,1
3673,4958,245.23160000000001,1.1433818417759427,7.290679890624436,0.6316000000000201,1
3706,4958,231.55215000000004,1.8916951729380467,12.846636259977194,-0.24784999999997126,1
