stock1,stock2,trade_capital,open,loss,reward,open_num
1101,2308,320.625,2.9250000000000016,20.10344827586205,-0.03512499999996521,1
1303,3034,191.3126,0.6133408446003465,20.043565348022334,0.212600000000009,1
2105,2448,429.88725,1.1433818417759427,7.290679890624436,0.3359500000000111,1
2105,9914,690.3558,1.4616844455470226,11.091664599354965,-0.009699999999952524,1
2308,3702,803.9415,1.4616844455470226,11.091664599354965,6.105250000000012,1
2324,2383,193.50600000000003,1.8079859466287909,5.99999999999997,0.44250000000000966,1
2324,2912,237.96,1.8079859466287909,5.99999999999997,0.6019000000000077,1
2324,3706,80.91,1.4616844455470226,11.091664599354965,0.21462500000000517,1
2379,2383,211.03575,1.4616844455470226,11.091664599354965,0.6655000000000086,1
2383,2823,206.91000000000003,1.9903685727286529,4.999999999999846,-1.0437999999999903,1
2383,2882,439.3965,1.1433818417759427,7.290679890624436,1.0540000000000305,1
2383,2884,191.00975,1.8079859466287909,5.99999999999997,0.9455000000000098,1
2383,2912,938.3205,2.2011242403781104,9.193923024983164,3.5030000000000427,1
2383,2915,213.42540000000002,3.254488356362935,7.52294907720547,0.561150000000012,1
2383,3034,215.42375,1.1433818417759427,7.290679890624436,0.6595000000000084,1
2383,3706,126.81,1.9903685727286529,4.999999999999846,-0.7105999999999923,1
2439,2603,192.60000000000002,1.4616844455470226,11.091664599354965,0.17825000000001978,1
2439,2890,171.40500000000003,1.4616844455470226,11.091664599354965,0.3134250000000023,1
2439,2915,419.76275,1.5278527918781692,16.150050761421287,-0.6532499999999857,1
2603,3034,181.22375,2.1048266865449103,22.69250838613482,0.7165000000000106,1
2603,5871,178.425,1.1433818417759427,7.290679890624436,0.15195000000001357,1
2603,9914,206.55,1.4616844455470226,11.091664599354965,0.40462500000001,1
2892,2912,293.76425,1.8079859466287909,5.99999999999997,0.2745000000000175,1
3702,5871,403.0245,1.1433818417759427,7.290679890624436,0.19600000000001216,1
