stock1,stock2,trade_capital,open,loss,reward,open_num
1301,2474,860.86375,2.1000000000000014,9.0,2.6545000000000414,1
1301,2492,914.623,1.9500000000000013,5.0,6.036750000000097,1
1301,2885,170.50775000000002,3.3500000000000023,16.0,0.7333750000000094,1
1326,2448,211.48845,1.8000000000000012,5.0,-1.33329999999998,1
1326,3231,212.3365,3.3500000000000023,16.0,-0.5852499999999878,1
1314,2356,171.5423,1.9500000000000013,5.0,0.4422999999999959,1
1314,3045,163.75475,2.200000000000001,6.0,0.4867500000000078,1
1314,9910,211.68200000000002,1.3000000000000007,23.0,0.43200000000000927,1
2049,2492,2395.4015,0.5,10.0,14.40150000000017,1
2301,2409,104.75970000000001,2.1000000000000014,9.0,0.18170000000002062,1
2303,2492,503.244,1.3000000000000007,23.0,0.4940000000000424,1
2303,2886,159.802625,2.9000000000000017,20.0,0.14792500000001496,1
2330,2409,266.6995,2.1000000000000014,9.0,0.8150000000000119,1
2317,2890,130.35320000000002,1.7500000000000009,15.0,0.14570000000001926,1
2317,3481,265.2301,2.4000000000000017,10.0,0.36470000000003466,1
2317,9910,498.6,1.3200000000000007,6.0,-1.8294999999999675,1
2356,2492,526.048,2.4000000000000017,10.0,9.191875000000053,1
2409,2492,482.2755,2.7500000000000018,15.0,6.5255000000000365,1
2409,2888,97.6795,1.4500000000000008,5.0,0.09820000000000562,1
2409,9910,193.27500000000003,1.6500000000000008,16.0,0.4267500000000126,1
2448,3231,75.046075,1.9500000000000013,5.0,0.08067500000000649,1
2492,2618,445.98975,1.3000000000000007,23.0,1.7657500000000397,1
2492,2823,556.5775,1.3000000000000007,23.0,3.390125000000012,1
2492,2890,466.648,2.200000000000001,6.0,6.540500000000051,1
2492,3045,978.0307500000001,2.7500000000000018,15.0,8.030750000000126,1
2492,3481,470.043875,1.3000000000000007,23.0,3.0438750000000283,1
2492,9904,584.8713750000001,1.3000000000000007,23.0,6.371375000000057,1
2492,9910,682.676,2.1000000000000014,9.0,7.932000000000073,1
2618,2882,119.55975000000001,1.3500000000000008,7.0,0.31280000000000996,1
2618,4938,136.29525,1.3000000000000007,23.0,0.3952500000000114,1
2618,9910,207.48975000000002,2.7500000000000018,15.0,0.16625000000000512,1
3045,9904,659.5092500000001,1.3000000000000007,23.0,1.3592500000001024,1
3045,9910,635.4,1.7500000000000009,15.0,1.4372500000000912,1
