stock1,stock2,trade_capital,open,loss,reward,open_num
1326,1536,242.55,1.8000000000000012,5.0,1.5927500000000236,1
1326,2330,551.63025,1.8500000000000012,9.0,0.637500000000017,1
1326,2409,139.68,1.4500000000000008,5.0,0.26645000000000607,1
1326,2498,169.23675,2.7500000000000018,15.0,0.43660000000001276,1
1326,4904,270.49365,1.8500000000000012,9.0,-0.8063499999999806,1
1303,2330,466.10939999999994,1.8500000000000012,9.0,0.6651499999999828,1
1476,2834,408.436425,3.3500000000000023,16.0,0.03642500000001547,1
1536,2888,194.62500000000003,1.7500000000000009,15.0,-0.5739999999999839,1
1605,2883,63.675,1.52,8.0,0.2932750000000084,1
1504,1536,260.118125,1.3000000000000007,23.0,0.8348750000000109,1
2105,2888,101.45472500000001,2.0000000000000013,6.0,0.08822500000000844,1
2231,6505,985.02025,1.3000000000000007,23.0,1.0202500000000327,1
2330,2409,265.95,1.4500000000000008,5.0,0.5552500000000151,1
2354,2610,121.60237500000001,0.5,10.0,0.05582500000001289,1
2354,4904,225.00690000000003,1.9500000000000013,5.0,-0.44994999999997276,1
2377,2409,163.575,2.7500000000000018,15.0,0.725875000000002,1
2377,2618,191.96162500000003,1.3000000000000007,23.0,0.46162500000001216,1
2377,2881,382.92475,1.3200000000000007,6.0,0.4247500000000173,1
2377,6505,485.77025000000003,1.3000000000000007,23.0,1.2702500000000185,1
2498,2892,148.41,1.8000000000000012,5.0,0.0022750000000115733,1
2542,2883,94.32,3.3500000000000023,16.0,0.3420500000000075,1
2618,2883,54.99,2.7500000000000018,15.0,0.10805000000000753,1
2610,2618,58.463950000000004,1.3500000000000008,7.0,0.15737499999999827,1
2610,2882,73.6572,1.6500000000000008,16.0,0.18615000000000137,1
2610,2888,71.242975,1.9500000000000013,5.0,0.1429750000000034,1
2610,3481,39.9917,1.3000000000000007,23.0,0.13512499999999683,1
2834,2883,71.14312500000001,10.0,25.0,-0.7068749999999895,1
2885,6116,78.60675,1.6500000000000008,16.0,-0.7930899999999994,1
2883,6505,162.675,2.2500000000000018,5.0,-0.021499999999996078,1
