stock1,stock2,trade_capital,open,loss,reward,open_num
1402,2883,79.2625,1.6500000000000008,16.0,0.07700000000000529,1
1402,5871,118.395,2.200000000000001,6.0,0.35185000000000244,1
2105,2886,172.215375,2.1000000000000014,9.0,-0.4654249999999962,1
2105,4904,352.5494,2.1000000000000014,9.0,-3.4364750000000086,1
2201,2883,94.51750000000001,2.2500000000000018,5.0,0.10150000000000858,1
2201,2886,102.51,2.0000000000000013,6.0,0.22855000000000913,1
2201,2890,141.43752500000002,2.2500000000000018,5.0,0.2375250000000122,1
2201,3481,120.18925000000002,2.2500000000000018,5.0,0.11775000000001334,1
2303,2883,70.69380000000001,1.9500000000000013,5.0,0.14380000000000415,1
2303,2885,79.17637500000001,1.8500000000000012,9.0,0.1202500000000093,1
2303,5871,235.12935,2.200000000000001,6.0,0.6143500000000017,1
2301,2888,93.340225,2.9000000000000017,20.0,0.40022500000001315,1
2330,2439,1343.52375,2.7500000000000018,15.0,3.4547500000000184,1
2327,2801,681.591,1.550000000000009,7.0,0.21312500000001933,1
2352,2474,423.23150000000004,2.1000000000000014,9.0,1.3486250000000268,1
2352,9945,199.4208,1.5000000000000009,5.0,0.09107500000000357,1
2353,2356,42.92155,1.3000000000000007,23.0,0.03205000000000524,1
2353,2618,56.63697500000001,1.3000000000000007,23.0,-1.1902249999999999,1
2354,2883,122.2375,1.6500000000000008,16.0,-0.9934999999999832,1
2474,3045,784.35,2.4000000000000017,10.0,-1.8064999999999714,1
2618,2801,91.826975,1.9500000000000013,5.0,0.14910000000001133,1
2618,2888,67.59,1.3000000000000007,23.0,0.13697500000000495,1
2618,5871,140.1807,2.200000000000001,6.0,0.42320000000000846,1
2884,2888,72.0,2.9000000000000017,20.0,0.4791000000000061,1
2884,5871,134.9885,2.0000000000000013,6.0,0.2810000000000059,1
2883,2884,67.725,1.3000000000000007,23.0,0.1866750000000046,1
2883,2886,80.77865,1.3000000000000007,23.0,0.12865000000000393,1
2883,2890,21.617525,1.3000000000000007,23.0,0.06752500000000339,1
2883,3044,134.47750000000002,1.9500000000000013,5.0,0.03490000000000748,1
2883,3481,64.77250000000001,1.3000000000000007,23.0,0.15107500000000407,1
2883,4904,119.025,1.3000000000000007,23.0,-0.048599999999979104,1
2883,5871,143.325,1.7500000000000009,15.0,0.5100000000000051,1
2886,5871,197.4946,2.1000000000000014,9.0,0.38709999999998956,1
2888,3443,296.68475,1.8500000000000012,9.0,-0.9552499999999711,1
3443,5871,688.95,2.200000000000001,6.0,5.3419999999999845,1
3481,5871,217.665,2.200000000000001,6.0,0.7855000000000132,1
