stock1,stock2,trade_capital,open,loss,reward,open_num
1102,2002,148.12412500000002,1.4800000000000009,11.0,0.022375000000010914,1
1909,2888,73.5146,1.6500000000000008,16.0,0.13097500000000295,1
1909,3231,65.47355,1.4800000000000009,11.0,0.09785000000000466,1
2002,3231,139.240825,1.7500000000000009,15.0,0.09082500000000948,1
2313,2356,139.17715,2.7500000000000018,15.0,0.1229000000000049,1
2313,2382,266.30215000000004,2.1000000000000014,9.0,0.11064999999999259,1
2313,2888,81.80215000000001,1.4000000000000008,20.0,0.2185250000000032,1
2492,2888,498.5015,1.3000000000000007,23.0,4.242875000000012,1
