stock1,stock2,trade_capital,open,loss,reward,open_num
1326,3673,509.732,2.7500000000000018,15.0,1.3245000000000005,1
1301,1326,660.9025,1.6500000000000008,16.0,1.4912500000000364,1
1301,1590,644.0325,2.4000000000000017,10.0,2.5325000000000273,1
1590,2352,430.85275,1.3000000000000007,23.0,0.6027500000000003,1
1909,2344,116.52712500000001,1.9500000000000013,5.0,0.1712750000000085,1
2231,2313,437.2645,1.3000000000000007,23.0,0.32087500000002933,1
2313,2890,76.095,2.7500000000000018,15.0,0.12280000000000513,1
2327,2352,933.5975,1.4000000000000008,20.0,5.847500000000011,1
2327,3481,792.7137500000001,1.7500000000000009,15.0,-1.0617500000000106,1
2344,2610,130.42312500000003,2.200000000000001,6.0,0.16808500000001203,1
2344,3045,190.84175,1.3000000000000007,23.0,0.19925000000000637,1
2354,3532,518.00975,1.3000000000000007,23.0,0.20125000000004434,1
2353,2812,75.575875,1.4500000000000008,5.0,0.13270000000000337,1
2352,2383,175.275,1.550000000000009,7.0,-0.04249999999998977,1
2352,2888,114.4878,1.8500000000000012,9.0,0.16459999999999297,1
2352,3045,288.9,1.3000000000000007,23.0,0.5170000000000101,1
2371,2890,87.49360000000001,2.9000000000000017,20.0,0.15997500000000997,1
2371,2912,545.2337500000001,1.3000000000000007,23.0,0.9028750000000514,1
2377,2890,153.29475000000002,1.8500000000000012,9.0,1.011125000000007,1
2812,2882,99.83087499999999,1.3000000000000007,23.0,0.19212500000000432,1
2812,2884,69.31685,1.7500000000000009,15.0,0.1377250000000032,1
2812,2892,88.68775,1.3000000000000007,23.0,0.10862500000000352,1
2812,3045,147.170875,1.3000000000000007,23.0,0.512625000000007,1
2812,6116,62.814525,1.3000000000000007,23.0,0.0904450000000061,1
2882,2890,97.11,1.8000000000000012,5.0,0.18762500000000415,1
2882,3481,104.57374999999999,1.3000000000000007,23.0,0.18500000000000227,1
2890,6456,224.10000000000002,2.0000000000000013,6.0,-0.12387499999998397,1
2888,3044,139.88985,1.8500000000000012,9.0,0.03985000000000838,1
2888,3045,140.08955,1.8000000000000012,5.0,0.2895500000000055,1
2888,6116,78.08269999999999,1.6500000000000008,16.0,0.08269999999998845,1
