stock1,stock2,trade_capital,open,loss,reward,open_num
1301,2327,447.3155,2.7909482160211057,10.338053588782445,-1.7121999999999673,1
1326,2327,183.42775,2.9502008928571457,23.086383928571415,-0.7890499999999889,1
1326,2892,188.766425,1.5091524632267055,22.27597478402984,0.16642500000000382,1
1102,2409,38.092775,1.5091524632267055,22.27597478402984,0.04277500000000245,1
1605,6456,293.808625,0.9815812088226723,7.203322830134629,-0.19137499999999363,1
1536,2347,283.5,1.5091524632267055,22.27597478402984,0.27637500000003,1
2049,2344,264.825,1.5091524632267055,22.27597478402984,0.30750000000001876,1
1909,2883,72.4976,1.9849323562570391,12.502254791431788,-0.21384999999999366,1
2311,2371,62.0939,1.9903685727286529,4.999999999999848,-0.2970499999999987,1
2311,6269,300.5485,1.9849323562570391,12.502254791431788,-0.9514999999999816,1
2327,2371,169.994625,1.5091524632267055,22.27597478402984,-0.5053749999999866,1
2327,2615,183.97362500000003,2.9502008928571457,23.086383928571415,-1.0263749999999874,1
2344,2347,149.9724,1.5091524632267055,22.27597478402984,0.1109000000000151,1
2344,2385,161.9797,2.1222512447963604,6.231409680842454,0.19282500000001335,1
2344,2892,130.273375,1.7138786246633644,8.829335504478017,0.2486250000000041,1
2347,2892,128.33837499999998,2.1222512447963604,6.231409680842454,0.10207500000000636,1
2371,2883,28.970070000000003,1.7138786246633644,8.829335504478017,-0.11547999999999803,1
2371,2892,29.880000000000003,1.9849323562570391,12.502254791431788,0.09997500000000237,1
2371,6269,183.22475000000003,1.9849323562570391,12.502254791431788,0.22475000000001444,1
2371,9910,182.19425,1.5091524632267055,22.27597478402984,-0.0342499999999859,1
2454,9933,362.43,2.7909482160211057,10.338053588782445,0.6940000000000452,1
2880,3702,125.811,2.7909482160211057,10.338053588782445,0.06100000000000705,1
