stock1,stock2,trade_capital,open,loss,reward,open_num
1326,2313,433.30500000000006,2.7909482160211057,10.338053588782445,0.6757250000000568,1
1326,2324,252.81,2.7909482160211057,10.338053588782445,0.22767500000001917,1
2308,2313,218.745,1.5091524632267055,22.27597478402984,0.28445000000000675,1
2313,2379,189.024,1.5091524632267055,22.27597478402984,0.20367500000001826,1
2313,2633,154.91500000000002,1.7138786246633644,8.829335504478017,0.06307500000000843,1
2324,2379,203.37900000000002,1.9849323562570391,12.502254791431788,0.4293750000000074,1
2324,2633,69.83200000000001,1.9849323562570391,12.502254791431788,0.042075000000007634,1
2324,2887,110.44479999999999,1.7138786246633644,8.829335504478017,0.175024999999998,1
2324,3682,87.54015000000001,1.9849323562570391,12.502254791431788,0.21027500000000998,1
2354,2887,152.70350000000002,1.9849323562570391,12.502254791431788,-0.4425499999999971,1
2354,3682,138.46365000000003,1.5091524632267055,22.27597478402984,0.1337750000000213,1
2371,2633,141.37,1.7138786246633644,8.829335504478017,0.03572500000000822,1
2408,2498,568.7927500000001,0.9245009219914979,10.470937224404707,0.9019500000000562,1
2408,2883,88.542,1.5091524632267055,22.27597478402984,0.09206999999999965,1
2408,4904,135.3966,2.7909482160211057,10.338053588782445,0.19660000000001077,1
2409,2887,53.4711,1.9849323562570391,12.502254791431788,0.11779999999999369,1
2498,6176,464.437,1.5091524632267055,22.27597478402984,-1.9507499999999425,1
2492,2887,120.3035,1.9849323562570391,12.502254791431788,0.06115000000000492,1
2492,3702,239.085,2.7909482160211057,10.338053588782445,-0.5981749999999764,1
2492,6239,244.60690000000002,1.5091524632267055,22.27597478402984,0.12455000000001348,1
2633,2883,58.577,2.7909482160211057,10.338053588782445,0.0865200000000037,1
2883,3682,83.5058,3.7828111209179194,12.131067961165044,0.36769999999999925,1
3443,3702,368.23275,1.5091524632267055,22.27597478402984,0.42025000000001,1
3682,4904,120.69035,1.5091524632267055,22.27597478402984,0.21009999999998996,1
4904,6269,489.201,1.7138786246633644,8.829335504478017,2.2417500000000246,1
