stock1,stock2,trade_capital,open,loss,reward,open_num
1301,3481,149.21550000000002,1.5718010456796814,14.725371491469451,0.011650000000003047,1
1314,2610,72.840575,1.9849323562570391,12.502254791431788,0.14057500000000545,1
1909,2371,233.208875,1.5091524632267055,22.27597478402984,0.29442500000001814,1
1909,2454,487.51762500000007,1.5091524632267055,22.27597478402984,0.767625000000038,1
1909,2492,263.6594,1.7138786246633644,8.829335504478017,-1.310850000000002,1
1909,2618,159.3606,1.5091524632267055,22.27597478402984,0.1606000000000023,1
1909,3706,339.839475,1.7138786246633644,8.829335504478017,0.3394750000000215,1
1909,6505,313.279375,2.7909482160211057,10.338053588782445,1.279375000000016,1
2105,2371,261.0,1.5091524632267055,22.27597478402984,0.6633500000000225,1
2103,3231,153.020125,2.1222512447963604,6.231409680842454,-0.7298749999999856,1
2371,2883,67.64312500000001,1.5091524632267055,22.27597478402984,0.345750000000006,1
2454,3481,349.97425000000004,2.1222512447963604,6.231409680842454,-0.27574999999997374,1
2542,3231,159.06105000000002,2.7909482160211057,10.338053588782445,-1.4389499999999913,1
2492,2610,156.825,1.9849323562570391,12.502254791431788,-1.7591249999999903,1
2492,2883,166.000625,0.61324904022712,20.043398430980105,0.000625000000006537,1
2492,3231,219.8745,1.9849323562570391,12.502254791431788,-2.5957499999999953,1
2492,3481,166.40550000000002,1.5091524632267055,22.27597478402984,-1.5147499999999923,1
2492,3706,232.29000000000002,1.9849323562570391,12.502254791431788,-1.185949999999977,1
2610,3231,128.956275,1.5091524632267055,22.27597478402984,-1.1437249999999892,1
2618,3231,141.49425000000002,1.9849323562570391,12.502254791431788,-0.6742499999999865,1
3231,3481,103.50435,2.7909482160211057,10.338053588782445,-0.3647749999999945,1
3231,6505,229.904625,2.7909482160211057,10.338053588782445,-1.59537499999999,1
