stock1,stock2,trade_capital,open,loss,reward,open_num
1326,1476,630.6366,2.1222512447963604,6.231409680842454,-3.5878999999999337,1
1326,2317,664.5183,1.9849323562570391,12.502254791431788,1.2195500000000834,1
1434,2886,188.95499999999998,2.7909482160211057,10.338053588782445,0.3341000000000207,1
1789,5264,277.32675,1.9849323562570391,12.502254791431788,-0.6943749999999795,1
1605,1802,73.4157,1.5091524632267055,22.27597478402984,0.22970000000000113,1
1605,2103,103.725,1.5091524632267055,22.27597478402984,0.37630000000000763,1
1605,2330,311.19,2.7909482160211057,10.338053588782445,0.7703750000000156,1
1605,2801,101.38499999999999,1.7138786246633644,8.829335504478017,0.18050000000000566,1
1605,5264,187.376,2.7909482160211057,10.338053588782445,0.20600000000001728,1
1605,9938,185.87825,1.9849323562570391,12.502254791431788,0.958625000000012,1
1802,2633,122.3757,1.7138786246633644,8.829335504478017,0.2979500000000108,1
1802,2801,97.25390000000002,1.5091524632267055,22.27597478402984,0.10390000000001365,1
2002,2330,325.8,2.7909482160211057,10.338053588782445,0.4555000000000291,1
2308,2801,204.42812500000002,2.7909482160211057,10.338053588782445,0.4218750000000284,1
2308,3231,486.00000000000006,1.9849323562570391,12.502254791431788,0.9373750000000314,1
2337,2356,151.67695,1.7138786246633644,8.829335504478017,0.20445000000000846,1
2337,2886,150.12,2.7909482160211057,10.338053588782445,0.5486000000000075,1
2344,2886,130.995,2.7909482160211057,10.338053588782445,0.23100000000000165,1
2330,2344,1297.56,1.5091524632267055,22.27597478402984,3.4338000000000477,1
2330,2409,270.225,1.9849323562570391,12.502254791431788,0.7977500000000148,1
2352,2801,102.24640000000001,1.5091524632267055,22.27597478402984,0.34640000000001336,1
2345,6116,147.37425000000002,0.61324904022712,20.043398430980105,-0.22912499999998204,1
2618,2801,96.05570000000002,1.5091524632267055,22.27597478402984,0.355700000000013,1
2633,2886,44.904450000000004,2.7909482160211057,10.338053588782445,0.0789749999999998,1
2633,6116,125.01,2.7909482160211057,10.338053588782445,0.3907500000000148,1
2886,9938,233.14975,2.7909482160211057,10.338053588782445,0.1497500000000116,1
3231,5264,231.20175,1.5091524632267055,22.27597478402984,0.8817500000000109,1
