stock1,stock2,trade_capital,open,loss,reward,open_num
1402,2454,376.425,2.0000000000000013,6.0,0.6207500000000152,1
2105,2308,275.9515,1.4000000000000008,20.0,0.3624500000000239,1
2409,4904,127.13662500000001,1.5000000000000009,5.0,0.0483250000000055,1
2409,4958,123.08662500000001,1.550000000000009,7.0,0.055075000000002206,1
