stock1,stock2,trade_capital,open,loss,reward,open_num
1504,2324,121.82310000000001,2.200000000000001,6.0,0.11084999999999212,1
2357,6456,737.0915,1.52,8.0,-2.139999999999958,1
2383,2882,347.26325,1.5000000000000009,5.0,0.16434999999999889,1
2379,2610,141.3283,1.8500000000000012,9.0,0.4715500000000077,1
2379,2886,210.674125,1.5000000000000009,5.0,0.41737500000002115,1
2610,3034,162.06,1.5000000000000009,5.0,0.4890000000000114,1
2888,6176,112.92465000000001,1.4800000000000009,11.0,0.0724000000000089,1
