stock1,stock2,trade_capital,open,loss,reward,open_num
1326,2823,227.12400000000002,1.6500000000000008,16.0,-0.35489999999997224,1
2324,4915,250.9464,1.8500000000000012,9.0,0.20677499999999327,1
2360,3231,267.40075,2.0000000000000013,6.0,1.3270000000000266,1
2371,2376,108.903,1.8000000000000012,5.0,0.37562500000000654,1
2371,2618,67.6581,1.5000000000000009,5.0,0.29620000000000246,1
2376,4958,279.504,1.5000000000000009,5.0,0.4081000000000188,1
