stock1,stock2,trade_capital,open,loss,reward,open_num
1402,1590,404.71925000000005,1.52,8.0,-2.652499999999975,1
1402,2408,167.02925000000002,1.4000000000000008,20.0,0.09125000000001648,1
1402,2618,63.055275,1.8500000000000012,9.0,0.10527500000000067,1
2049,2356,315.83575,1.550000000000009,7.0,0.25762500000001864,1
2049,2880,272.821375,2.200000000000001,6.0,-1.6883749999999793,1
2049,2886,330.753125,1.8500000000000012,9.0,-0.24687499999998863,1
2311,2327,290.06425,1.4000000000000008,20.0,0.31425000000001546,1
2337,2886,140.239325,1.5000000000000009,5.0,0.5393250000000123,1
2377,2886,186.474375,1.8500000000000012,9.0,-0.6898749999999865,1
2377,5871,647.18525,1.8500000000000012,9.0,-4.211749999999938,1
2449,2474,431.797,1.4000000000000008,20.0,0.6883500000000424,1
2449,2886,150.294375,1.5000000000000009,5.0,0.2199000000000133,1
2867,5871,149.35575,1.3500000000000008,7.0,0.21375000000001876,1
3231,6505,409.91820000000007,2.200000000000001,6.0,0.8344500000000181,1
