stock1,stock2,trade_capital,open,loss,reward,open_num
2308,6269,1239.031,1.4000000000000008,20.0,-6.951499999999896,1
2383,2448,267.525,1.5000000000000009,5.0,-0.6955000000000098,1
2383,6269,502.18100000000004,1.4000000000000008,20.0,2.1825000000000045,1
2801,4943,263.72625,1.52,8.0,0.3232500000000016,1
2801,6269,201.17624999999998,1.4000000000000008,20.0,0.4275000000000091,1
2880,9910,220.25600000000003,1.5000000000000009,5.0,0.9065000000000083,1
2891,4943,278.953375,1.8500000000000012,9.0,-0.1988749999999868,1
