stock1,stock2,trade_capital,open,loss,reward,open_num
2356,3045,201.6,1.5000000000000009,5.0,0.163250000000005,1
2383,2498,521.5500000000001,1.3500000000000008,7.0,-1.3684999999999832,1
2409,2891,54.454425,1.4000000000000008,20.0,-0.08467499999999717,1
2409,3231,107.017375,1.3200000000000007,6.0,0.18162500000000392,1
2498,3231,187.62912500000002,10.0,25.0,0.7577250000000078,1
2881,3231,119.67525,10.0,25.0,0.7131000000000043,1
