stock1,stock2,trade_capital,open,loss,reward,open_num
1402,2498,203.19475,2.0000000000000013,6.0,-0.4552499999999924,1
1216,2885,96.61975000000001,1.4000000000000008,20.0,-0.5522499999999937,1
1704,2303,96.257125,2.2500000000000018,5.0,0.09662500000000307,1
2002,2345,176.63465000000002,1.8500000000000012,9.0,-1.5653499999999951,1
2303,2353,64.40497500000001,1.4800000000000009,11.0,0.14447500000000524,1
2345,2412,567.28,1.5000000000000009,5.0,-3.0605499999999637,1
2352,6505,182.257,1.52,8.0,0.9642500000000069,1
2610,3406,146.88010000000003,1.52,8.0,-0.23714999999999264,1
