stock1,stock2,trade_capital,open,loss,reward,open_num
2049,2891,395.39812500000005,2.0000000000000013,6.0,0.6061250000000484,1
2303,2383,182.03000000000003,1.550000000000009,7.0,0.9582500000000209,1
2313,2409,109.300375,1.4800000000000009,11.0,0.07525000000001114,1
2313,2881,297.44050000000004,1.4000000000000008,20.0,0.1456500000000247,1
2313,3019,268.625,1.4000000000000008,20.0,0.5590000000000188,1
2353,3019,199.17625000000004,1.7500000000000009,15.0,0.8878500000000003,1
2383,2891,203.698125,1.7500000000000009,15.0,-0.07287499999998204,1
2408,3481,140.13,1.4000000000000008,20.0,-0.08377500000000282,1
2603,2891,116.17312500000001,2.1000000000000014,9.0,0.12292500000001283,1
2888,9904,64.228875,1.5000000000000009,5.0,0.04800000000000182,1
3019,9933,323.69125,2.0000000000000013,6.0,0.7302500000000265,1
6116,9904,66.759125,1.8500000000000012,9.0,0.09462500000000773,1
