stock1,stock2,trade_capital,open,loss,reward,open_num
2103,2439,315.669125,1.3500000000000008,7.0,0.5031250000000398,1
2379,2912,960.8205,1.4000000000000008,20.0,0.9692500000001019,1
2383,2912,954.3787500000001,1.5000000000000009,5.0,3.4992500000000746,1
2383,2915,213.8754,1.4800000000000009,11.0,0.06115000000001203,1
2383,3034,214.97375,1.4000000000000008,20.0,1.1595000000000084,1
