stock1,stock2,trade_capital,open,loss,reward,open_num
1402,2352,187.875,1.8500000000000012,9.0,0.13620000000001653,1
1402,9910,237.375,1.5000000000000009,5.0,0.35325000000000273,1
1536,6269,1030.515,1.8500000000000012,9.0,0.8957500000000778,1
2002,2379,210.18425000000002,1.7500000000000009,15.0,0.1842500000000058,1
2105,2308,595.74175,1.3500000000000008,7.0,0.5557500000000459,1
2308,2352,254.436125,1.8500000000000012,9.0,0.3431250000000148,1
2330,2880,291.42375000000004,1.8500000000000012,9.0,-0.20037499999997976,1
2353,2379,274.930375,1.5000000000000009,5.0,-1.443624999999983,1
2352,2353,36.172225000000005,1.8500000000000012,9.0,0.04315000000000424,1
2352,2610,52.23035,1.5000000000000009,5.0,0.11495000000000566,1
2379,2382,165.1486,1.3500000000000008,7.0,-1.2626499999999936,1
2412,2884,185.41275000000002,1.4000000000000008,20.0,0.4552500000000066,1
2633,3044,217.09625,1.7500000000000009,15.0,0.4046250000000242,1
2633,9904,154.140825,1.8500000000000012,9.0,-1.1992999999999867,1
2880,3034,190.57525,1.8500000000000012,9.0,0.45112500000001887,1
3019,3481,188.9375,1.5000000000000009,5.0,-0.044749999999993406,1
