stock1,stock2,trade_capital,open,loss,reward,open_num
2103,6269,522.3153500000001,1.4000000000000008,20.0,1.115350000000035,1
2606,2892,118.673475,1.4000000000000008,20.0,0.05747500000001082,1
2884,3702,118.71665,1.8500000000000012,9.0,0.05815000000000481,1
2892,3481,112.43285,1.8500000000000012,9.0,0.16685000000001082,1
