stock1,stock2,trade_capital,open,loss,reward,open_num
1326,6269,701.0336,1.3500000000000008,7.0,2.289100000000076,1
1314,2439,269.8865,1.8500000000000012,9.0,0.33412500000002865,1
1314,2886,36.159000000000006,1.8500000000000012,9.0,0.04352500000000248,1
2015,2809,391.51185,1.52,8.0,0.7118499999999983,1
2303,3682,61.051225,1.5000000000000009,5.0,0.4501000000000026,1
2317,3682,152.0645,1.4000000000000008,20.0,0.013750000000001705,1
2317,5871,493.20375,1.5000000000000009,5.0,0.2432500000000033,1
2347,3682,82.26935,1.5000000000000009,5.0,0.36822500000000247,1
2379,3682,153.56225,1.5000000000000009,5.0,0.26112500000001404,1
2383,3682,177.02700000000002,1.5000000000000009,5.0,-0.0237499999999784,1
2385,3682,119.31370000000001,1.5000000000000009,5.0,0.16295000000000925,1
2409,2439,262.13800000000003,1.5000000000000009,5.0,-0.9034999999999798,1
2409,3044,163.78575,1.4000000000000008,20.0,-0.00537499999999369,1
2409,6116,77.51535000000001,1.3500000000000008,7.0,0.22422500000000412,1
2448,3682,84.26635,1.5000000000000009,5.0,0.21522500000000377,1
2454,5880,369.60225,2.1000000000000014,9.0,-6.066999999999979,1
2892,3682,85.19030000000001,1.5000000000000009,5.0,0.21417499999999734,1
3044,5871,466.68500000000006,1.3500000000000008,7.0,0.23950000000004934,1
3532,3673,199.18800000000002,1.550000000000009,7.0,0.6850000000000165,1
