stock1,stock2,trade_capital,open,loss,reward,open_num
1314,1434,39.5614,1.4000000000000008,20.0,0.03610000000000291,1
1101,2383,295.8135,1.52,8.0,0.5301249999999982,1
1909,2357,420.95225000000005,1.5000000000000009,5.0,0.3310000000000457,1
2357,2454,2078.6312500000004,1.8500000000000012,9.0,1.7675000000001546,1
2383,2454,394.5885,1.5000000000000009,5.0,0.864750000000015,1
2383,2880,221.1135,1.5000000000000009,5.0,0.40425000000000466,1
