stock1,stock2,trade_capital,open,loss,reward,open_num
1319,1434,205.580125,1.6500000000000008,16.0,0.5819250000000125,1
2371,2615,133.799,1.4000000000000008,20.0,-3.600999999999992,1
