stock1,stock2,trade_capital,open,loss,reward,open_num
1314,2610,63.63,1.5000000000000009,5.0,0.14357500000000378,1
1314,2880,88.904,1.52,8.0,0.35337500000000155,1
1101,2603,115.263625,1.8500000000000012,9.0,0.27179999999999893,1
1101,5880,114.0155,1.5000000000000009,5.0,0.0736000000000061,1
1909,2303,113.66207500000002,1.3500000000000008,7.0,0.3667000000000087,1
2542,3034,267.8585,1.550000000000009,7.0,0.27924999999999045,1
2880,2881,126.14805,1.5000000000000009,5.0,0.39742499999999836,1
2884,3019,217.922625,1.52,8.0,0.1726250000000107,1
4915,9941,673.2885500000001,1.3200000000000007,6.0,1.7885500000000576,1
