stock1,stock2,trade_capital,open,loss,reward,open_num
1301,2344,204.77725,1.3500000000000008,7.0,-0.5243749999999778,1
2105,2344,158.9461,1.3500000000000008,7.0,-0.4555249999999802,1
2409,2412,161.866,1.3500000000000008,7.0,0.4972500000000082,1
2409,4904,128.99005,1.5000000000000009,5.0,-0.3029500000000027,1
2412,2610,158.491,1.3500000000000008,7.0,0.002875000000010175,1
2412,2633,212.52337500000002,1.3500000000000008,7.0,0.41437500000002103,1
2412,3532,193.0533,1.3500000000000008,7.0,0.3943000000000154,1
3532,3673,626.0595000000001,2.0000000000000013,6.0,2.359500000000139,1
