stock1,stock2,trade_capital,open,loss,reward,open_num
2324,2883,60.209999999999994,2.0000000000000013,6.0,-0.15027499999999705,1
2352,3189,167.81655,2.4000000000000017,10.0,-0.0181999999999789,1
2352,3406,417.142,1.3500000000000008,7.0,0.6072500000000076,1
