stock1,stock2,trade_capital,open,loss,reward,open_num
2049,9941,571.58475,2.200000000000001,6.0,1.103000000000037,1
