stock1,stock2,trade_capital,open,loss,reward,open_num
1314,2344,102.747375,1.4616844455470226,11.091664599354965,0.3868750000000105,1
1314,2892,84.285,1.9903685727286529,4.999999999999846,0.2090000000000103,1
1314,3673,164.25325,0.6133408446003465,20.043565348022334,0.5032500000000084,1
1314,3702,74.88,1.4616844455470226,11.091664599354965,0.1248250000000155,1
1314,5871,120.375,0.6133408446003465,20.043565348022334,0.049000000000006594,1
1314,6269,158.41375,1.8916951729380467,12.846636259977194,1.0032500000000084,1
2002,3481,138.8071,1.4616844455470226,11.091664599354965,0.12297500000000738,1
2105,6116,99.05170000000001,2.2011242403781104,9.193923024983164,-0.4547250000000034,1
2303,2376,96.29887500000001,1.8079859466287909,5.99999999999997,0.09947500000000531,1
2303,2618,88.48710000000001,2.1048266865449103,22.69250838613482,0.21027500000000288,1
2303,3231,88.716725,2.9250000000000016,20.10344827586205,0.11672500000000241,1
2308,2324,261.6435,1.8916951729380467,12.846636259977194,0.34162500000002183,1
2317,2324,179.37,1.8079859466287909,5.99999999999997,0.10045000000000925,1
2324,2633,182.5623,2.9250000000000016,20.10344827586205,0.36042500000000643,1
2618,2633,81.135,1.4616844455470226,11.091664599354965,0.16432500000000516,1
2618,2892,108.51675,2.9250000000000016,20.10344827586205,0.3776500000000098,1
2618,3702,141.96145,2.9250000000000016,20.10344827586205,0.3750750000000238,1
2618,6269,181.477375,1.1433818417759427,7.290679890624436,0.7273750000000092,1
2618,6456,218.925,2.2011242403781104,9.193923024983164,-0.36487499999999784,1
2891,6269,189.709,2.9250000000000016,20.10344827586205,-0.05074999999997942,1
