stock1,stock2,trade_capital,open,loss,reward,open_num
1504,2356,148.54500000000002,1.1433818417759427,7.290679890624436,0.25167499999999876,1
1504,9933,175.102925,1.4616844455470226,11.091664599354965,0.06529999999999347,1
2103,4958,441.43685000000005,2.9250000000000016,20.10344827586205,1.5868500000000267,1
2308,2409,215.982,1.8079859466287909,5.99999999999997,0.4162500000000051,1
2308,2884,253.11975,1.4616844455470226,11.091664599354965,0.36975000000001046,1
2308,2912,1481.085,1.8079859466287909,5.99999999999997,3.160000000000082,1
2303,4958,218.21529999999998,2.9250000000000016,20.10344827586205,1.3385000000000424,1
2352,2356,193.01875,1.5278527918781692,16.150050761421287,0.1959500000000105,1
2352,6176,162.35610000000003,1.8079859466287909,5.99999999999997,0.3561000000000121,1
2356,3231,187.1544,1.4616844455470226,11.091664599354965,0.10090000000000998,1
2344,2891,116.888,2.2011242403781104,9.193923024983164,0.4710500000000124,1
2344,3481,72.6482,2.2011242403781104,9.193923024983164,0.0821000000000005,1
2347,2357,387.6435,2.2011242403781104,9.193923024983164,0.630500000000012,1
2347,4958,347.27830000000006,3.254488356362935,7.52294907720547,0.9783000000000186,1
2610,4958,103.09940000000002,1.8079859466287909,5.99999999999997,0.3397250000000085,1
2618,2915,114.70500000000001,1.5278527918781692,16.150050761421287,0.05845000000000766,1
2891,3481,77.65135000000001,1.8079859466287909,5.99999999999997,0.12677499999999498,1
2891,4958,148.3771,3.254488356362935,7.52294907720547,0.4771000000000072,1
3034,4915,570.18705,0.6133408446003465,20.043565348022334,4.454550000000012,1
3189,3231,155.9694,2.1048266865449103,22.69250838613482,0.3026500000000141,1
6285,9921,677.25,1.1433818417759427,7.290679890624436,1.3675000000000637,1
