stock1,stock2,trade_capital,open,loss,reward,open_num
2002,3532,200.51775,1.8079859466287909,5.99999999999997,-0.013949999999994134,1
2105,2344,121.30835000000002,1.8079859466287909,5.99999999999997,-0.7915499999999867,1
2105,2882,334.8414,2.9250000000000016,20.10344827586205,0.21090000000002362,1
2105,6116,97.18835000000001,1.9903685727286529,4.999999999999846,0.09782500000001448,1
2301,2880,134.94727500000002,2.1048266865449103,22.69250838613482,0.1472750000000147,1
2311,2344,226.9473,1.8079859466287909,5.99999999999997,0.34592500000002246,1
2344,2371,62.741175,2.9250000000000016,20.10344827586205,-0.09877500000000339,1
2344,2884,121.17312500000001,1.8079859466287909,5.99999999999997,0.16287500000001387,1
2344,3231,57.708600000000004,1.4616844455470226,11.091664599354965,-0.39134999999999565,1
2344,3673,175.72425,1.8916951729380467,12.846636259977194,-0.2756249999999767,1
2344,6116,55.31455000000001,1.8079859466287909,5.99999999999997,-0.08542499999998654,1
2371,2891,27.2988,1.1433818417759427,7.290679890624436,0.056199999999998695,1
2371,3481,33.8526,1.1433818417759427,7.290679890624436,0.09705000000000119,1
2377,2409,223.73887499999998,2.2011242403781104,9.193923024983164,-1.4620249999999473,1
2377,2884,127.2505,2.9250000000000016,20.10344827586205,0.09975000000000733,1
2379,2449,199.00625000000002,1.8916951729380467,12.846636259977194,-0.31484999999997854,1
2409,3532,142.64285,1.8079859466287909,5.99999999999997,0.2263499999999965,1
2449,2891,97.85430000000001,3.254488356362935,7.52294907720547,-0.15097499999999187,1
2633,3406,415.13050000000004,1.8079859466287909,5.99999999999997,2.10912500000002,1
2880,2890,112.680725,3.508635996771593,16.51957223567391,-0.3692749999999947,1
2882,3481,59.6589,2.2011242403781104,9.193923024983164,0.05835000000000434,1
2881,3406,523.8055,2.9250000000000016,20.10344827586205,4.178375000000017,1
2881,4938,219.26850000000002,2.9250000000000016,20.10344827586205,0.05755000000000621,1
2884,3019,134.72065,1.8079859466287909,5.99999999999997,-2.7662249999999915,1
2884,3406,391.43500000000006,1.8079859466287909,5.99999999999997,-0.10224999999996953,1
2884,4938,169.59312500000001,2.2011242403781104,9.193923024983164,0.08217500000000655,1
3443,4958,339.44770000000005,1.1433818417759427,7.290679890624436,2.440950000000001,1
3481,4938,105.9289,1.4616844455470226,11.091664599354965,0.12749999999999773,1
4938,4958,146.5777,1.8079859466287909,5.99999999999997,0.16645000000001176,1
