stock1,stock2,trade_capital,open,loss,reward,open_num
1314,2377,86.4,1.8079859466287909,5.99999999999997,0.15555000000000518,1
1477,2409,181.727,2.9250000000000016,20.10344827586205,0.22700000000001097,1
1477,2474,644.0325,1.4616844455470226,11.091664599354965,1.5325000000000273,1
2409,2439,209.685,2.2011242403781104,9.193923024983164,-0.06499999999999062,1
2474,2618,338.741125,1.4616844455470226,11.091664599354965,0.24112500000001091,1
2474,2880,319.522875,3.254488356362935,7.52294907720547,-1.2671249999999787,1
2618,3706,137.843375,1.9903685727286529,4.999999999999846,0.13287499999999852,1
4904,6456,491.76125,1.1433818417759427,7.290679890624436,0.261250000000004,1
