stock1,stock2,trade_capital,open,loss,reward,open_num
1326,2360,1007.63375,2.7500000000000018,15.0,2.945250000000044,1
1326,2492,464.163,1.3000000000000007,23.0,2.264250000000004,1
1326,2884,228.23087500000003,1.7500000000000009,15.0,0.38662500000002353,1
1326,2888,181.9065,2.7500000000000018,15.0,0.21724999999999994,1
1326,2912,1021.8195000000001,1.3000000000000007,23.0,-3.1394999999999413,1
1314,1722,108.263,1.9500000000000013,5.0,-0.21919999999999362,1
1314,2201,124.46300000000001,1.4000000000000008,20.0,0.20350000000001955,1
1314,2885,82.07300000000001,1.4000000000000008,20.0,0.12437500000001123,1
1504,2883,77.0842,2.200000000000001,6.0,-0.11580000000000013,1
1504,9904,135.48487500000002,2.4000000000000017,10.0,0.18992500000001655,1
2049,2912,2377.062,1.3000000000000007,23.0,-25.335499999999797,1
2049,6505,1322.70525,1.4000000000000008,20.0,-15.582749999999919,1
2303,2881,107.4829,3.3500000000000023,16.0,0.42840000000001055,1
2303,2883,69.50175,3.3500000000000023,16.0,0.19320000000000093,1
2313,3406,409.14625000000007,1.4500000000000008,5.0,2.3677500000000435,1
2313,6505,250.92112500000002,2.7500000000000018,15.0,-0.4008749999999708,1
2337,6505,251.52215,0.5,10.0,0.3221500000000077,1
2327,2352,601.0070000000001,1.7500000000000009,15.0,0.33200000000003627,1
2327,2801,546.4605,1.6500000000000008,16.0,3.3485000000000014,1
2327,2912,2097.735,1.3000000000000007,23.0,-6.412499999999795,1
2327,3406,1824.13875,1.4500000000000008,5.0,6.596750000000156,1
2352,2885,105.601225,2.7500000000000018,15.0,-0.32339999999999947,1
2360,2492,983.33375,1.3000000000000007,23.0,3.980500000000035,1
2360,2892,258.6115,3.3500000000000023,16.0,-0.1384999999999934,1
2360,3406,1046.33375,1.550000000000009,7.0,3.3800000000000523,1
2360,6505,751.3700000000001,1.3000000000000007,23.0,-0.15199999999992997,1
2360,9914,750.217,1.3000000000000007,23.0,-0.6459999999999866,1
2492,3406,713.14925,1.9500000000000013,5.0,2.854750000000081,1
2542,2892,136.44,3.3500000000000023,16.0,0.22192500000000592,1
2610,2883,72.16159499999999,2.4000000000000017,10.0,0.12159499999999568,1
2618,2912,383.85,1.3000000000000007,23.0,-0.3901249999999834,1
2801,3189,148.27725,1.3000000000000007,23.0,-0.4727499999999978,1
2823,6505,282.82387500000004,2.7500000000000018,15.0,0.3018750000000239,1
2883,2885,69.59175,3.3500000000000023,16.0,0.29290000000000127,1
2883,5880,71.97675,3.3500000000000023,16.0,0.23900000000000432,1
