stock1,stock2,trade_capital,open,loss,reward,open_num
6505,9910,884.96,1.3000000000000007,23.0,2.115500000000111,1
