stock1,stock2,trade_capital,open,loss,reward,open_num
1319,1536,847.3175,1.5000000000000009,5.0,4.0014500000000055,1
1216,1536,680.9745,1.4500000000000008,5.0,1.9335000000000377,1
1216,2891,110.583375,2.7500000000000018,15.0,-0.17482499999999135,1
1216,2912,494.1,1.7500000000000009,15.0,0.6742500000000575,1
1216,3231,138.59130000000002,2.7500000000000018,15.0,-0.21689999999998832,1
1536,6239,787.6168,1.4500000000000008,5.0,3.8167999999999864,1
1722,2881,129.10605,2.7500000000000018,15.0,0.05605000000000615,1
2303,2327,182.19425,1.3000000000000007,23.0,0.4657500000000141,1
2324,2884,37.8294,2.7500000000000018,15.0,0.04022499999999951,1
2324,3481,53.788799999999995,3.3500000000000023,16.0,0.11689999999999579,1
2337,2610,61.907,2.7500000000000018,15.0,-0.34299999999999997,1
2344,2618,119.0199,1.6500000000000008,16.0,0.1596500000000134,1
2327,2382,268.09725000000003,2.7500000000000018,15.0,0.8972500000000423,1
2327,2492,219.43259999999998,1.3200000000000007,6.0,0.8510999999999882,1
2327,2882,365.451,1.8500000000000012,9.0,0.45100000000002183,1
2327,2892,213.24425000000002,2.9000000000000017,20.0,0.16362500000001035,1
2327,2912,1061.4962500000001,1.3000000000000007,23.0,2.826750000000061,1
2327,4943,570.1435,1.9500000000000013,5.0,1.6435000000000457,1
2352,2891,143.4395,2.1000000000000014,9.0,0.12335000000001628,1
2439,2891,321.10562500000003,1.7500000000000009,15.0,-0.2693749999999966,1
2408,6116,102.15077500000001,2.7500000000000018,15.0,-0.4122249999999852,1
2408,6269,422.08775,1.3000000000000007,23.0,-3.677249999999958,1
2498,2881,242.05110000000002,3.3500000000000023,16.0,-0.2914999999999992,1
2618,2884,123.38412500000001,2.7500000000000018,15.0,0.16017500000001306,1
2618,2892,50.31,2.1000000000000014,9.0,0.06592500000000179,1
2618,2912,295.65000000000003,1.6500000000000008,16.0,0.7553750000000008,1
2618,3481,124.01240000000001,2.7500000000000018,15.0,0.25252499999999856,1
2891,2892,100.4491,2.200000000000001,6.0,0.09910000000000707,1
2891,6269,223.005625,1.3000000000000007,23.0,0.39337500000002024,1
2892,3034,217.673,1.8000000000000012,5.0,-0.07699999999998397,1
3406,3673,719.77575,2.1000000000000014,9.0,3.854750000000024,1
