stock1,stock2,trade_capital,open,loss,reward,open_num
1101,3045,582.552,1.8000000000000012,5.0,1.1000000000000512,1
1303,1605,146.78765,1.8500000000000012,9.0,-0.8812249999999864,1
1303,2409,128.72775,1.8000000000000012,5.0,0.04554999999999865,1
1326,1605,166.2584,2.7500000000000018,15.0,-1.0104749999999996,1
1326,2409,149.1584,2.7500000000000018,15.0,0.2661500000000032,1
1536,2448,635.31,0.5,10.0,1.7369500000000144,1
1605,1723,198.31025,2.4000000000000017,10.0,-1.0586249999999922,1
1605,2360,231.26075,2.1000000000000014,9.0,0.8918749999999989,1
1605,2371,98.7598,2.7500000000000018,15.0,-1.0090749999999993,1
1605,2474,405.99825000000004,1.8000000000000012,5.0,-1.3713749999999578,1
1605,3019,185.55475,1.6500000000000008,16.0,1.4597500000000139,1
1909,2371,105.37450000000001,1.7500000000000009,15.0,-0.21492499999999382,1
2371,3019,168.84912500000002,1.3000000000000007,23.0,0.47887500000000216,1
2371,3481,51.899474999999995,1.3000000000000007,23.0,0.07012499999999378,1
2448,6456,500.03075,0.5,10.0,-1.2829999999999586,1
2409,2448,117.2239,1.3000000000000007,23.0,0.07390000000000185,1
2409,3019,167.7305,1.3000000000000007,23.0,-0.011374999999993918,1
2409,3034,159.97500000000002,1.3000000000000007,23.0,-0.016999999999988802,1
2409,3443,298.55775,1.7500000000000009,15.0,-0.23749999999997584,1
2409,6116,58.6662,1.3000000000000007,23.0,0.06037500000000584,1
2409,6456,274.95,2.1000000000000014,9.0,0.04100000000000392,1
2474,3443,563.7047500000001,1.3000000000000007,23.0,0.6022500000000264,1
