stock1,stock2,trade_capital,open,loss,reward,open_num
1314,1605,121.42102500000001,1.3000000000000007,23.0,0.30552500000000293,1
1434,2002,181.869825,2.7500000000000018,15.0,0.2119249999999795,1
1909,2371,113.62979999999999,1.8000000000000012,5.0,0.273149999999994,1
2201,2883,66.735,1.3000000000000007,23.0,0.18832500000000607,1
2330,3231,321.27225000000004,1.4000000000000008,20.0,-0.2659999999999769,1
2371,2603,151.38479999999998,1.3000000000000007,23.0,0.31067500000000337,1
2412,3406,555.59125,1.3000000000000007,23.0,1.1165000000000305,1
2883,3231,103.74780000000001,1.52,8.0,0.04265000000001429,1
