stock1,stock2,trade_capital,open,loss,reward,open_num
1301,3034,889.60175,2.2500000000000018,5.0,-3.9032499999999573,1
1216,1314,127.9535,1.7500000000000009,15.0,-0.401299999999992,1
1216,1476,558.67375,2.7500000000000018,15.0,-0.37824999999998,1
1216,2882,223.43110000000001,1.9500000000000013,5.0,0.4353500000000494,1
1216,2885,125.8665,1.8500000000000012,9.0,0.25125000000000597,1
1314,1722,49.0987,2.1000000000000014,9.0,-0.12942499999999413,1
1314,2344,122.18710000000002,2.4000000000000017,10.0,0.3052250000000001,1
1314,2356,83.12610000000001,2.0000000000000013,6.0,-0.43155000000000854,1
1314,2603,131.803125,3.3500000000000023,16.0,-0.15767499999999757,1
1314,3034,148.885875,1.3000000000000007,23.0,0.4081250000000196,1
1402,2344,106.2404,1.3000000000000007,23.0,0.19039999999998258,1
1605,2882,123.94595000000001,1.4500000000000008,5.0,0.15170000000001238,1
1722,2603,176.67517500000002,3.3500000000000023,16.0,0.2243750000000233,1
2308,2603,216.88775000000004,2.1000000000000014,9.0,0.4113750000000209,1
2337,3682,96.105625,1.3000000000000007,23.0,-0.3443749999999923,1
2330,3019,822.5745000000001,2.4000000000000017,10.0,0.7460000000000804,1
2330,3481,280.849875,2.9000000000000017,20.0,0.5421250000000271,1
2344,2409,140.48895,1.3000000000000007,23.0,0.3389500000000041,1
2344,3481,55.916000000000004,1.3000000000000007,23.0,0.11600000000000321,1
2356,2603,52.8061,2.200000000000001,6.0,0.06555000000000177,1
2376,2603,121.20615000000001,3.3500000000000023,16.0,0.35515000000000896,1
2542,2892,185.8886,2.9000000000000017,20.0,-0.34729999999997574,1
2603,2801,31.400475,3.3500000000000023,16.0,0.050275000000002734,1
2603,2882,127.8961,3.3500000000000023,16.0,0.3451000000000164,1
2603,2886,92.58905000000001,1.9500000000000013,5.0,0.1032250000000019,1
2603,2888,85.609625,2.4000000000000017,10.0,0.10862500000001063,1
2603,3481,58.689975000000004,1.550000000000009,7.0,0.05415000000000525,1
2603,3682,89.266755,1.9500000000000013,5.0,0.0856550000000027,1
2603,9914,193.423,1.550000000000009,7.0,-0.053374999999988404,1
2801,2882,125.87110000000001,1.3000000000000007,23.0,0.1484750000000048,1
2801,3682,38.935585,1.4000000000000008,20.0,0.04653500000000044,1
2801,9914,186.92737499999998,1.3000000000000007,23.0,0.45112500000000466,1
2834,2882,90.0511,2.7500000000000018,15.0,0.0583999999999989,1
2882,2888,98.423125,1.3000000000000007,23.0,0.34437500000000654,1
2888,6176,95.905925,1.3000000000000007,23.0,0.10592499999999916,1
