stock1,stock2,trade_capital,open,loss,reward,open_num
1909,2106,379.080525,1.7500000000000009,15.0,0.6805250000000171,1
2377,9910,731.09725,1.6500000000000008,16.0,0.8397500000000377,1
2451,2884,167.92145000000002,2.1000000000000014,9.0,-0.016174999999989836,1
2603,6269,207.98525,3.3500000000000023,16.0,-2.575499999999991,1
2603,6456,355.98825,1.3000000000000007,23.0,0.20137500000002717,1
