stock1,stock2,trade_capital,open,loss,reward,open_num
1303,1605,173.5197,2.7500000000000018,15.0,-0.48229999999996664,1
1301,2615,182.82535000000001,2.0000000000000013,6.0,-0.17464999999999975,1
1301,2885,149.56185,2.7500000000000018,15.0,0.3650999999999982,1
1605,2885,84.3598,2.7500000000000018,15.0,0.3630500000000012,1
1722,2439,414.24137500000006,1.7500000000000009,15.0,-0.1566249999999627,1
2317,3406,1186.748,1.6500000000000008,16.0,-2.8682499999998754,1
2330,2884,293.554,2.1000000000000014,9.0,0.2955000000000041,1
2324,2615,110.93335,2.4000000000000017,10.0,-0.06664999999999566,1
2324,2885,56.50695000000001,2.7500000000000018,15.0,0.2119500000000123,1
2377,6269,308.8875,2.2500000000000018,5.0,1.4945000000000306,1
2451,2890,136.445025,2.7500000000000018,15.0,0.0950250000000068,1
2615,2892,148.3771,1.7500000000000009,15.0,0.17710000000001003,1
2880,2890,77.67645,3.3500000000000023,16.0,0.07640000000000668,1
2885,3034,167.435,2.9000000000000017,20.0,0.7382500000000078,1
2886,3481,120.37570000000001,1.3000000000000007,23.0,0.35837500000000944,1
2890,3406,1029.73575,1.3000000000000007,23.0,-7.6722899999999115,1
2891,9933,100.6377,1.8500000000000012,9.0,0.14159999999999684,1
