stock1,stock2,trade_capital,open,loss,reward,open_num
1909,3231,65.47355,1.5091524632267055,22.27597478402984,0.09785000000000466,1
2317,2451,526.6755,2.7909482160211057,10.338053588782445,-1.5391000000000474,1
2356,2454,408.37275,2.7909482160211057,10.338053588782445,-0.6318749999999795,1
2492,2888,498.5015,1.5091524632267055,22.27597478402984,4.242875000000012,1
3406,9904,629.8185000000001,2.1222512447963604,6.231409680842454,5.528375000000068,1
