stock1,stock2,trade_capital,open,loss,reward,open_num
1326,2049,406.13800000000003,2.7909482160211057,10.338053588782445,-0.6427499999999782,1
1326,6285,598.812,2.1222512447963604,6.231409680842454,2.452600000000075,1
1216,2303,119.72120000000001,1.5091524632267055,22.27597478402984,0.061450000000007776,1
1314,1590,330.117125,1.5091524632267055,22.27597478402984,-0.29112499999995833,1
2049,2303,270.56925,2.1222512447963604,6.231409680842454,0.08450000000000557,1
2049,2449,314.02637500000003,2.7909482160211057,10.338053588782445,-1.2543749999999818,1
2049,2618,299.799625,1.5091524632267055,22.27597478402984,0.29962500000002024,1
2303,2454,276.286,1.5091524632267055,22.27597478402984,-0.1737499999999983,1
2303,6285,130.10559999999998,1.9849323562570391,12.502254791431788,-0.5037750000000045,1
2379,2618,185.58050000000003,1.5091524632267055,22.27597478402984,-0.9355999999999725,1
2449,2454,318.52637500000003,1.9849323562570391,12.502254791431788,-1.7611249999999643,1
2454,2474,1487.2852500000001,1.9849323562570391,12.502254791431788,3.126250000000141,1
2618,6116,43.904045,10.00000000000039,24.999999999999815,-0.05595499999999731,1
