stock1,stock2,trade_capital,open,loss,reward,open_num
1402,2890,80.17955,1.9849323562570391,12.502254791431788,0.17955000000000965,1
2105,2886,172.215375,1.7138786246633644,8.829335504478017,-0.4654249999999962,1
2105,4904,352.5494,1.5091524632267055,22.27597478402984,-0.6863999999999919,1
2201,2883,93.40870000000001,1.5091524632267055,22.27597478402984,0.20120000000000715,1
2201,2890,141.43752500000002,2.7909482160211057,10.338053588782445,0.2375250000000122,1
2201,3443,344.631,2.7909482160211057,10.338053588782445,0.9652500000000117,1
2303,2618,43.356375,1.9849323562570391,12.502254791431788,0.0801750000000041,1
2303,2883,70.64387500000001,1.5091524632267055,22.27597478402984,0.14387500000000486,1
2301,3481,46.8035,1.5091524632267055,22.27597478402984,0.07372500000001025,1
2327,2382,848.991,1.9849323562570391,12.502254791431788,7.183750000000032,1
2353,2618,56.546975,2.7909482160211057,10.338053588782445,-0.8905249999999914,1
2354,2883,122.2375,1.5091524632267055,22.27597478402984,-0.9934999999999832,1
2354,2890,114.66000000000001,1.9849323562570391,12.502254791431788,-0.5904999999999916,1
2356,2890,54.118700000000004,1.5091524632267055,22.27597478402984,0.018700000000006156,1
2474,2890,381.177375,1.9849323562570391,12.502254791431788,-0.822624999999995,1
2474,3045,783.45,3.5096289574511017,16.519257914902177,-0.8064999999999714,1
2474,9910,770.85,1.9849323562570391,12.502254791431788,1.7107500000000186,1
2498,9945,195.82640000000004,2.7909482160211057,10.338053588782445,0.1971500000000077,1
2618,2801,91.826975,2.1222512447963604,6.231409680842454,0.14910000000001133,1
2884,2888,72.0,2.1222512447963604,6.231409680842454,0.4791000000000061,1
2883,2886,72.53999999999999,1.5091524632267055,22.27597478402984,0.12872500000000642,1
2883,2890,21.617525,1.5091524632267055,22.27597478402984,0.06752500000000339,1
2883,5871,143.325,1.5091524632267055,22.27597478402984,0.5100000000000051,1
2885,2890,91.240125,2.7909482160211057,10.338053588782445,0.25645000000001517,1
2885,3481,73.305,1.5718010456796814,14.725371491469451,0.17737500000001027,1
2886,5871,197.4946,1.9849323562570391,12.502254791431788,0.38709999999998956,1
2888,3443,296.68475,2.1222512447963604,6.231409680842454,-0.9552499999999711,1
