stock1,stock2,trade_capital,open,loss,reward,open_num
1402,1605,43.916875,1.5718010456796814,14.725371491469451,0.0814500000000038,1
1314,2890,52.82065000000001,1.5091524632267055,22.27597478402984,0.12065000000000836,1
1102,1536,273.452125,1.5091524632267055,22.27597478402984,0.5706250000000068,1
1102,2439,273.861,1.7138786246633644,8.829335504478017,-0.9357499999999845,1
1102,2474,362.7275,1.5091524632267055,22.27597478402984,-3.5692499999999825,1
1102,2890,78.900425,1.5091524632267055,22.27597478402984,0.22355000000000302,1
1101,2344,195.105375,1.527852791878169,16.150050761421287,0.13597500000000196,1
1536,1605,166.4485,1.5091524632267055,22.27597478402984,0.24245000000000516,1
1536,2885,176.85000000000002,1.9849323562570391,12.502254791431788,0.4541250000000048,1
1536,6456,713.5797,1.5091524632267055,22.27597478402984,0.8537000000000035,1
1504,2885,51.02335,1.5091524632267055,22.27597478402984,0.07334999999999603,1
1504,2890,36.53425,1.5091524632267055,22.27597478402984,0.04247500000000315,1
1504,3481,35.96315,2.7909482160211057,10.338053588782445,0.09284999999999499,1
2002,2890,74.98735,0.9245009219914979,10.470937224404707,0.13735000000000852,1
2308,2439,949.68525,2.7909482160211057,10.338053588782445,3.471499999999992,1
2308,2492,938.53625,1.5091524632267055,22.27597478402984,6.033749999999998,1
2313,2890,70.20812500000001,1.9849323562570391,12.502254791431788,0.14140000000000796,1
2344,2439,188.36100000000002,1.7138786246633644,8.829335504478017,-0.7932499999999862,1
2344,2474,255.15,0.61324904022712,20.043398430980105,0.32362500000002115,1
2344,2890,55.723875,1.5091524632267055,22.27597478402984,0.16202499999999986,1
2344,9910,229.05,0.9245009219914979,10.470937224404707,-1.3802499999999753,1
2352,2885,58.724999999999994,1.7138786246633644,8.829335504478017,0.2016750000000158,1
2408,9910,431.651,1.5091524632267055,22.27597478402984,-0.17499999999998295,1
2492,2887,214.9495,1.9849323562570391,12.502254791431788,-0.09724999999998829,1
2633,2885,129.43365,1.5091524632267055,22.27597478402984,0.043900000000000716,1
2474,2891,304.4525,1.5091524632267055,22.27597478402984,0.2775000000000176,1
2886,9933,142.38080000000002,2.7909482160211057,10.338053588782445,0.17957500000000692,1
2890,9933,95.306825,1.9849323562570391,12.502254791431788,0.15682500000001198,1
6116,9910,198.04500000000002,1.5091524632267055,22.27597478402984,-0.829324999999983,1
