stock1,stock2,trade_capital,open,loss,reward,open_num
1319,2330,687.6052500000001,1.8500000000000012,9.0,0.445350000000019,1
1319,2603,133.5993,1.5000000000000009,5.0,0.04930000000000234,1
1319,2885,116.63999999999999,1.52,8.0,0.05522500000000008,1
1319,9910,840.2706000000001,1.8500000000000012,9.0,1.131850000000071,1
2002,9910,146.26685,1.4000000000000008,20.0,0.7083500000000171,1
2105,2885,123.264825,2.200000000000001,6.0,-0.08517499999998535,1
2324,2474,329.901875,1.550000000000009,7.0,0.7148750000000064,1
2344,2886,62.60594999999999,2.200000000000001,6.0,0.25594999999999857,1
2356,2888,55.080000000000005,1.8000000000000012,5.0,0.008049999999997226,1
2356,9910,367.65,1.4000000000000008,20.0,1.384250000000037,1
2371,3481,73.125,1.5000000000000009,5.0,-0.5712000000000046,1
2371,3706,66.04722500000001,1.5000000000000009,5.0,0.0951500000000074,1
2395,9910,653.37675,1.8500000000000012,9.0,-6.019999999999982,1
2409,2603,71.38925,1.5000000000000009,5.0,0.14095000000000013,1
2439,2603,190.52025,1.3500000000000008,7.0,-0.04549999999998988,1
2439,2888,167.026,1.8500000000000012,9.0,-0.15619999999998413,1
2439,3706,295.805625,1.8500000000000012,9.0,1.0556250000000205,1
2474,2603,318.02225,1.8000000000000012,5.0,-0.22775000000000034,1
2474,2888,288.34375000000006,1.5000000000000009,5.0,-0.8384499999999662,1
2474,3706,358.1095,1.5000000000000009,5.0,0.42249999999999943,1
2474,9910,648.1245,1.550000000000009,7.0,0.4882500000000505,1
2603,2881,102.25925000000001,1.52,8.0,0.1394250000000028,1
2603,2885,22.177975000000004,1.3500000000000008,7.0,0.0648250000000008,1
2603,2886,80.11925,1.52,8.0,0.17632500000000206,1
2603,2915,103.05165,1.3500000000000008,7.0,0.035899999999998045,1
2603,9910,178.425,1.52,8.0,0.4514999999999958,1
2886,2912,347.17650000000003,1.8500000000000012,9.0,0.21187500000002046,1
2886,9910,471.15000000000003,1.3500000000000008,7.0,0.9621250000000146,1
2885,2888,23.824975000000002,1.52,8.0,0.05209499999999956,1
2885,9945,87.844425,1.4000000000000008,20.0,0.10930000000000462,1
2888,3706,59.715,1.8500000000000012,9.0,0.10017499999999657,1
2915,3481,87.936575,1.5000000000000009,5.0,-0.13852500000000134,1
3481,3706,75.236975,1.4000000000000008,20.0,0.08697500000000602,1
3481,4904,123.01355000000001,1.5000000000000009,5.0,-0.19282499999998493,1
