stock1,stock2,trade_capital,open,loss,reward,open_num
1102,2356,160.309175,1.4000000000000008,20.0,0.25917499999999905,1
2313,2449,90.10810000000001,1.5000000000000009,5.0,0.26042500000000146,1
2888,3481,69.16499999999999,1.8500000000000012,9.0,0.08442500000001019,1
