stock1,stock2,trade_capital,open,loss,reward,open_num
1216,2303,247.2729,2.200000000000001,6.0,0.31869999999997844,1
1722,2317,141.88685,2.7500000000000018,15.0,0.28685000000000116,1
1722,2395,798.550375,1.7500000000000009,15.0,0.5503750000000309,1
1722,2915,264.6,1.6500000000000008,16.0,0.5575000000000188,1
2317,2891,193.0705,2.7500000000000018,15.0,0.4447500000000133,1
2353,2823,183.26475000000002,2.7500000000000018,15.0,0.21155000000000257,1
2353,9945,224.87580000000003,2.7500000000000018,15.0,0.2884250000000037,1
2352,2834,58.358575,2.200000000000001,6.0,0.05602500000000887,1
2395,2633,306.72275,2.4000000000000017,10.0,0.5211250000000263,1
2395,3481,261.49775,1.6500000000000008,16.0,0.34687500000001137,1
2395,4915,1228.46875,1.3000000000000007,23.0,0.6179500000001212,1
2395,9904,367.02275000000003,2.200000000000001,6.0,-0.8282499999999686,1
2448,2882,356.32030000000003,2.7500000000000018,15.0,1.12505000000003,1
