stock1,stock2,trade_capital,open,loss,reward,open_num
1314,1319,114.66,2.9000000000000017,20.0,0.20830000000000837,1
1314,1326,145.89,2.4000000000000017,10.0,0.3559500000000213,1
1314,1434,116.95500000000001,2.2500000000000018,5.0,0.40417499999999507,1
1314,2371,62.415000000000006,1.6500000000000008,16.0,0.14559999999999995,1
1314,2886,88.51500000000001,3.3500000000000023,16.0,0.10210000000000719,1
1314,3019,172.125,2.7500000000000018,15.0,1.2108750000000015,1
1319,1402,166.76999999999998,3.3500000000000023,16.0,0.52085000000001,1
1319,1434,205.580125,1.8500000000000012,9.0,0.5819250000000125,1
1319,2371,109.0751,1.3000000000000007,23.0,-4.472349999999992,1
1102,2379,233.30400000000003,2.200000000000001,6.0,0.3795000000000073,1
1402,2303,124.19225,2.2500000000000018,5.0,0.15575000000000472,1
1402,2308,249.70875,2.1000000000000014,9.0,0.3540000000000134,1
1402,2371,152.505,2.7500000000000018,15.0,0.3449249999999964,1
1434,2303,77.58345,2.2500000000000018,5.0,0.183449999999997,1
1434,2371,194.61450000000002,2.200000000000001,6.0,-1.1646249999999796,1
2330,2615,333.499,2.7500000000000018,15.0,0.7490000000000236,1
2303,2371,92.61087500000001,2.7500000000000018,15.0,-1.1891249999999953,1
2303,2615,46.35255,2.1000000000000014,9.0,0.075600000000005,1
2308,2439,810.0,2.1000000000000014,9.0,3.14325000000008,1
2308,2603,205.77475,2.7500000000000018,15.0,0.4200000000000159,1
2308,2615,213.513125,1.8000000000000012,5.0,0.6576250000000101,1
2308,2884,214.01237500000002,2.7500000000000018,15.0,0.4076250000000101,1
2308,2887,188.55062500000003,1.3000000000000007,23.0,0.4458750000000151,1
2371,2409,39.191125,3.3500000000000023,16.0,-0.6088749999999958,1
2371,2883,61.158125000000005,10.0,25.0,-0.1918749999999978,1
2371,2886,120.20362500000002,3.3500000000000023,16.0,-1.247999999999987,1
2371,2891,115.95695,2.0000000000000013,6.0,-0.2885499999999972,1
2377,3682,114.84859999999999,2.200000000000001,6.0,-0.7826999999999913,1
2603,3682,92.81985,2.7500000000000018,15.0,0.053449999999998,1
2886,3019,228.29125000000002,1.9500000000000013,5.0,-0.8603749999999764,1
2884,3532,193.68275,2.1000000000000014,9.0,-0.054874999999995566,1
2884,9904,119.94352500000001,1.9500000000000013,5.0,0.05590000000000117,1
