stock1,stock2,trade_capital,open,loss,reward,open_num
1102,6505,210.09525000000002,2.0000000000000013,6.0,-0.5777499999999804,1
1216,5880,106.85464999999999,1.5000000000000009,5.0,0.23094999999999288,1
1314,5880,65.009925,1.8500000000000012,9.0,0.09807499999999436,1
2303,2915,115.98965000000001,1.5000000000000009,5.0,0.16565000000001362,1
2308,2317,933.038,1.550000000000009,7.0,1.791750000000036,1
2308,2327,178.51975000000002,1.5000000000000009,5.0,0.21050000000000324,1
2308,2881,201.78480000000002,1.5000000000000009,5.0,0.2755499999999955,1
2308,2885,179.019,1.8500000000000012,9.0,0.45975000000000676,1
2308,2886,189.80280000000002,1.4000000000000008,20.0,0.1935500000000019,1
2308,2915,181.8148,1.5000000000000009,5.0,0.6048000000000187,1
2308,3034,262.14075,1.3500000000000008,7.0,0.585250000000002,1
2308,6285,338.2677,1.5000000000000009,5.0,0.4492000000000047,1
2308,6505,991.29375,1.4000000000000008,20.0,1.361750000000029,1
2308,8464,862.1445,1.4000000000000008,20.0,0.5945000000000675,1
2317,3034,276.619,1.4000000000000008,20.0,0.6634999999999991,1
2337,2915,73.8345,1.8500000000000012,9.0,0.13622500000001025,1
2337,5871,70.2399,1.550000000000009,7.0,0.09155000000000868,1
2353,2867,87.0743,1.8500000000000012,9.0,0.31004999999999683,1
2382,3034,526.1800000000001,1.3500000000000008,7.0,0.667500000000075,1
2880,2884,103.27295000000001,2.0000000000000013,6.0,0.18319999999999936,1
2880,3034,205.91875000000002,1.5000000000000009,5.0,0.42900000000001626,1
2881,3034,276.0199,1.3500000000000008,7.0,-0.8348499999999888,1
2885,2891,25.35145,1.4000000000000008,20.0,0.06025000000000169,1
2887,6116,58.99977500000001,1.4000000000000008,20.0,0.20467500000000172,1
2891,2892,29.49145,2.1000000000000014,9.0,0.053350000000001785,1
2891,5871,109.38005,1.8500000000000012,9.0,-0.17354999999999166,1
2891,6505,152.18225,1.8500000000000012,9.0,0.25925000000000864,1
