stock1,stock2,trade_capital,open,loss,reward,open_num
1301,2354,581.7527500000001,1.4000000000000008,20.0,-2.1196499999999787,1
1301,2448,348.59175,1.5000000000000009,5.0,-1.2575499999999238,1
1301,3034,410.447,2.1000000000000014,9.0,1.0647500000000178,1
1101,1605,39.056175,1.8500000000000012,9.0,0.09917500000000601,1
2002,2409,61.98688,1.5000000000000009,5.0,-0.48311999999999955,1
2303,2886,64.40325,1.3500000000000008,7.0,0.10325000000000628,1
2330,2409,177.5195,1.8000000000000012,5.0,0.2765500000000074,1
2330,2542,191.04755,1.52,8.0,0.29205000000000325,1
2330,2603,188.3195,1.3500000000000008,7.0,0.4582499999999996,1
2330,2615,203.5745,1.5000000000000009,5.0,-1.2162000000000006,1
2330,2888,164.6945,1.8500000000000012,9.0,0.44770000000000465,1
2330,3034,383.93750000000006,1.8500000000000012,9.0,0.9060000000000343,1
2330,6116,156.41875000000002,1.3500000000000008,7.0,0.7119500000000194,1
2347,2834,65.09440000000001,1.8500000000000012,9.0,0.04627500000000495,1
2353,2880,57.73140000000001,1.8500000000000012,9.0,0.15895000000000792,1
2353,3034,162.569375,1.8000000000000012,5.0,-0.012124999999997499,1
2353,9945,88.679375,1.8000000000000012,5.0,0.1609500000000068,1
2354,2603,175.7384,1.3500000000000008,7.0,-0.7732249999999965,1
2354,2615,268.521,1.3500000000000008,7.0,-2.017750000000021,1
2354,2618,111.51670000000001,1.4000000000000008,20.0,-0.9752000000000081,1
2354,3034,419.4335,1.3500000000000008,7.0,-3.147999999999996,1
2354,6239,419.9601,1.5000000000000009,5.0,-1.3705000000000496,1
2409,2887,45.679095000000004,1.6500000000000008,16.0,0.08819500000000247,1
2409,2915,95.06182500000001,1.3500000000000008,7.0,0.19872500000000315,1
2449,2886,161.008125,1.52,8.0,0.008124999999999716,1
2449,2887,88.662375,1.8000000000000012,5.0,0.3607250000000022,1
2449,9910,255.27975,1.550000000000009,7.0,0.600625000000008,1
2448,2890,67.430825,2.0000000000000013,6.0,0.34237500000000765,1
2448,5871,75.305825,1.4000000000000008,20.0,0.32917499999999933,1
2448,6116,44.28435,1.4000000000000008,20.0,-0.34891000000000005,1
2834,2915,88.082175,1.8500000000000012,9.0,0.008774999999999977,1
2880,3673,131.02315000000002,1.7500000000000009,15.0,-0.4079749999999791,1
2888,6116,42.574200000000005,1.5000000000000009,5.0,0.09407500000000724,1
2891,6116,61.75327500000001,1.3500000000000008,7.0,0.10010000000000474,1
2915,9933,233.34945000000002,1.5000000000000009,5.0,-1.350549999999977,1
9904,9933,217.123825,1.5000000000000009,5.0,-1.2761749999999736,1
