stock1,stock2,trade_capital,open,loss,reward,open_num
1303,2313,136.69887500000002,1.3500000000000008,7.0,0.2351250000000107,1
1536,2313,239.64,1.3500000000000008,7.0,0.39000000000000057,1
1536,2886,257.36075,1.8500000000000012,9.0,0.8468750000000114,1
1605,2823,65.426875,1.5000000000000009,5.0,0.29507500000000775,1
1605,4904,119.58930000000001,1.4000000000000008,20.0,0.4120500000000007,1
2313,2325,107.07310000000001,1.3500000000000008,7.0,-0.16754999999999853,1
2313,2449,132.19887500000002,1.550000000000009,7.0,0.04292500000001098,1
2313,2880,108.3781,1.5000000000000009,5.0,0.17975000000000563,1
2330,3673,971.2310000000001,1.52,8.0,1.0030000000000996,1
2330,8464,1562.4,1.5000000000000009,5.0,-9.094249999999874,1
2439,6176,367.89750000000004,1.4000000000000008,20.0,0.4075000000000273,1
2603,2887,74.34,2.200000000000001,6.0,0.22557500000000275,1
2603,2912,308.786125,1.4000000000000008,20.0,0.2861250000000055,1
2887,8464,415.34999999999997,1.4800000000000009,11.0,-0.4426249999999712,1
