stock1,stock2,trade_capital,open,loss,reward,open_num
2103,2618,99.16287500000001,1.7500000000000009,15.0,0.1469250000000102,1
2330,2412,353.967,2.1000000000000014,9.0,0.9457500000000039,1
2356,2881,73.324875,2.200000000000001,6.0,0.13337500000000801,1
2618,2881,103.84472500000001,1.5000000000000009,5.0,0.13260000000001781,1
2888,6285,95.58000000000001,1.3500000000000008,7.0,0.43980000000000175,1
