stock1,stock2,trade_capital,open,loss,reward,open_num
1402,2344,52.379099999999994,1.4000000000000008,20.0,0.06772499999999582,1
2049,3231,251.20749999999998,1.8500000000000012,9.0,-0.14449999999999363,1
2354,3231,213.37945000000002,1.5000000000000009,5.0,-0.07054999999998302,1
2344,2353,89.10975,1.8500000000000012,9.0,0.40825000000000244,1
2344,3189,114.46350000000001,1.8000000000000012,5.0,0.06760000000001298,1
2344,6285,131.4735,1.5000000000000009,5.0,0.03925000000000978,1
2344,9904,89.7585,1.5000000000000009,5.0,0.1087750000000085,1
2408,3231,154.81725,1.8500000000000012,9.0,0.11127500000001334,1
2448,2615,101.74715,1.8500000000000012,9.0,0.2471500000000013,1
2448,2887,56.565025000000006,1.4000000000000008,20.0,0.06502500000000921,1
2448,4915,161.5573,2.0000000000000013,6.0,-0.8427000000000007,1
2454,2615,297.880375,1.8500000000000012,9.0,0.016625000000018986,1
2603,3189,131.0032,1.550000000000009,7.0,0.15320000000001244,1
2884,6505,186.615,1.8500000000000012,9.0,-0.2954999999999899,1
