stock1,stock2,trade_capital,open,loss,reward,open_num
1605,2915,84.735,1.8500000000000012,9.0,0.30810000000001025,1
2204,2352,135.81007499999998,1.8000000000000012,5.0,-0.7626249999999999,1
2201,2801,58.34885,1.8000000000000012,5.0,0.10820000000000363,1
2352,2354,155.846,1.8500000000000012,9.0,0.20400000000002194,1
2353,3406,174.548,2.1000000000000014,9.0,0.22025000000002137,1
2633,2915,132.97500000000002,1.5000000000000009,5.0,-0.1716999999999942,1
2633,5880,41.985,1.5000000000000009,5.0,0.029874999999996987,1
5880,6116,20.205,1.8500000000000012,9.0,0.05619000000000085,1
