stock1,stock2,trade_capital,open,loss,reward,open_num
2357,2884,353.219375,1.3500000000000008,7.0,-0.28062499999998636,1
2884,2892,69.128325,1.8500000000000012,9.0,-0.35634999999999906,1
