stock1,stock2,trade_capital,open,loss,reward,open_num
1326,2344,127.452375,2.200000000000001,6.0,0.24577500000000896,1
1476,2603,395.445375,1.5000000000000009,5.0,-3.8931249999999977,1
2344,2809,55.858200000000004,1.5000000000000009,5.0,0.21202500000000413,1
