stock1,stock2,trade_capital,open,loss,reward,open_num
2409,2603,32.535000000000004,1.7500000000000009,15.0,0.09555000000000113,1
2891,3231,104.915425,1.6500000000000008,16.0,0.07855000000001056,1
