stock1,stock2,trade_capital,open,loss,reward,open_num
1704,2890,91.52142500000002,1.3500000000000008,7.0,-0.38082499999999975,1
2049,2303,183.403625,1.5000000000000009,5.0,-0.04512499999998454,1
2049,2618,221.16775,1.3500000000000008,7.0,2.9177500000000265,1
2324,9904,167.827,1.3500000000000008,7.0,0.2330000000000183,1
2888,5264,202.30975,1.5000000000000009,5.0,-0.8586249999999822,1
