stock1,stock2,trade_capital,open,loss,reward,open_num
2352,2412,178.98112500000002,1.52,8.0,0.48112500000002,1
2385,2610,96.822,2.9000000000000017,20.0,0.028344999999994513,1
2409,2610,99.44061500000001,1.52,8.0,0.10061500000000478,1
2409,2886,83.6743,1.6500000000000008,16.0,0.37430000000000163,1
2409,9933,103.192375,1.4800000000000009,11.0,0.13807500000000772,1
2603,2801,38.6987,2.4000000000000017,10.0,0.039475000000003035,1
2603,2886,82.426175,1.550000000000009,7.0,0.17617500000000064,1
2603,3706,88.62425,1.3500000000000008,7.0,0.06267500000000226,1
2618,3481,90.91342499999999,1.7500000000000009,15.0,0.21342499999999376,1
2618,3706,93.42,1.8000000000000012,5.0,-0.4053249999999977,1
3045,3481,155.467875,1.4800000000000009,11.0,0.4991250000000136,1
