stock1,stock2,trade_capital,open,loss,reward,open_num
2353,2884,40.774175,1.4000000000000008,20.0,0.08362500000000139,1
2448,3231,154.3351,1.5000000000000009,5.0,0.4049750000000074,1
2603,2883,61.898925000000006,1.5000000000000009,5.0,0.05242499999999595,1
2603,3231,87.80487500000001,1.8000000000000012,5.0,0.21282500000000226,1
2884,2890,82.06486000000001,2.1000000000000014,9.0,0.1390349999999998,1
