stock1,stock2,trade_capital,open,loss,reward,open_num
1216,2892,133.4725,2.200000000000001,6.0,0.14135000000000986,1
1101,2912,397.372125,2.7500000000000018,15.0,0.3673750000000098,1
1101,6116,113.399,2.200000000000001,6.0,0.12315000000000964,1
1102,2892,112.4311,1.7500000000000009,15.0,0.18110000000000426,1
1605,2344,52.45055,1.7500000000000009,15.0,0.14685500000000573,1
1605,2439,179.501375,1.4800000000000009,11.0,-0.03762499999999136,1
1605,3682,85.92092500000001,1.7500000000000009,15.0,0.4709250000000047,1
1722,2313,170.9702,2.1000000000000014,9.0,0.1254250000000141,1
1722,5871,90.52795,2.4000000000000017,10.0,0.05795000000001238,1
2105,2353,120.35910000000001,1.4000000000000008,20.0,0.1589750000000123,1
2313,6239,153.2215,3.3500000000000023,16.0,0.8071500000000214,1
2317,2353,141.9267,1.4000000000000008,20.0,0.02657500000000823,1
2324,2353,82.93987500000001,1.3000000000000007,23.0,0.17265000000000796,1
2324,2881,150.717,1.3000000000000007,23.0,0.11532500000000567,1
2330,2352,974.3363,1.4800000000000009,11.0,1.2363000000000568,1
2330,2439,1040.4370000000001,1.3000000000000007,23.0,1.9370000000000545,1
2344,2892,93.6115,1.3000000000000007,23.0,0.107935000000003,1
2344,6239,122.95710000000001,2.7500000000000018,15.0,-0.1469499999999968,1
2353,2354,142.62565,1.3000000000000007,23.0,-0.07447499999997831,1
2353,6116,21.285975,1.6500000000000008,16.0,0.016715000000001368,1
2353,6239,141.169875,1.6500000000000008,16.0,0.025675000000006776,1
2377,2382,335.96999999999997,1.6500000000000008,16.0,-3.1560499999999934,1
2383,6116,122.81020000000001,1.9500000000000013,5.0,-0.9407999999999817,1
2448,6239,191.2545,2.1000000000000014,9.0,0.5,1
2439,2867,204.8845,1.3500000000000008,7.0,0.42900000000000205,1
2439,2881,317.54400000000004,2.1000000000000014,9.0,0.4035000000000224,1
2439,2892,199.1725,1.3000000000000007,23.0,-0.06799999999999784,1
2439,3673,335.517,1.3000000000000007,23.0,0.37650000000000716,1
2439,3702,304.813125,2.0000000000000013,6.0,0.2733750000000299,1
2610,2867,77.40780000000001,2.7500000000000018,15.0,-0.12345000000000539,1
2610,2881,93.6735,2.1000000000000014,9.0,-0.14774999999999494,1
2610,2892,94.368235,1.3000000000000007,23.0,0.1082350000000023,1
2881,6239,329.1375,1.3000000000000007,23.0,-0.6065499999999844,1
2912,6239,294.8761,1.3000000000000007,23.0,0.22135000000000105,1
5871,6239,347.33975000000004,2.9000000000000017,20.0,0.9652500000000401,1
