stock1,stock2,trade_capital,open,loss,reward,open_num
1101,6176,168.93490000000003,2.7500000000000018,15.0,0.43855000000002065,1
2002,2823,139.5,1.8500000000000012,9.0,0.21682500000001426,1
2311,2823,215.09895,2.7500000000000018,15.0,0.24907500000002614,1
2354,2823,89.595,2.7500000000000018,15.0,0.05037500000001671,1
2498,3702,284.7722,1.3000000000000007,23.0,0.3222000000000236,1
2618,3702,140.0137,1.9500000000000013,5.0,0.12845000000001505,1
