stock1,stock2,trade_capital,open,loss,reward,open_num
1314,2610,87.20899,1.3000000000000007,23.0,0.36899000000000015,1
1402,2610,113.745325,2.7500000000000018,15.0,0.11760000000001725,1
1303,2345,421.6585,1.4500000000000008,5.0,-1.3424499999999853,1
1303,6414,679.9785,3.3500000000000023,16.0,-5.521499999999946,1
2303,4943,188.966125,1.6500000000000008,16.0,-2.2838749999999948,1
2454,4943,1214.79375,0.5,10.0,7.068750000000136,1
2884,6414,401.0472500000001,1.3000000000000007,23.0,-6.366499999999959,1
5880,6414,385.473,1.9500000000000013,5.0,-5.590249999999969,1
