stock1,stock2,trade_capital,open,loss,reward,open_num
1314,2881,95.5494,1.3000000000000007,23.0,0.09865000000000634,1
2204,2344,84.4731,0.5,10.0,0.37310000000000443,1
2204,2371,52.49980000000001,0.5,10.0,0.11690000000000111,1
2204,4958,323.7571,1.6500000000000008,16.0,0.36360000000001946,1
2204,6505,582.2284,1.7500000000000009,15.0,1.5446500000000611,1
2303,2801,72.58500000000001,1.9500000000000013,5.0,0.32835000000000214,1
2308,2886,268.0245,1.3000000000000007,23.0,0.5717500000000086,1
2344,2886,138.94127500000002,1.3000000000000007,23.0,0.24127500000000524,1
2344,3231,38.292474999999996,1.3000000000000007,23.0,0.04247499999999782,1
2344,6239,129.20589999999999,1.3000000000000007,23.0,0.20589999999999264,1
2344,6505,330.975,1.3000000000000007,23.0,1.1957500000000394,1
2356,6505,492.72225000000003,1.7500000000000009,15.0,0.9452500000000583,1
2376,3481,95.50652500000001,10.0,25.0,0.5565250000000077,1
2377,3481,143.234825,10.0,25.0,0.18482500000001778,1
2439,2618,203.69400000000002,2.7500000000000018,15.0,-4.305999999999983,1
2439,2801,193.275,2.4000000000000017,10.0,0.4267499999999984,1
2439,4958,424.9557500000001,1.9500000000000013,5.0,-4.186999999999983,1
2448,2884,79.0812,2.7500000000000018,15.0,0.2312000000000083,1
2618,2884,84.28500000000001,1.3000000000000007,23.0,0.10915000000000674,1
2618,2886,90.99005000000001,1.4500000000000008,5.0,0.10180000000000788,1
2618,3231,92.07000000000001,1.3200000000000007,6.0,0.09617500000000945,1
2618,6505,172.06825000000003,1.4500000000000008,5.0,0.4800000000000182,1
2884,2886,185.62115,2.2500000000000018,5.0,0.42115000000001146,1
2881,3481,116.574875,10.0,25.0,-0.2751249999999956,1
2886,3231,182.27617500000002,1.3000000000000007,23.0,0.17617500000000774,1
2891,3481,119.270825,10.0,25.0,-0.07917499999999933,1
3231,3481,93.4596,10.0,25.0,0.3096000000000032,1
3231,6505,153.03325,1.7500000000000009,15.0,0.262100000000018,1
