stock1,stock2,trade_capital,open,loss,reward,open_num
1102,2337,136.8,10.0,25.0,0.5208750000000215,1
1102,2892,171.34137500000003,1.8000000000000012,5.0,0.12992500000001428,1
1101,1102,159.823175,10.0,25.0,0.4381750000000153,1
1314,2347,73.0743,1.3000000000000007,23.0,0.5353249999999932,1
1314,2834,44.52015,1.3000000000000007,23.0,0.05935000000000201,1
1314,6505,149.617875,1.3000000000000007,23.0,0.009625000000006878,1
1216,2356,165.06,2.7500000000000018,15.0,-0.574649999999977,1
1216,2603,78.24965,1.4500000000000008,5.0,0.17385000000000161,1
1216,3034,656.1143500000001,1.3000000000000007,23.0,1.5143500000000287,1
2002,6505,202.5,2.200000000000001,6.0,0.4113750000000067,1
1909,6116,67.848075,1.3000000000000007,23.0,0.0480749999999972,1
2049,2353,261.387875,2.0000000000000013,6.0,1.0743750000000318,1
2049,6285,641.5959,1.6500000000000008,16.0,1.5719000000000847,1
2303,2379,146.7,1.7500000000000009,15.0,0.5043750000000173,1
2303,2834,51.480000000000004,1.8000000000000012,5.0,0.10391500000000775,1
2303,2915,101.080625,1.8000000000000012,5.0,0.08875000000000455,1
2303,3044,144.66515,1.8000000000000012,5.0,0.023275000000005264,1
2337,2353,64.935,2.2500000000000018,5.0,0.2911750000000062,1
2337,3034,251.115,1.3000000000000007,23.0,0.6208750000000158,1
2354,3034,482.64,1.3000000000000007,23.0,0.23500000000004206,1
2353,4904,109.26,2.200000000000001,6.0,0.06752499999998918,1
2371,3231,64.888225,1.6500000000000008,16.0,0.19612499999999855,1
2449,2884,118.55125,2.7500000000000018,15.0,0.11752499999999699,1
2610,3231,69.5183,1.3000000000000007,23.0,0.08847500000001318,1
2892,3532,170.19,1.3000000000000007,23.0,-0.03402499999999975,1
3034,3231,246.3415,1.3000000000000007,23.0,0.3615000000000208,1
