stock1,stock2,trade_capital,open,loss,reward,open_num
1101,2308,320.625,2.9000000000000017,20.0,-0.03512499999996521,1
1303,5871,485.73,1.3000000000000007,23.0,0.6882000000000232,1
2103,2883,69.84,1.8000000000000012,5.0,0.033375000000006594,1
2105,2448,429.88725,1.3000000000000007,23.0,0.3359500000000111,1
2324,2883,53.415,2.9000000000000017,20.0,0.06075000000001296,1
2324,3706,81.045,1.3000000000000007,23.0,0.0646250000000066,1
2357,2379,476.4897500000001,1.550000000000009,7.0,0.7492500000000462,1
2357,2603,316.393125,1.9500000000000013,5.0,0.7328750000000355,1
2357,5871,302.94,1.3000000000000007,23.0,0.1940500000000398,1
2383,2603,152.021625,1.3000000000000007,23.0,0.27162500000000733,1
2383,2882,439.17150000000004,1.6500000000000008,16.0,1.3040000000000305,1
2383,2883,145.56075,1.3000000000000007,23.0,0.7753750000000039,1
2383,2884,191.00975,1.7500000000000009,15.0,0.9455000000000098,1
2383,2892,187.56425000000002,1.7500000000000009,15.0,0.9507499999999993,1
2383,2915,213.42540000000002,1.8500000000000012,9.0,0.561150000000012,1
2383,3702,148.227325,1.7500000000000009,15.0,0.7273250000000075,1
2383,5871,224.40890000000002,2.1000000000000014,9.0,0.8454000000000121,1
2439,2883,164.88000000000002,1.7500000000000009,15.0,-0.1250249999999795,1
2603,5871,178.425,1.3000000000000007,23.0,0.15195000000001357,1
2882,9914,362.925,2.7500000000000018,15.0,0.3936250000000143,1
3034,5871,650.2232,1.3000000000000007,23.0,1.5231999999999815,1
