stock1,stock2,trade_capital,open,loss,reward,open_num
1227,2353,167.287375,1.4000000000000008,20.0,-0.4089749999999839,1
1303,1434,183.16935,1.550000000000009,7.0,0.1623000000000303,1
1303,3532,416.752,1.3000000000000007,23.0,-1.1761999999999802,1
1101,1909,125.96542500000001,1.3000000000000007,23.0,0.14682500000000687,1
1101,2439,500.24850000000004,1.3000000000000007,23.0,-5.0014999999999645,1
1605,1909,123.21000000000001,2.7500000000000018,15.0,-0.2552749999999868,1
1605,2382,281.1776,2.7500000000000018,15.0,0.1275999999999975,1
1605,2454,511.10145,1.550000000000009,7.0,0.6074500000000143,1
2002,2353,71.36179999999999,2.7500000000000018,15.0,0.038850000000003604,1
1909,2344,133.425,1.3000000000000007,23.0,-0.12252499999998889,1
1909,2353,45.058475,2.7500000000000018,15.0,-0.12109999999999488,1
1909,5880,80.39292500000002,1.3000000000000007,23.0,-0.2808000000000028,1
1909,6456,279.675,2.7500000000000018,15.0,1.530875000000023,1
2301,2603,83.73667499999999,1.4000000000000008,20.0,0.06597499999999457,1
2303,2439,230.15425000000002,1.3000000000000007,23.0,-1.3457499999999811,1
2327,2344,701.825875,1.4000000000000008,20.0,4.336375000000032,1
2327,5880,778.33075,1.3000000000000007,23.0,-7.919250000000005,1
2327,6269,1083.29875,2.4000000000000017,10.0,9.254750000000058,1
2344,2377,175.775875,1.3000000000000007,23.0,0.21987500000001603,1
2344,2454,305.375875,1.3000000000000007,23.0,-0.994624999999985,1
2344,2881,128.255875,1.3000000000000007,23.0,-0.100324999999998,1
2344,6176,259.475875,1.3000000000000007,23.0,0.38067499999999654,1
2353,2454,345.01700000000005,1.550000000000009,7.0,-0.5542499999999677,1
2353,2881,167.447,1.550000000000009,7.0,-0.15919999999999845,1
2353,3532,222.61700000000002,1.550000000000009,7.0,0.14900000000001512,1
2353,6456,298.217,1.3000000000000007,23.0,0.023000000000024556,1
2379,3532,821.981,1.3000000000000007,23.0,5.6897500000000605,1
2439,2454,1159.4275,1.3000000000000007,23.0,-10.313499999999976,1
2439,2633,273.08975,1.3000000000000007,23.0,0.3397500000000093,1
2439,2882,247.92755,1.3000000000000007,23.0,-2.3724500000000006,1
2439,3019,208.62925,1.3000000000000007,23.0,0.4647500000000093,1
2454,5880,313.56425,1.3000000000000007,23.0,-0.7569999999999766,1
3532,6505,611.582,1.3000000000000007,23.0,1.5640000000000356,1
6176,6505,576.8334500000001,2.4000000000000017,10.0,-2.7665499999999668,1
