stock1,stock2,trade_capital,open,loss,reward,open_num
1314,2883,43.092,1.9903685727286529,4.999999999999846,0.028030000000009103,1
2352,2883,28.183374999999998,1.4616844455470226,11.091664599354965,0.05528500000000314,1
2383,2474,553.7807500000001,1.8079859466287909,5.99999999999997,0.4151499999999828,1
2884,2891,34.9577,1.8079859466287909,5.99999999999997,0.044650000000000745,1
