stock1,stock2,trade_capital,open,loss,reward,open_num
2311,9945,206.86940000000004,1.5278527918781692,16.150050761421287,0.11640000000002715,1
