stock1,stock2,trade_capital,open,loss,reward,open_num
2325,3045,285.87285,2.9250000000000016,20.10344827586205,-0.26095000000000823,1
