stock1,stock2,trade_capital,open,loss,reward,open_num
2383,5880,123.66090000000001,2.1048266865449103,22.69250838613482,0.20290000000001385,1
