stock1,stock2,trade_capital,open,loss,reward,open_num
1303,2303,126.66820000000001,1.8079859466287909,5.99999999999997,0.15020000000001943,1
2313,2337,138.889,1.8079859466287909,5.99999999999997,0.2389500000000062,1
2354,2439,924.0945000000002,2.9250000000000016,20.10344827586205,1.0465000000000941,1
