stock1,stock2,trade_capital,open,loss,reward,open_num
1102,2303,91.113125,2.9250000000000016,20.10344827586205,0.3631250000000037,1
1216,1314,86.66085000000001,1.8079859466287909,5.99999999999997,0.11455000000001547,1
1301,2303,151.62222500000001,2.9250000000000016,20.10344827586205,0.02222500000001304,1
1314,2303,83.42467500000001,2.2011242403781104,9.193923024983164,0.22467500000000484,1
1314,2382,113.28155000000001,1.1433818417759427,7.290679890624436,0.07105000000000672,1
1314,2610,67.9889,1.1433818417759427,7.290679890624436,0.08260000000000645,1
1314,2618,33.75,1.8079859466287909,5.99999999999997,0.09352500000000319,1
1314,6269,158.41375,1.8079859466287909,5.99999999999997,1.0032500000000084,1
2002,2892,140.2387,2.9250000000000016,20.10344827586205,0.1282250000000147,1
2301,2303,112.980275,2.9250000000000016,20.10344827586205,0.08027500000000742,1
2303,2317,149.218875,1.8079859466287909,5.99999999999997,-0.18842500000000229,1
2303,2633,101.788875,4.2079168858495475,14.57469752761706,0.290025,1
2303,3231,88.716725,1.4616844455470226,11.091664599354965,0.11672500000000241,1
2303,3673,157.408875,1.4616844455470226,11.091664599354965,-0.5016249999999971,1
2303,6269,157.408875,1.8079859466287909,5.99999999999997,-0.0023749999999935767,1
2308,6456,918.9,1.4616844455470226,11.091664599354965,1.9632500000001016,1
2311,2633,182.797875,1.8079859466287909,5.99999999999997,0.21417500000001155,1
2317,2324,179.46,1.4616844455470226,11.091664599354965,0.0004500000000007276,1
2317,3673,461.21875,1.9903685727286529,4.999999999999846,-2.549849999999992,1
2317,6269,389.85765000000004,2.9250000000000016,20.10344827586205,-0.30135000000001355,1
2324,2633,182.5623,2.1048266865449103,22.69250838613482,0.36042500000000643,1
2330,3481,639.4860000000001,2.9250000000000016,20.10344827586205,-4.720124999999911,1
2344,2618,68.76,1.4616844455470226,11.091664599354965,-0.014749999999995822,1
2356,2618,59.940000000000005,1.1433818417759427,7.290679890624436,0.19965000000000543,1
2376,2892,72.85045000000001,2.9250000000000016,20.10344827586205,0.0849500000000134,1
2633,3231,165.15787500000002,1.4616844455470226,11.091664599354965,0.24357500000000698,1
2618,2912,326.70925000000005,1.1433818417759427,7.290679890624436,-0.25212499999996396,1
2618,6269,162.45000000000002,1.8079859466287909,5.99999999999997,-0.5203749999999872,1
3019,6269,649.5408,2.9250000000000016,20.10344827586205,3.5420500000001027,1
3673,5871,599.21625,1.4616844455470226,11.091664599354965,2.453649999999982,1
