stock1,stock2,trade_capital,open,loss,reward,open_num
1909,2106,378.83090000000004,1.4616844455470226,11.091664599354965,0.4309000000000083,1
2454,2603,414.17550000000006,1.8079859466287909,5.99999999999997,-7.385249999999957,1
2603,6269,208.7095,2.9250000000000016,20.10344827586205,-2.3262500000000017,1
2603,6456,357.76025000000004,2.9250000000000016,20.10344827586205,-0.3004999999999711,1
