stock1,stock2,model_type,w1,w2,pval,snr,mu,stdev,skewness,Emu,Estd,action
1303,2882,model3,-0.6555552327538628,0.3444447672461372,0.08512478411701073,0.19962246430410732,-1.4666767418998503,0.0007244940204998131,-0.5958155423890681,-1.4665603959268405,0.0006443786731964311,24
1303,2892,model1,-0.4102860078093064,0.5897139921906935,0.7825453173790884,0.4428014049615025,-5.982430549514937e-05,0.0007727272893241328,-0.4215332679896783,-3.985700658404312e-13,0.0007424707746828754,14
1303,4958,model1,-0.5011206351068287,0.4988793648931714,0.9960576222959256,0.644179293126438,5.262354307937756e-05,0.0005014643841139537,-0.43440069408121534,2.966515921798419e-13,0.0005176680358613656,24
2892,4958,model3,-0.5653444891946342,-0.43465551080536574,0.006786786139496197,1.066048429848261,-3.5545840757431293,0.0005905166790562494,-0.4000209549225047,-3.5545974277889663,0.0005909353351134825,0
2882,2892,model3,-0.3939007057993237,0.6060992942006764,0.016537525031567187,2.3166783281477206,0.2724142345936545,0.0004918299028608765,-0.1034408239357544,0.2724099003904061,0.0004926851276945671,0
2882,4958,model3,0.2443009399657463,0.7556990600342537,0.013967690152229638,0.4011409933958734,4.202392740140535,0.0006572943249559243,0.16931344507409354,4.202381152679139,0.0006597667989361808,3
2884,2892,model3,0.3217081638782341,0.6782918361217659,0.0844913257434728,1.1963112313566808,2.9581574077411377,0.0007032970472275442,-0.25458994086334963,2.9582065941485345,0.0006910387333018832,24
2884,4958,model3,-0.3568956316606037,0.6431043683393962,0.13070988583749166,1.339328710129548,1.7272967448998555,0.000557740522846605,-0.1706113769953999,1.7272826409166218,0.0005589576579112613,0
