stock1,stock2,model_type,w1,w2,pval,snr,mu,stdev,skewness,Emu,Estd,action
1303,2886,model3,-0.4450581816111969,0.5549418183888029,0.09366937869363076,0.946294887064226,-0.13060909654237,0.0005030031464527086,0.028403007963669544,-0.1306073906551617,0.0005059527665450591,8
1301,1303,model3,-0.34662153961603104,0.6533784603839691,0.13429581990457834,0.660673007861188,1.2313255788184303,0.0005005047064455395,0.11439929986444355,1.2313214345247214,0.0005007252004989083,5
1301,2883,model3,-0.4056942215677508,0.5943057784322492,0.08480807833965409,0.34682208802340553,-0.5724894450271076,0.0005861457395945462,0.20976505068097226,-0.5725129652824439,0.0005897804078590688,8
2308,2886,model3,-0.3841257513474153,0.6158742486525848,0.14240860286477744,2.169686179046759,-0.0007302150732236062,0.0006050890022293612,-0.23635433802949546,-0.0007597083658570369,0.0005867913572065643,0
2376,2883,model3,-0.6398980653724656,0.36010193462753426,0.02670470907182578,0.223916211091757,-1.584992265572622,0.0009114080169076164,0.1964719702032041,-1.5849645416169365,0.0009020167678142694,24
2883,2890,model3,-0.2994782838316981,0.7005217161683019,0.04787723237706017,1.171852168900671,0.9275175532714754,0.00037057937642909325,0.5678196279100609,0.9275092807693114,0.00036946119278814826,8
