stock1,stock2,model_type,w1,w2,pval,snr,mu,stdev,skewness,Emu,Estd,action
2354,2610,model2,-0.8819429687348581,-0.11805703126514185,0.001,0.2635709757933511,-4.188244431893612,0.0007867157287998379,-0.6358585678885754,-4.188281912385948,0.0007800804016803582,24
2354,2834,model2,-0.6922863241970376,0.3077136758029624,0.001,0.32600819832279915,-2.4349852962508467,0.0006312450380099128,0.2984822411803218,-2.435039685883486,0.0006103510939950256,8
2354,2883,model2,-0.6838549129118087,0.3161450870881913,0.001,0.27091867497762795,-2.3836830296481684,0.0006102228774717848,0.11242449709093252,-2.3837666384492717,0.0005751084903423307,4
2834,2890,model3,-0.3855901100718748,0.6144098899281251,0.016709912052963384,0.9079512661721322,0.5509082804289583,0.00048738563834559054,-0.2696322560163485,0.5508892277011551,0.0004850901991538039,24
