stock1,stock2,model_type,w1,w2,pval,snr,mu,stdev,skewness,Emu,Estd,action
2347,2884,model3,-0.11859924751812992,0.8814007524818701,0.014494637272968841,0.5454678502478468,2.1572480570752863,0.0008427668337246448,0.6545678461410729,2.1572092049002842,0.0008469413599406477,24
2812,2890,model3,0.4515190853407229,0.5484809146592771,0.08783509973992899,1.0298443587620476,2.257620755183361,0.0004159769412939497,-0.3339189498394568,2.2576104920471263,0.00039804376920591587,8
2881,2884,model3,0.34435577749419505,0.6556442225058049,0.14245575269730473,1.32574748560249,3.2435382461693014,0.0005259473312194395,0.16746803942735747,3.2435343955032456,0.0005267287169742948,14
2884,2890,model3,-0.5549131115966954,0.4450868884033047,0.09952124809966943,2.0727042558998447,-0.6265815449180345,0.0004470562504331326,0.5643363329672768,-0.6266044816295708,0.00043626724627471113,4
