stock1,stock2,model_type,w1,w2,pval,snr,mu,stdev,skewness,Emu,Estd,action
1303,2890,model3,-0.4397705833725972,0.5602294166274029,0.0334211629143595,1.247693555010444,-0.6461019423347379,0.0004099933426023082,-0.2992797435282114,-0.6460991985251734,0.0004093465270456794,0
2881,2890,model3,-0.4721780262986034,0.5278219737013967,0.006555400225432432,0.2336081537006797,-0.6342386050741702,0.000610753459646752,-0.07302303686313379,-0.6342505814098487,0.0006137440597431426,0
2881,2892,model3,-0.20659593224494804,0.793404067755052,0.025258797611302702,0.2429395941023237,1.5907314482210335,0.0012853628570671193,0.7890304302283642,1.5905279640631602,0.0011367928544638516,24
2890,2892,model2,0.3623786546143936,0.6376213453856064,0.001,0.20023080768570628,2.7259008428665146,0.0011264317799508006,1.588131581803703,2.725677247931497,0.0009145882280634073,0
