stock1,stock2,model_type,w1,w2,pval,snr,mu,stdev,skewness,Emu,Estd,action
1301,2308,model3,-0.4782035068078773,0.5217964931921228,0.0625273735369873,0.5861780460766419,0.48169287379210496,0.0008887913570445555,0.4055687044411657,0.4816281280390746,0.0008628033249811082,24
1301,2884,model3,-0.27437604989971137,0.7256239501002887,0.07199106156399708,0.8302317203653612,0.8507540579733259,0.0006742466497794428,0.3723905503980365,0.8507182501053199,0.0006526496356642983,8
2308,2915,model3,-0.6431693438217128,0.3568306561782873,0.1169811291005976,1.06529240726545,-1.9016899440149275,0.0009031637837059412,-0.6693725921982153,-1.9016807427680456,0.0008973857354420316,11
2308,9945,model3,-0.7080456323896848,0.29195436761031524,0.14465910734607906,0.932438877741072,-2.579745507239583,0.0010275437020455297,-0.3621912832753111,-2.5796998689146897,0.0009953256249231118,0
2330,2812,model3,-0.7292066053743936,0.2707933946256064,0.014452901843999132,0.3282199470442292,-3.2929904122401883,0.000777461253987362,-0.5586296244555834,-3.293025170648744,0.0007920220869380836,13
2884,9945,model2,-0.8410416650162047,0.15895833498379525,0.001,1.2207505447133489,-1.8751845669223048,0.0006811959806148824,-0.5335250311931083,-1.8751535387689888,0.0006596516523905731,11
