stock1,stock2,model_type,w1,w2,pval,snr,mu,stdev,skewness,Emu,Estd,action
2325,2881,model1,-0.4985623299273817,0.5014376700726183,0.7355818400750854,0.3050568205345979,9.851264607981284e-05,0.0005461355969954427,0.37014054041677796,1.6824319715169622e-12,0.0005023455320812367,24
2325,2891,model3,-0.9280029651292429,-0.07199703487075729,0.08867709847489942,0.5374201483907796,-3.816982510161985,0.0006673967020976644,-0.5308796456146835,-3.81708362974166,0.0006314316711249786,5
2880,2891,model3,0.5080980777580814,0.4919019222419185,0.16571601034089314,1.0677431353407008,2.8867622077368886,0.0006965098466662626,-0.1481017480576413,2.886825104048718,0.0006454679629696981,9
