stock1,stock2,model_type,w1,w2,pval,snr,mu,stdev,skewness,Emu,Estd,action
1326,2884,model1,-0.38990990806717024,0.6100900919328298,0.8130540371354451,0.3840288200214089,7.68217446494394e-05,0.0010286238513823828,0.062395930411348985,2.5490720645393594e-13,0.0010137349494898252,0
1326,2890,model3,-0.20047344420227026,0.7995265557977298,0.027861641556077947,0.6498229084491007,0.887898887575018,0.00046850718991575614,-0.4172666179229117,0.8879192025521033,0.0004669802604111211,5
1101,2884,model1,-0.4529370607018854,0.5470629392981147,0.9060813989753852,0.23551413345807545,2.998553155227975e-05,0.001157133533735192,0.2356773006986141,1.3322676295501877e-15,0.0011462542506273372,24
1101,2890,model2,0.2740033145024222,0.7259966854975778,0.001,0.4744393105572583,2.6122379960101627,0.0005131542210828128,-0.4400403321125461,2.6122902301575404,0.000490651336055647,24
2884,2890,model1,-0.4353403313395357,0.5646596686604644,0.8225098771482781,0.4986275904028641,-4.239431012087754e-05,0.0007286126582321082,0.16779217798198054,2.1960211427085601e-13,0.0007140877459777494,14
