stock1,stock2,model_type,w1,w2,pval,snr,mu,stdev,skewness,Emu,Estd,action
1216,2376,model2,0.5582578453412973,0.4417421546587027,0.001,0.492937725703284,3.9152048216235937,0.0006772844374033567,-0.2222912652999069,3.9151807764379734,0.0006840322437209845,13
1216,2812,model3,0.2363579005112549,0.7636420994887452,0.02086175449387073,0.4607513475372221,2.701930361460392,0.0006080433234197897,-0.13014440417251658,2.7019441428105213,0.0006080300952653737,10
2002,2376,model3,-0.6525468892096593,-0.34745311079034075,0.04420706968031138,0.2270117138996388,-3.3418784533750134,0.0010425454662907488,-0.29198688972156955,-3.3419236620864803,0.0010160400331323599,0
2002,2812,model2,0.23654300773726075,0.7634569922627392,0.001,0.41889983332547387,2.477027322991228,0.0006368780461689695,-1.2437576344658594,2.477060050086024,0.0006151241045868907,0
