stock1,stock2,model_type,w1,w2,pval,snr,mu,stdev,skewness,Emu,Estd,action
2448,2882,model2,0.9362070519594318,0.06379294804056829,0.001,0.41294534098255664,3.398749117761124,0.0011263428112952033,0.0893167734427224,3.3986996431039147,0.0011102966197118539,24
2834,2882,model1,-0.6477188329120273,0.3522811670879727,0.9756132957912408,0.8202522045694703,8.762898570194484e-06,0.0004420893005530197,0.16376062519465834,0.0,0.0004433292025573376,17
2834,2886,model1,-0.6048572701823761,0.39514272981762394,0.9367923576240359,0.5021355755254697,4.394540592061644e-06,0.000591166874118893,-0.3022435244026156,8.88178419700125e-15,0.0005959809489786232,14
