stock1,stock2,model_type,w1,w2,pval,snr,mu,stdev,skewness,Emu,Estd,action
2347,2885,model2,-0.9131786352722296,0.08682136472777033,0.001,1.3218892458474434,-2.955720363589549,0.0005803156788474433,0.03676643005894655,-2.9557369777692126,0.0005819154422119187,10
2885,6456,model3,0.5847377220782537,0.4152622779217463,0.04793473521695636,0.6796224580233841,3.327437634873585,0.0012385642736360482,0.5741960836638361,3.3275125249112194,0.0012711238108829592,9
