stock1,stock2,model_type,w1,w2,pval,snr,mu,stdev,skewness,Emu,Estd,action
1102,1722,model3,-0.4245122333514136,0.5754877666485865,0.0343480035746559,0.9019389690369076,0.7082063425635243,0.0005626383128092934,0.06889185191593643,0.7082305640352646,0.00054221868452122,16
1102,2890,model3,-0.5077976212460638,0.4922023787539361,0.3793515657567671,0.1591024578378798,-0.5613085065102648,0.000921699005934016,-0.9512122964447732,-0.56108497816862,0.0007550422401019197,24
2356,3702,model3,-0.8879959268595176,-0.11200407314048252,0.017807593588750382,0.1925769231411979,-3.16626612575648,0.0016863234244034685,0.316543361636598,-2.7281252618919303,0.0016199168082940605,4
2382,2884,model3,0.17179886699496313,0.8282011330050368,0.08031091508636676,1.1956878205606079,3.1256360363379536,0.0009010481376383199,0.0015400896516056426,3.1255723842709746,0.0008325813288397853,24
