stock1,stock2,model_type,w1,w2,pval,snr,mu,stdev,skewness,Emu,Estd,action
1227,2892,model1,-0.4070289115511216,0.5929710884488784,0.7636204140449301,0.5388426537129107,-7.737867230043588e-06,0.0006908942470791522,-0.5449422528977161,-2.404743071338089e-13,0.0006912267890696619,5
2834,2880,model3,0.4270508772126,0.5729491227874001,0.001,2.0755663026548707,2.5074611799825735,0.0007934693264987524,-0.43839217908083655,2.507462946857219,0.0007963809206136854,24
2880,2881,model1,-0.5782934887449934,0.4217065112550066,0.8251092524166346,1.118841902920268,3.174322257704976e-05,0.000908065715797058,-0.21825242210503845,6.661338147750938e-16,0.0009064786249323587,8
