stock1,stock2,trade_capital,open,loss,reward,open_num
1216,2352,242.92215,2.9250000000000016,20.10344827586205,0.42304999999998927,1
1314,2356,97.676,1.8079859466287909,5.99999999999997,-0.7031499999999937,1
1314,6414,395.216,1.8916951729380467,12.846636259977194,-4.643499999999953,1
1314,6505,160.7585,1.1433818417759427,7.290679890624436,0.008500000000005059,1
1722,4958,498.4049,1.4616844455470226,11.091664599354965,0.893900000000059,1
1909,2892,172.826375,1.8079859466287909,5.99999999999997,0.2772249999999872,1
2103,2880,139.4308,1.8079859466287909,5.99999999999997,0.2275500000000079,1
2352,6414,426.375,1.1433818417759427,7.290679890624436,-0.21137499999998965,1
2356,2408,108.17999999999999,2.2011242403781104,9.193923024983164,-0.8792499999999919,1
2449,2880,114.577875,1.8079859466287909,5.99999999999997,0.07787500000000591,1
2448,2887,67.470825,2.9250000000000016,20.10344827586205,-0.005899999999989802,1
2880,2892,153.2101,1.8079859466287909,5.99999999999997,0.20685000000000286,1
2892,6116,85.659825,2.9250000000000016,20.10344827586205,0.05660499999999402,1
2891,5871,167.394125,1.4616844455470226,11.091664599354965,-0.3628749999999741,1
3673,9921,1164.2687500000002,1.4616844455470226,11.091664599354965,-3.3037499999999227,1
4958,6505,254.71735,2.2011242403781104,9.193923024983164,0.5173500000000075,1
