stock1,stock2,trade_capital,open,loss,reward,open_num
1536,2618,193.275,1.1433818417759427,7.290679890624436,-1.3206249999999784,1
1909,6239,232.724,1.4616844455470226,11.091664599354965,0.6292000000000115,1
2324,9933,122.76370000000001,1.4616844455470226,11.091664599354965,0.2125000000000199,1
2371,2618,38.115,1.4616844455470226,11.091664599354965,0.08625000000000149,1
2408,2880,141.30805,1.8916951729380467,12.846636259977194,0.024175000000013824,1
2448,2633,234.3035,1.8079859466287909,5.99999999999997,0.13100000000001444,1
2449,3682,78.222375,1.4616844455470226,11.091664599354965,0.12812500000000426,1
2603,9933,290.25925,1.8079859466287909,5.99999999999997,0.4591500000000295,1
2618,4943,258.975,1.1433818417759427,7.290679890624436,-1.180499999999995,1
3406,9910,1346.4575,1.4616844455470226,11.091664599354965,-31.0865,1
3682,9910,171.45000000000002,0.6133408446003465,20.043565348022334,-0.5353750000000019,1
