stock1,stock2,trade_capital,open,loss,reward,open_num
1476,2615,358.45225000000005,1.8079859466287909,5.99999999999997,1.6657500000000454,1
1802,9910,421.65000000000003,0.6133408446003465,20.043565348022334,2.093050000000005,1
2105,2885,273.28945,3.254488356362935,7.52294907720547,-0.9105499999999864,1
2105,4943,690.46275,2.1048266865449103,22.69250838613482,3.962750000000028,1
2308,2448,831.25125,1.1433818417759427,7.290679890624436,2.2512500000000273,1
2356,2887,147.568375,1.4616844455470226,11.091664599354965,-0.1845249999999936,1
2448,3673,547.44,1.4616844455470226,11.091664599354965,0.9258000000000663,1
3034,3045,825.27075,1.8916951729380467,12.846636259977194,1.1732500000000528,1
3045,9910,224.69025000000002,1.9903685727286529,4.999999999999846,0.6422500000000326,1
