stock1,stock2,trade_capital,open,loss,reward,open_num
2313,2337,89.92126,2.030242211571373,14.706692913385783,-0.5679899999999947,1
2337,2353,82.16656499999999,1.4616844455470226,11.091664599354965,0.1265649999999976,1
2337,3702,77.87644,1.8079859466287909,5.99999999999997,-0.4383100000000013,1
2330,2337,364.87887,2.9250000000000016,20.10344827586205,0.4848700000000399,1
2330,2606,262.373,1.8079859466287909,5.99999999999997,0.24335000000002083,1
2330,3702,566.898375,1.8916951729380467,12.846636259977194,0.3983750000000441,1
2344,2615,70.94342499999999,2.9250000000000016,20.10344827586205,-0.6565750000000037,1
2347,2412,167.748,1.9903685727286529,4.999999999999846,0.24800000000000466,1
2439,3189,478.43550000000005,0.6133408446003465,20.043565348022334,0.8410000000000366,1
