stock1,stock2,trade_capital,open,loss,reward,open_num
1504,2542,94.72489999999999,2.9250000000000016,20.10344827586205,0.09894999999999499,1
1504,2891,109.86404999999999,2.030242211571373,14.706692913385783,0.076075000000003,1
2324,3034,216.432375,1.8079859466287909,5.99999999999997,0.40687499999999943,1
2371,2454,338.0095,1.5278527918781692,16.150050761421287,0.731749999999991,1
2408,2409,122.34934999999999,1.8079859466287909,5.99999999999997,0.15672499999999445,1
2542,2881,300.5096,2.9250000000000016,20.10344827586205,-1.522575000000046,1
2618,3481,111.75345000000002,2.9250000000000016,20.10344827586205,0.47082500000001204,1
3034,3682,169.24575,1.4616844455470226,11.091664599354965,0.495750000000001,1
3034,6505,486.45000000000005,1.8916951729380467,12.846636259977194,1.186250000000058,1
