stock1,stock2,trade_capital,open,loss,reward,open_num
1402,1704,157.815,1.8079859466287909,5.99999999999997,0.3860000000000028,1
2303,2379,169.769,2.9250000000000016,20.10344827586205,0.7333750000000094,1
2344,2884,101.1354,2.1048266865449103,22.69250838613482,0.09055000000001456,1
2324,4915,179.59175,2.2011242403781104,9.193923024983164,0.16770000000001062,1
2354,2603,159.0155,1.5278527918781692,16.150050761421287,0.19830000000000325,1
2352,9904,134.148475,1.1433818417759427,7.290679890624436,0.09847499999998988,1
2377,2887,127.71000000000001,1.8079859466287909,5.99999999999997,0.18654999999999688,1
2412,2603,543.28385,1.9903685727286529,4.999999999999846,1.6838500000000103,1
2412,2881,517.5,1.8079859466287909,5.99999999999997,1.6337500000000134,1
2412,3682,545.80007,1.9903685727286529,4.999999999999846,1.6800700000000113,1
2412,4943,864.20875,1.9903685727286529,4.999999999999846,2.6440000000000055,1
2412,9904,506.07,1.9903685727286529,4.999999999999846,1.7027250000000151,1
