stock1,stock2,trade_capital,open,loss,reward,open_num
2324,3706,240.89875,1.9903685727286529,4.999999999999846,0.2655500000000188,1
2337,9914,330.95300000000003,1.4616844455470226,11.091664599354965,0.5939000000000334,1
2383,2542,282.45525,1.4616844455470226,11.091664599354965,-0.4483499999999765,1
3706,4958,229.20567499999999,1.8079859466287909,5.99999999999997,0.10567499999999797,1
