stock1,stock2,trade_capital,open,loss,reward,open_num
2352,2451,169.321375,1.4616844455470226,11.091664599354965,0.4818750000000023,1
2352,2633,34.11000000000001,3.254488356362935,7.52294907720547,-0.05684999999999718,1
2408,2823,194.54325,1.4616844455470226,11.091664599354965,-0.24895000000000778,1
2892,3532,184.562,1.4616844455470226,11.091664599354965,-0.5417499999999791,1
3532,6176,310.77,1.1433818417759427,7.290679890624436,0.480550000000008,1
