stock1,stock2,trade_capital,open,loss,reward,open_num
2454,2883,272.43280000000004,1.9903685727286529,4.999999999999846,-0.34669999999997003,1
4958,5880,145.64625,1.9903685727286529,4.999999999999846,0.27080000000000837,1
