stock1,stock2,trade_capital,open,loss,reward,open_num
1216,2308,616.4900000000001,1.4616844455470226,11.091664599354965,1.1643000000000825,1
1802,2105,131.24715,1.1433818417759427,7.290679890624436,0.2890250000000094,1
1802,2327,363.49825000000004,1.1433818417759427,7.290679890624436,0.4401250000000374,1
1802,2345,180.2735,1.4616844455470226,11.091664599354965,0.4657499999999999,1
1802,2357,339.19045000000006,2.1048266865449103,22.69250838613482,0.7904500000000354,1
1802,2883,43.62045,2.9250000000000016,20.10344827586205,-0.02970499999999987,1
1802,6116,101.320125,1.8079859466287909,5.99999999999997,0.2898750000000021,1
2105,2308,745.75,1.1433818417759427,7.290679890624436,1.3720000000000496,1
2303,2912,342.5375,1.8916951729380467,12.846636259977194,-0.7753749999999684,1
2301,9914,257.39775,1.8079859466287909,5.99999999999997,-1.9075500000000005,1
2327,3481,320.302125,1.5278527918781692,16.150050761421287,-0.2731250000000074,1
2345,2379,195.84775000000002,1.4616844455470226,11.091664599354965,0.6895000000000095,1
2345,2474,1075.7425,3.508635996771593,16.51957223567391,-12.190499999999986,1
2345,2633,206.42275,2.1048266865449103,22.69250838613482,0.17337500000000716,1
2345,2883,144.2735,1.8916951729380467,12.846636259977194,-0.023424999999996032,1
2345,2887,162.54775,2.1048266865449103,22.69250838613482,0.4953750000000099,1
2352,3481,31.8697,2.9250000000000016,20.10344827586205,0.10012499999999847,1
2357,2615,276.12,1.4616844455470226,11.091664599354965,0.23875000000001734,1
2408,2474,506.2188,1.5278527918781692,16.150050761421287,-6.697700000000026,1
2408,2883,114.33747500000001,1.4616844455470226,11.091664599354965,0.21692500000001047,1
2408,2915,291.23900000000003,3.254488356362935,7.52294907720547,-1.670999999999978,1
2610,6116,71.7146,2.9250000000000016,20.10344827586205,-0.015649999999997277,1
2610,9910,296.5115,1.1433818417759427,7.290679890624436,1.5125000000000028,1
2883,9910,167.02755,1.4616844455470226,11.091664599354965,0.6780499999999989,1
3045,6505,486.90000000000003,4.471572794899045,12.523910733262484,-2.309249999999963,1
3443,9904,416.17025,1.4616844455470226,11.091664599354965,-9.39949999999996,1
