stock1,stock2,trade_capital,open,loss,reward,open_num
1402,3034,210.15,2.1048266865449103,22.69250838613482,0.6482500000000044,1
1536,2408,251.71600000000004,1.8079859466287909,5.99999999999997,0.6028000000000304,1
1536,2883,167.980175,1.9903685727286529,4.999999999999846,0.27692500000001274,1
1605,2105,67.22999999999999,1.5278527918781692,16.150050761421287,0.13757500000000888,1
1605,2408,102.353175,1.1433818417759427,7.290679890624436,0.0865750000000105,1
1605,2542,69.795,1.1433818417759427,7.290679890624436,0.03345000000000198,1
1605,2606,94.4306,1.1433818417759427,7.290679890624436,0.3023250000000104,1
2308,2880,246.879125,1.1433818417759427,7.290679890624436,0.37912500000000193,1
2303,9938,183.73825,1.8079859466287909,5.99999999999997,0.4552500000000066,1
2357,3673,1616.488,1.8079859466287909,5.99999999999997,1.885500000000036,1
2377,9938,465.843,1.8079859466287909,5.99999999999997,2.6417500000000302,1
2439,3189,845.383,1.8079859466287909,5.99999999999997,1.17025000000001,1
2439,9938,1026.283,1.1433818417759427,7.290679890624436,0.8642500000000837,1
2454,3673,1324.35,1.4616844455470226,11.091664599354965,0.7882499999999908,1
2881,9938,157.47770000000003,1.8079859466287909,5.99999999999997,0.7439500000000123,1
3189,9938,791.7819,1.8079859466287909,5.99999999999997,4.013150000000024,1
3034,9938,429.3,2.9250000000000016,20.10344827586205,2.2800000000000296,1
