stock1,stock2,trade_capital,open,loss,reward,open_num
1319,2371,122.63305,1.4616844455470226,11.091664599354965,-0.6439499999999896,1
1319,2615,145.0079,1.9903685727286529,4.999999999999846,-0.33159999999999457,1
1605,3019,186.954,1.9903685727286529,4.999999999999846,0.2063750000000084,1
2308,2618,208.387,2.9250000000000016,20.10344827586205,0.4256250000000108,1
2615,6269,192.15,1.4616844455470226,11.091664599354965,0.4286250000000109,1
2618,2834,68.07775000000001,2.9250000000000016,20.10344827586205,0.09305000000000163,1
2618,2881,122.76557500000001,2.9250000000000016,20.10344827586205,0.36557500000000687,1
