stock1,stock2,trade_capital,open,loss,reward,open_num
2337,9933,69.678,1.1433818417759427,7.290679890624436,0.1834200000000017,1
2352,2408,116.957125,2.2011242403781104,9.193923024983164,0.01212500000001171,1
