stock1,stock2,trade_capital,open,loss,reward,open_num
1402,2881,117.55995000000001,1.4616844455470226,11.091664599354965,0.30785000000001617,1
2105,2344,158.7211,1.4616844455470226,11.091664599354965,-0.2055249999999802,1
2015,2883,100.98387500000001,1.5278527918781692,16.150050761421287,0.1898750000000078,1
2354,3481,140.4728,1.9903685727286529,4.999999999999846,0.12942499999999768,1
2409,2610,22.916325,1.1433818417759427,7.290679890624436,0.06377499999999792,1
2610,3532,150.3033,1.9903685727286529,4.999999999999846,0.8151750000000035,1
