stock1,stock2,trade_capital,open,loss,reward,open_num
1216,2610,96.48,1.8079859466287909,5.99999999999997,0.03890000000001237,1
2105,2885,120.6067,1.8079859466287909,5.99999999999997,0.15882500000000022,1
2330,2884,309.28537500000004,1.8079859466287909,5.99999999999997,-0.21462499999998386,1
2311,2409,88.417175,4.2079168858495475,14.57469752761706,-0.13282500000000752,1
2354,2371,149.11455,1.5278527918781692,16.150050761421287,0.2159250000000128,1
2633,2884,105.47999999999999,1.8079859466287909,5.99999999999997,0.07382500000000647,1
3045,4958,453.3813,1.5278527918781692,16.150050761421287,0.7660500000000354,1
