stock1,stock2,trade_capital,open,loss,reward,open_num
2002,2377,86.14347500000001,1.8079859466287909,5.99999999999997,0.010125000000016371,1
2002,3034,130.41,1.9903685727286529,4.999999999999846,0.3817500000000038,1
2311,2885,134.28615000000002,3.508635996771593,16.51957223567391,-0.06172499999999559,1
2409,2892,41.144149999999996,2.9250000000000016,20.10344827586205,0.08527499999999932,1
2449,3231,196.038375,1.4616844455470226,11.091664599354965,0.2973750000000166,1
3034,4958,475.0771,1.8079859466287909,5.99999999999997,-0.9673999999999694,1
