stock1,stock2,trade_capital,open,loss,reward,open_num
1102,1303,174.8938,1.8916951729380467,12.846636259977194,0.22684999999999889,1
1102,2888,89.6069,2.1048266865449103,22.69250838613482,0.10967500000000285,1
1476,2892,413.40875000000005,3.254488356362935,7.52294907720547,1.1143750000000239,1
2105,2449,396.47150000000005,1.8916951729380467,12.846636259977194,0.057999999999992724,1
2301,5871,281.47715000000005,1.8079859466287909,5.99999999999997,0.1771500000000401,1
2345,2474,631.1885,2.1048266865449103,22.69250838613482,1.0025000000000546,1
2345,2633,94.70772500000001,1.8916951729380467,12.846636259977194,0.10772500000001628,1
2353,2448,102.33000000000001,1.4616844455470226,11.091664599354965,0.07907500000001022,1
