stock1,stock2,trade_capital,open,loss,reward,open_num
2356,2371,121.73200000000001,2.2011242403781104,9.193923024983164,0.065500000000009,1
2356,3481,124.477,1.8079859466287909,5.99999999999997,0.06092500000000811,1
2371,2633,136.7145,1.8079859466287909,5.99999999999997,0.29135000000000133,1
2886,2891,59.3686,5.022148337595906,22.808695652173878,-0.04299999999999926,1
2888,5880,29.803050000000002,1.9903685727286529,4.999999999999846,-0.13709999999999667,1
3481,6505,355.493875,0.6133408446003465,20.043565348022334,1.166875000000033,1
