stock1,stock2,trade_capital,open,loss,reward,open_num
2002,2891,142.5702,2.9250000000000016,20.10344827586205,0.3237999999999772,1
2002,3045,218.11700000000002,2.9250000000000016,20.10344827586205,0.4057500000000118,1
2301,2354,462.24,1.1433818417759427,7.290679890624436,0.22809999999999775,1
2308,2615,218.51875,1.1433818417759427,7.290679890624436,0.40800000000001546,1
2327,2891,332.1,2.9250000000000016,20.10344827586205,-0.054249999999996135,1
2357,2891,360.439,2.9250000000000016,20.10344827586205,-0.5564999999999998,1
2379,3045,499.52825,2.1048266865449103,22.69250838613482,1.6832500000000294,1
2382,3045,657.2700000000001,2.2011242403781104,9.193923024983164,1.6929000000000656,1
2884,2891,35.787400000000005,1.8079859466287909,5.99999999999997,0.04329999999999501,1
