stock1,stock2,trade_capital,open,loss,reward,open_num
1434,1605,201.829,1.8916951729380467,12.846636259977194,0.3237500000000182,1
1605,2344,104.72000000000001,1.1433818417759427,7.290679890624436,0.038675000000012005,1
2002,2330,325.8,2.9250000000000016,20.10344827586205,0.4555000000000291,1
2330,2915,378.42,1.8079859466287909,5.99999999999997,0.7082500000000209,1
2345,6116,147.37425000000002,0.6133408446003465,20.043565348022334,-0.22912499999998204,1
3231,5264,231.20175,1.5278527918781692,16.150050761421287,0.8817500000000109,1
