stock1,stock2,trade_capital,open,loss,reward,open_num
1314,2882,197.17950000000002,1.8079859466287909,5.99999999999997,-1.1541250000000076,1
1909,2327,273.58975000000004,2.9250000000000016,20.10344827586205,-1.1774999999999807,1
2327,2882,331.83275000000003,1.8079859466287909,5.99999999999997,0.2141250000000241,1
2382,2892,160.39155,1.4616844455470226,11.091664599354965,0.094175000000007,1
3019,4904,386.01,1.4616844455470226,11.091664599354965,0.5548500000000445,1
