stock1,stock2,trade_capital,open,loss,reward,open_num
1314,2439,192.7585,3.254488356362935,7.52294907720547,1.1865000000000236,1
2049,2448,334.51075000000003,2.9250000000000016,20.10344827586205,-1.5246249999999861,1
2303,2439,201.72875,1.4616844455470226,11.091664599354965,-0.3127499999999941,1
2303,2448,71.468075,1.1433818417759427,7.290679890624436,0.13517500000000737,1
2303,2449,73.3418,3.254488356362935,7.52294907720547,0.33569999999999567,1
2303,2454,272.62225,1.5278527918781692,16.150050761421287,-1.4192499999999768,1
2303,2606,90.69850000000001,1.5278527918781692,16.150050761421287,0.3588500000000039,1
2303,2823,76.4018,3.254488356362935,7.52294907720547,0.2806749999999987,1
2303,2880,66.21960000000001,1.4616844455470226,11.091664599354965,0.14492500000001485,1
2303,2883,72.9051,1.8079859466287909,5.99999999999997,0.1844999999999999,1
2303,2886,67.474075,1.4616844455470226,11.091664599354965,0.1411750000000076,1
2303,2892,109.117875,1.4616844455470226,11.091664599354965,0.07675000000000409,1
2303,3706,89.593875,1.4616844455470226,11.091664599354965,0.1106500000000068,1
2303,4904,128.0485,1.9903685727286529,4.999999999999846,0.39645000000001573,1
2303,4938,135.72790000000003,1.4616844455470226,11.091664599354965,0.1367750000000214,1
2303,6456,179.25850000000003,1.1433818417759427,7.290679890624436,0.21125000000000682,1
2324,2377,159.146375,1.4616844455470226,11.091664599354965,0.20017500000000155,1
2344,2892,101.91312500000001,1.8079859466287909,5.99999999999997,0.1450500000000119,1
2892,3481,103.09512500000001,1.8079859466287909,5.99999999999997,0.0951250000000119,1
2892,6456,209.013125,1.8079859466287909,5.99999999999997,0.415875000000014,1
2892,9904,132.00170000000003,1.8079859466287909,5.99999999999997,0.05170000000001096,1
2892,9933,136.29312500000003,1.8079859466287909,5.99999999999997,0.13767500000000865,1
2892,9938,182.913125,1.4616844455470226,11.091664599354965,0.45937500000002274,1
3045,9904,134.955,2.2011242403781104,9.193923024983164,0.32425000000000637,1
3481,9904,94.9385,1.5278527918781692,16.150050761421287,0.09812500000001023,1
