stock1,stock2,trade_capital,open,loss,reward,open_num
1102,1802,51.82905,1.5278527918781692,16.150050761421287,0.06794999999999973,1
1402,2834,110.16517500000002,2.9250000000000016,20.10344827586205,0.16955500000001678,1
2303,4904,99.36847499999999,2.2011242403781104,9.193923024983164,0.03972500000000423,1
2352,2882,128.0725,1.4616844455470226,11.091664599354965,0.05050000000000665,1
2352,5880,102.76350000000001,1.4616844455470226,11.091664599354965,0.1868000000000123,1
2383,9910,760.4637500000001,1.9903685727286529,4.999999999999846,-0.6602499999999196,1
2633,3682,27.324775000000002,2.9250000000000016,20.10344827586205,0.05605000000000082,1
2892,3702,101.30300000000001,2.2011242403781104,9.193923024983164,0.13679999999999382,1
3045,3682,144.273875,1.8079859466287909,5.99999999999997,0.5171250000000143,1
4904,6505,551.85625,1.4616844455470226,11.091664599354965,0.6382500000000277,1
6505,8464,1100.064,1.1433818417759427,7.290679890624436,2.765250000000151,1
6456,8464,1658.5085000000001,1.8079859466287909,5.99999999999997,-11.991499999999888,1
