stock1,stock2,trade_capital,open,loss,reward,open_num
2383,2882,439.17150000000004,1.8079859466287909,5.99999999999997,1.3040000000000305,1
2383,2884,190.55975,2.9250000000000016,20.10344827586205,1.4455000000000098,1
2383,3034,214.97375,1.8079859466287909,5.99999999999997,1.1595000000000084,1
2915,3034,496.09749999999997,1.8079859466287909,5.99999999999997,0.7110000000000412,1
