stock1,stock2,trade_capital,open,loss,reward,open_num
1722,3532,260.61600000000004,1.1433818417759427,7.290679890624436,0.4905000000000257,1
2344,2880,110.2344,1.1433818417759427,7.290679890624436,0.0843999999999987,1
2344,2885,64.30605,1.1433818417759427,7.290679890624436,-0.6996000000000038,1
2356,6269,212.87825,2.1048266865449103,22.69250838613482,0.6632500000000192,1
3481,6456,370.84025,1.4616844455470226,11.091664599354965,0.18187500000001933,1
