stock1,stock2,trade_capital,open,loss,reward,open_num
1216,2409,120.67855,2.2011242403781104,9.193923024983164,0.15905000000000769,1
2049,2474,2394.792,1.4616844455470226,11.091664599354965,3.657000000000039,1
2049,2881,549.611,3.254488356362935,7.52294907720547,2.136750000000035,1
2303,2324,33.59765,1.8079859466287909,5.99999999999997,-0.05347499999999883,1
2379,2474,784.02525,2.1048266865449103,22.69250838613482,2.2377500000000055,1
