stock1,stock2,trade_capital,open,loss,reward,open_num
2002,2498,187.92625000000004,1.1433818417759427,7.290679890624436,-1.7908499999999918,1
2002,6269,242.385875,1.8079859466287909,5.99999999999997,0.38587500000001285,1
2311,2409,91.943675,2.1048266865449103,22.69250838613482,0.25217500000000115,1
2324,2409,65.22745,2.9250000000000016,20.10344827586205,0.1945500000000031,1
2317,3706,205.186425,2.9250000000000016,20.10344827586205,0.32517500000002997,1
2325,2439,426.43725,1.8079859466287909,5.99999999999997,-0.926874999999967,1
2356,2409,66.874975,2.1048266865449103,22.69250838613482,0.14207500000000906,1
2356,9945,226.4855,2.1048266865449103,22.69250838613482,0.2954000000000292,1
2382,3673,366.93600000000004,3.508635996771593,16.51957223567391,-0.16625000000000512,1
2809,5880,104.25087500000001,1.8916951729380467,12.846636259977194,0.08125000000000426,1
2885,2891,43.87525000000001,1.8079859466287909,5.99999999999997,0.08115000000000094,1
3673,9945,233.935125,2.9250000000000016,20.10344827586205,1.132125000000002,1
5880,9945,100.1071,1.8079859466287909,5.99999999999997,0.0874750000000013,1
