stock1,stock2,trade_capital,open,loss,reward,open_num
1314,2881,113.84895,1.3000000000000007,23.0,0.06820000000000448,1
1314,2890,38.3727,2.1000000000000014,9.0,0.09060000000000201,1
1314,3034,205.012,1.3000000000000007,23.0,0.681625000000011,1
1314,6269,181.727,1.3000000000000007,23.0,0.47700000000000387,1
1101,2439,352.64200000000005,2.1000000000000014,9.0,0.6901250000000232,1
1101,2892,131.58,2.1000000000000014,9.0,0.32987500000000836,1
1101,3673,135.75490000000002,2.1000000000000014,9.0,0.08415000000000106,1
1402,2883,80.90215,2.1000000000000014,9.0,0.12002500000000538,1
1402,2890,82.977075,1.3000000000000007,23.0,0.2165750000000024,1
2330,2377,1184.4,1.3000000000000007,23.0,-4.470249999999908,1
2303,2439,234.0,1.3000000000000007,23.0,0.10925000000001717,1
2303,2474,466.79875,1.3000000000000007,23.0,-0.2012500000000017,1
2303,2883,65.16,2.2500000000000018,12.0,0.0911000000000044,1
2308,2439,710.43275,1.3000000000000007,23.0,0.9327500000000555,1
2308,3673,278.88105,1.3000000000000007,23.0,0.5810500000000189,1
2308,6269,650.0235,1.3000000000000007,23.0,1.0235000000000554,1
2327,6505,1340.9855000000002,1.3000000000000007,23.0,0.4855000000001155,1
2345,2353,202.05,1.3000000000000007,23.0,0.16250000000000853,1
2345,2377,384.75855,1.3000000000000007,23.0,0.5062999999999391,1
2345,2834,143.75300000000001,1.3000000000000007,23.0,0.02612500000001461,1
2345,3034,869.965,1.3000000000000007,23.0,1.6282500000000937,1
2345,4915,567.64475,1.3000000000000007,23.0,0.10375000000004775,1
2347,2409,111.48252500000001,1.4500000000000008,5.0,0.08252500000001106,1
2353,2377,204.75,1.3000000000000007,23.0,0.6572500000000048,1
2353,6269,224.6835,1.3000000000000007,23.0,0.393375000000006,1
2353,6505,588.2741,1.4500000000000008,5.0,1.4241000000000241,1
2377,2883,150.39775,2.2500000000000018,12.0,0.5156250000000071,1
2377,3034,482.04775,1.3000000000000007,23.0,2.7087500000000517,1
2439,2888,222.36700000000002,1.3000000000000007,23.0,0.407250000000019,1
2439,3034,1319.471,1.3000000000000007,23.0,2.409750000000031,1
2474,3034,885.53225,1.3000000000000007,23.0,3.080250000000035,1
2474,3481,435.346,1.4500000000000008,5.0,-0.40400000000000347,1
2834,3673,109.20490000000001,2.1000000000000014,9.0,0.27802500000000663,1
2885,2892,81.444975,2.1000000000000014,9.0,0.12122499999999548,1
2885,6269,172.041625,1.4500000000000008,5.0,-0.02487499999999443,1
2887,6456,271.7425,1.3000000000000007,23.0,-0.16962499999996794,1
3044,6505,695.6013,2.1000000000000014,9.0,-1.9127000000000294,1
