stock1,stock2,trade_capital,open,loss,reward,open_num
1314,1477,213.04925,1.4500000000000008,5.0,0.41925000000000523,1
1314,2603,71.73,1.3000000000000007,23.0,0.13007500000001038,1
1605,2327,702.85,1.3000000000000007,23.0,1.092000000000084,1
1477,2603,216.17525,1.3000000000000007,23.0,-0.07474999999999454,1
1477,2606,323.514,2.1000000000000014,9.0,1.26400000000001,1
1590,2409,352.22087500000004,1.4500000000000008,5.0,-0.7791249999999508,1
1590,2498,483.17025,2.1000000000000014,9.0,-0.2597499999999968,1
1590,2606,430.5905,2.1000000000000014,9.0,-2.4354999999999905,1
1722,2345,294.39775000000003,2.1000000000000014,9.0,-0.2236249999999842,1
2002,2324,78.97995,2.2500000000000018,12.0,-0.02225000000000321,1
2002,2890,154.96020000000001,2.1000000000000014,9.0,-0.7007999999999868,1
2327,2890,724.1621250000001,1.3000000000000007,23.0,4.162125000000046,1
2327,3034,1354.3712500000001,2.1000000000000014,9.0,-32.073749999999905,1
2345,2409,159.39775,2.1000000000000014,9.0,0.5006250000000136,1
2345,2890,145.068625,2.1000000000000014,9.0,0.5163750000000107,1
2345,2912,691.1410000000001,1.4500000000000008,5.0,1.414000000000044,1
2345,6456,1196.13875,1.3000000000000007,23.0,-15.386249999999961,1
2385,2603,118.215,2.1000000000000014,9.0,0.2523000000000195,1
2379,2892,227.9195,1.3000000000000007,23.0,0.3922500000000042,1
2379,5880,230.90312500000002,1.4500000000000008,5.0,0.40312500000001705,1
2409,2915,121.26287500000001,1.3000000000000007,23.0,0.05852500000001015,1
2492,2890,330.753125,1.3000000000000007,23.0,2.753124999999997,1
2492,3034,849.497,1.4500000000000008,5.0,-8.297500000000014,1
2492,4958,634.8687500000001,1.3000000000000007,23.0,1.5032500000000368,1
2603,2606,93.773025,2.1000000000000014,9.0,0.09902500000001169,1
2606,3034,307.540125,1.3000000000000007,23.0,0.26437500000000114,1
2606,5880,118.74802500000001,2.1000000000000014,9.0,0.0073999999999969646,1
2890,3019,134.747575,1.3000000000000007,23.0,0.04757500000000903,1
2890,3034,203.69400000000002,1.3000000000000007,23.0,0.6940000000000097,1
3034,6456,1311.075,1.4500000000000008,5.0,-11.592499999999859,1
