stock1,stock2,trade_capital,open,loss,reward,open_num
1303,2603,119.69455,2.2500000000000018,12.0,0.16167500000000956,1
1704,2347,200.207375,2.1000000000000014,9.0,-0.857050000000001,1
1704,2603,92.48542499999999,2.1000000000000014,9.0,0.10255000000000791,1
1704,2881,268.48535000000004,1.3000000000000007,23.0,-0.290399999999984,1
2301,2603,96.8289,2.1000000000000014,9.0,-0.20359999999999445,1
2311,2892,141.47705000000002,2.1000000000000014,9.0,0.12454999999999927,1
2454,2892,293.44875,1.3000000000000007,23.0,-0.20374999999998522,1
2603,3682,20.134625,2.1000000000000014,9.0,0.06805000000000305,1
