stock1,stock2,trade_capital,open,loss,reward,open_num
1536,2324,240.63850000000002,1.4616844455470226,11.091664599354965,0.3885000000000076,1
1536,2352,211.199,0.6133408446003465,20.043565348022334,-0.3299999999999841,1
1536,3682,177.719,2.9250000000000016,20.10344827586205,-0.27419999999999334,1
1789,2615,127.4086,1.8079859466287909,5.99999999999997,-0.44139999999999446,1
2347,2615,129.2059,1.8079859466287909,5.99999999999997,-0.6440999999999946,1
2379,2615,194.86275,2.9250000000000016,20.10344827586205,0.18950000000000955,1
2379,3706,577.8,0.6133408446003465,20.043565348022334,1.7828750000000184,1
2498,3682,103.5,2.1048266865449103,22.69250838613482,0.17697499999999877,1
2615,2823,167.42152500000003,1.8079859466287909,5.99999999999997,0.13465000000002192,1
2615,2892,169.9447,2.1048266865449103,22.69250838613482,0.19470000000001164,1
2615,3706,127.70815,1.8916951729380467,12.846636259977194,-0.5918499999999938,1
