stock1,stock2,trade_capital,open,loss,reward,open_num
1402,1909,152.47095000000002,1.8079859466287909,5.99999999999997,0.12095000000002187,1
1101,3481,93.296625,2.1048266865449103,22.69250838613482,0.05480000000000018,1
1326,2327,778.4929999999999,1.4616844455470226,11.091664599354965,1.2565000000000168,1
1909,2303,110.68372500000001,1.1433818417759427,7.290679890624436,0.08372500000000116,1
2105,3481,108.41662500000001,2.1048266865449103,22.69250838613482,-0.0203249999999926,1
2201,2344,201.6006,4.323914893617021,9.632680851063803,0.7796000000000021,1
2201,2615,121.745225,1.8079859466287909,5.99999999999997,0.5492250000000105,1
2201,2888,52.43684999999999,1.4616844455470226,11.091664599354965,0.11779999999999546,1
2311,2327,507.14300000000003,2.9250000000000016,20.10344827586205,-4.039375000000007,1
2311,2347,236.5355,1.8079859466287909,5.99999999999997,-0.310974999999992,1
2303,3231,46.935,1.4616844455470226,11.091664599354965,0.071550000000002,1
2303,3481,76.78465,2.9250000000000016,20.10344827586205,0.18465000000000664,1
2324,3481,81.05662500000001,2.9250000000000016,20.10344827586205,0.17505000000000592,1
2337,2883,89.15967500000001,1.4616844455470226,11.091664599354965,0.15817500000000706,1
2344,2615,143.88385,2.1048266865449103,22.69250838613482,-0.1661499999999947,1
2347,2883,86.164175,1.8079859466287909,5.99999999999997,0.0626749999999987,1
2382,2890,80.45913,1.8916951729380467,12.846636259977194,-0.4608699999999928,1
2382,3481,117.326625,1.8079859466287909,5.99999999999997,-0.2851749999999882,1
2823,2888,77.58045000000001,1.5278527918781692,16.150050761421287,0.1252000000000031,1
2881,2888,98.6488,1.5278527918781692,16.150050761421287,0.09355000000000047,1
2883,3481,73.833975,1.1433818417759427,7.290679890624436,0.23277499999998952,1
