stock1,stock2,trade_capital,open,loss,reward,open_num
1402,2409,107.467375,2.2011242403781104,9.193923024983164,0.3310250000000039,1
1303,2801,148.53812500000004,1.8079859466287909,5.99999999999997,0.16592500000000143,1
1303,9914,194.48765000000003,1.4616844455470226,11.091664599354965,0.7866500000000229,1
1789,5264,277.55174999999997,1.8079859466287909,5.99999999999997,-2.1939999999999884,1
1605,2308,180.72,1.8079859466287909,5.99999999999997,0.19805000000002337,1
1605,2317,163.58025,2.9250000000000016,20.10344827586205,0.24485000000001378,1
1605,2330,311.19,1.8079859466287909,5.99999999999997,0.7703750000000156,1
1605,2344,99.058675,1.8079859466287909,5.99999999999997,0.08867500000001272,1
1605,9914,319.28000000000003,1.5278527918781692,16.150050761421287,0.9795000000000442,1
1802,2317,111.57570000000001,1.8916951729380467,12.846636259977194,0.3159500000000115,1
1802,2801,97.25390000000002,1.1433818417759427,7.290679890624436,0.10390000000001365,1
2308,9914,256.99375000000003,1.4616844455470226,11.091664599354965,1.592000000000013,1
2317,3231,435.12075000000004,2.9250000000000016,20.10344827586205,0.8272500000000207,1
2337,2356,151.67695,2.2011242403781104,9.193923024983164,0.20445000000000846,1
2344,2633,133.708675,2.030242211571373,14.706692913385783,0.08130000000000592,1
2330,2801,320.26887500000004,1.8916951729380467,12.846636259977194,0.26887500000003683,1
2330,2915,378.42,1.4616844455470226,11.091664599354965,0.7082500000000209,1
2352,2801,102.29632500000001,2.1048266865449103,22.69250838613482,0.3963250000000116,1
2345,2801,171.578125,1.8079859466287909,5.99999999999997,0.9758750000000163,1
2345,6116,147.37425000000002,1.1433818417759427,7.290679890624436,-0.22912499999998204,1
2409,6116,75.55275,1.4616844455470226,11.091664599354965,0.2289500000000082,1
2633,6116,125.01,3.254488356362935,7.52294907720547,0.3907500000000148,1
2867,9933,120.629625,1.8079859466287909,5.99999999999997,0.06212500000000887,1
2886,9938,233.14975,1.9903685727286529,4.999999999999846,0.1497500000000116,1
3231,5264,230.97675,1.8079859466287909,5.99999999999997,1.131750000000011,1
3702,6116,65.7,2.1048266865449103,22.69250838613482,0.19005000000000294,1
