stock1,stock2,trade_capital,open,loss,reward,open_num
1303,2439,627.3442500000001,0.6133408446003465,20.043565348022334,0.5122500000000514,1
2103,2883,69.84,1.4616844455470226,11.091664599354965,0.033375000000006594,1
2105,2498,531.99,1.1433818417759427,7.290679890624436,1.4098999999999648,1
2105,3034,749.2072499999999,1.1433818417759427,7.290679890624436,0.802250000000015,1
2105,9914,690.7552000000001,1.9903685727286529,4.999999999999846,0.38970000000006166,1
2308,3702,803.9415,1.4616844455470226,11.091664599354965,6.105250000000012,1
2324,2383,193.056,2.1048266865449103,22.69250838613482,0.9425000000000097,1
2324,3706,80.91,1.8079859466287909,5.99999999999997,0.21462500000000517,1
2383,2603,136.125,2.1048266865449103,22.69250838613482,0.42215000000000913,1
2383,2823,206.91000000000003,1.9903685727286529,4.999999999999846,-1.0437999999999903,1
2383,2882,439.17150000000004,1.8916951729380467,12.846636259977194,1.3040000000000305,1
2383,2883,145.56075,1.8079859466287909,5.99999999999997,0.7753750000000039,1
2383,2892,187.56425000000002,1.8079859466287909,5.99999999999997,0.9507499999999993,1
2383,2915,214.09575,1.1433818417759427,7.290679890624436,0.16115000000000634,1
2383,3702,148.227325,1.4616844455470226,11.091664599354965,0.7273250000000075,1
2383,3706,126.81,1.8916951729380467,12.846636259977194,0.8370750000000129,1
2603,2610,42.525315,2.9250000000000016,20.10344827586205,0.07394000000000034,1
2603,2886,99.908625,1.9903685727286529,4.999999999999846,0.2352249999999927,1
2603,2912,277.7795,2.2011242403781104,9.193923024983164,0.2740000000000151,1
2603,3034,181.44875000000002,1.1433818417759427,7.290679890624436,0.4665000000000106,1
2603,9914,206.55,1.1433818417759427,7.290679890624436,0.40462500000001,1
2883,3702,71.28,1.4616844455470226,11.091664599354965,0.08090000000001396,1
2890,5871,76.1215,1.1433818417759427,7.290679890624436,0.07595000000000951,1
2915,3034,496.09749999999997,1.8079859466287909,5.99999999999997,0.7110000000000412,1
2892,2915,133.51500000000001,1.1433818417759427,7.290679890624436,0.22679999999999723,1
3702,5871,402.5745,1.8079859466287909,5.99999999999997,0.6960000000000122,1
