stock1,stock2,open,loss,reward,open_num,action choose
2313,2352,2.02304897137745,5.627124329159388,0.36977500000000063,1,7
2313,2371,9.417529752331845,23.923769700868746,0.6388750000000023,1,23
2313,3034,2.8119307692307682,20.224307692307548,1.3064999999999998,1,10
2313,4938,5.793574014481093,14.29042638777153,1.3610500000000343,1,19
2313,6505,2.4325072358900095,10.699589966232447,1.0820000000000078,1,8
3034,3481,2.4325072358900095,10.699589966232447,1.0564999999999998,1,8
3034,4938,2.5779913972888493,13.130344108446305,3.101750000000038,1,9
3034,5880,1.5038041133323725,19.282755645045146,0.616500000000002,1,4
3034,6505,1.5038041133323725,19.282755645045146,1.3064999999999998,1,4
