stock1,stock2,trade_capital,open,loss,reward,open_num
1319,1536,659.577,1.8500000000000012,9.0,-2.5507499999999936,1
1319,1605,117.5154,1.3500000000000008,7.0,0.06302500000001032,1
1319,2308,921.4158000000001,1.4800000000000009,11.0,3.6158000000000925,1
1319,3189,465.1375,1.8000000000000012,5.0,0.792900000000003,1
1102,2308,259.497,1.4000000000000008,20.0,0.09410000000001162,1
1102,2885,75.9576,1.5000000000000009,5.0,0.08187500000000725,1
2002,6269,258.11225,1.8500000000000012,9.0,-0.1377499999999685,1
1536,2912,1189.8000000000002,1.8000000000000012,5.0,1.51175000000012,1
1536,6269,1157.208,1.4800000000000009,11.0,2.654250000000161,1
1605,2308,229.904625,1.3500000000000008,7.0,0.40462500000001,1
1605,2603,63.855000000000004,1.3500000000000008,7.0,0.09327500000000555,1
1909,2371,131.07962500000002,1.5000000000000009,5.0,-0.10797499999998195,1
2311,2313,101.87485,1.5000000000000009,5.0,0.13485000000001435,1
2311,2885,104.29332500000001,1.8000000000000012,5.0,-0.1566749999999999,1
2308,2492,262.017,2.200000000000001,6.0,0.289599999999993,1
2308,2885,209.75324999999998,1.5000000000000009,5.0,-0.08899999999998442,1
2308,3189,559.7275,1.52,8.0,0.13525000000001342,1
2330,3189,606.5275,1.8500000000000012,9.0,0.5564999999999998,1
2352,3189,191.1005,2.0000000000000013,6.0,0.3943750000000108,1
2357,2885,318.20325,1.5000000000000009,5.0,-0.5197500000000019,1
2357,3189,585.7013999999999,2.1000000000000014,9.0,0.27839999999997644,1
2382,2885,131.54325,1.8000000000000012,5.0,0.14120000000001198,1
2382,3189,397.80240000000003,2.4000000000000017,10.0,-0.19759999999993738,1
2448,2883,96.15555,1.4800000000000009,11.0,0.17555000000001542,1
2448,2885,64.69695000000002,1.52,8.0,0.09845000000001392,1
2448,3189,186.9155,1.8500000000000012,9.0,0.10180000000001144,1
2492,2885,114.62325,1.52,8.0,0.06954999999999956,1
2823,3189,169.37535,2.200000000000001,6.0,0.18112499999999443,1
2883,3189,124.82534999999999,1.8500000000000012,9.0,0.15552500000000435,1
2885,6269,195.70600000000002,1.5000000000000009,5.0,-0.04399999999999693,1
2884,3189,170.05034999999998,2.2500000000000018,12.0,0.27984999999999616,1
