stock1,stock2,trade_capital,open,loss,reward,open_num
1314,2383,167.126,2.4000000000000017,10.0,0.9901250000000132,1
1303,2308,410.40000000000003,1.4000000000000008,20.0,0.214650000000006,1
1303,2542,173.79000000000002,1.8500000000000012,9.0,0.4093000000000018,1
1303,3702,456.3,1.4000000000000008,20.0,0.43770000000000664,1
1303,4904,542.967,1.5000000000000009,5.0,0.4300000000000068,1
1909,2337,150.12447500000002,1.5000000000000009,5.0,0.5244750000000096,1
1909,2454,461.745,1.5000000000000009,5.0,0.8280250000000393,1
2308,2542,253.8485,1.550000000000009,7.0,0.2927500000000265,1
2308,2834,194.487675,1.3500000000000008,7.0,0.23192500000002525,1
2308,2885,227.84425000000002,1.550000000000009,7.0,0.3978750000000275,1
2308,6269,257.34325,1.3500000000000008,7.0,0.5875000000000341,1
2330,2883,227.79350000000002,1.4000000000000008,20.0,0.2515500000000088,1
2327,2382,415.32075000000003,1.3500000000000008,7.0,-3.6359999999999673,1
2327,2449,230.83575000000002,2.200000000000001,6.0,0.8828749999999985,1
2327,2454,1061.55,1.4000000000000008,20.0,-1.7692499999999427,1
2327,9933,330.3,1.8500000000000012,9.0,-4.544499999999971,1
2337,2382,243.33445,1.5000000000000009,5.0,-0.8655499999999918,1
2377,2448,407.70625000000007,1.4000000000000008,20.0,0.37015000000005216,1
2883,6414,359.14125,1.3500000000000008,7.0,-2.4457749999999905,1
