stock1,stock2,trade_capital,open,loss,reward,open_num
1303,2303,126.66820000000001,1.4800000000000009,11.0,0.15020000000001943,1
2313,2354,201.394,1.5000000000000009,5.0,0.18470000000000653,1
2303,6456,280.73675000000003,1.4000000000000008,20.0,0.31875000000001563,1
2356,6456,339.98925,1.8500000000000012,9.0,0.23925000000001262,1
