stock1,stock2,trade_capital,open,loss,reward,open_num
1605,6456,340.81475000000006,1.5000000000000009,5.0,1.226500000000044,1
1605,9945,84.83395000000002,1.5000000000000009,5.0,0.31305000000000405,1
1909,2308,565.3429,1.5000000000000009,5.0,0.7836500000000513,1
1909,2377,150.28145,1.8500000000000012,9.0,-0.03669999999999618,1
1909,9945,70.470575,1.4000000000000008,20.0,-0.010399999999997078,1
2308,3231,406.4105,1.8500000000000012,9.0,0.370750000000001,1
2344,3231,100.26345,1.5000000000000009,5.0,-0.6043500000000037,1
2354,2382,222.2581,1.8000000000000012,5.0,-0.7539999999999907,1
2376,3481,107.833375,1.5000000000000009,5.0,0.08140000000000214,1
2382,2615,137.4093,1.5000000000000009,5.0,0.08325000000000671,1
2633,6116,143.797575,1.4800000000000009,11.0,0.16570000000001528,1
2633,9945,136.53,1.3500000000000008,7.0,-0.27747499999999903,1
2834,3231,62.697125,1.550000000000009,7.0,0.04950000000000543,1
2834,9945,65.16,1.3500000000000008,7.0,-0.058674999999993815,1
2880,2888,41.87035,1.4000000000000008,20.0,0.03565000000000218,1
2888,3406,325.305,1.4000000000000008,20.0,2.053925000000042,1
3231,3481,90.418375,1.8500000000000012,9.0,0.16035000000000466,1
3231,6456,387.214,2.0000000000000013,6.0,0.15075000000000216,1
6116,6456,326.51325,1.4800000000000009,11.0,2.7505000000000166,1
