stock1,stock2,trade_capital,open,loss,reward,open_num
1101,1802,153.661375,1.4000000000000008,20.0,0.6085750000000161,1
1101,1802,153.661375,1.4000000000000008,20.0,0.6085750000000161,1
