stock1,stock2,trade_capital,open,loss,reward,open_num
2884,9938,187.468375,1.6500000000000008,16.0,-0.03162499999999113,1
2884,9938,187.468375,1.6500000000000008,16.0,-0.03162499999999113,1
