stock1,stock2,trade_capital,open,loss,reward,open_num
2885,5871,136.608,1.5000000000000009,5.0,0.28437500000001137,1
2885,5871,136.608,1.5000000000000009,5.0,0.28437500000001137,1
