stock1,stock2,trade_capital,open,loss,reward,open_num
1301,1605,213.183375,2.4000000000000017,10.0,-0.5455249999999978,1
1301,2409,139.37040000000002,2.1000000000000014,9.0,-0.1180999999999841,1
1303,2409,116.37,2.200000000000001,6.0,-0.2937999999999903,1
1704,2347,200.502,2.2500000000000018,5.0,-0.8071999999999946,1
1704,2881,268.48535000000004,1.3000000000000007,23.0,-0.290399999999984,1
1704,2892,123.6175,1.4500000000000008,5.0,0.008000000000009777,1
2311,2881,298.0255,1.9500000000000013,5.0,-1.3190500000000043,1
2409,3682,93.833125,1.3000000000000007,23.0,-0.09767499999998819,1
2454,2892,293.44875,1.3000000000000007,23.0,-0.20374999999998522,1
