stock1,stock2,trade_capital,open,loss,reward,open_num
1314,2377,105.32494,1.3000000000000007,23.0,0.12894000000000716,1
1477,2891,229.81162500000002,1.8500000000000012,9.0,-1.8648749999999836,1
2105,2345,164.34,2.1000000000000014,9.0,-0.17404999999997983,1
2313,2454,300.9285,1.9500000000000013,5.0,0.7602500000000134,1
2313,2823,90.6678,1.3000000000000007,23.0,0.1593750000000007,1
2313,2883,38.229405,1.6500000000000008,16.0,0.05010500000000562,1
2313,4958,141.7185,1.3000000000000007,23.0,0.22680000000001144,1
2330,4958,669.8565,1.6500000000000008,16.0,0.6734000000000435,1
2354,9945,268.74687500000005,2.7500000000000018,15.0,0.23247500000000798,1
2356,2823,174.5498,1.7500000000000009,15.0,0.07474999999999454,1
2356,3045,198.75420000000003,3.3500000000000023,16.0,0.6832000000000136,1
2474,2823,353.7269,1.3000000000000007,23.0,0.627900000000011,1
2474,3045,466.60800000000006,3.3500000000000023,16.0,1.7590000000000146,1
2474,3706,401.357375,1.9500000000000013,5.0,-1.6416250000000048,1
2610,5264,159.66875,1.3000000000000007,23.0,0.8530250000000095,1
2883,5264,144.790675,1.9500000000000013,5.0,0.3644250000000042,1
2886,3481,41.87245,2.1000000000000014,9.0,0.08370000000000033,1
3045,6176,758.145,1.9500000000000013,5.0,3.829999999999984,1
3231,3481,103.54490000000001,1.7500000000000009,15.0,0.13409999999998945,1
3481,6176,79.571175,2.7500000000000018,15.0,-0.1774249999999995,1
3682,6176,98.8964,1.7500000000000009,15.0,-0.006599999999991724,1
