stock1,stock2,trade_capital,open,loss,reward,open_num
1402,3481,64.08000000000001,2.9000000000000017,20.0,0.04297500000000554,1
1216,2823,154.14445,2.7500000000000018,15.0,0.05325000000001978,1
1301,1704,116.77457500000001,1.7500000000000009,15.0,-0.07542499999998853,1
1301,3481,120.24905000000001,3.3500000000000023,16.0,-0.03794999999999504,1
1704,2883,78.73172500000001,2.7500000000000018,15.0,0.2317250000000115,1
1536,2201,272.58925,2.2500000000000018,5.0,1.0672500000000298,1
1536,2886,268.5965,1.6500000000000008,16.0,0.596500000000006,1
1504,2201,214.40425,2.200000000000001,6.0,0.3155000000000143,1
1504,3045,255.11675000000002,1.3000000000000007,23.0,0.6167500000000175,1
1504,3231,159.49462499999998,2.4000000000000017,10.0,0.301825000000008,1
1789,2330,870.1015500000001,2.7500000000000018,15.0,1.0678000000000338,1
2105,3481,110.6086,3.3500000000000023,16.0,0.2266000000000048,1
2201,2356,214.83140000000003,2.9000000000000017,20.0,0.35965000000001623,1
2201,3231,211.563875,2.1000000000000014,9.0,0.3652750000000111,1
2301,2330,916.5318,2.7500000000000018,15.0,1.1980500000000518,1
2330,2618,177.45515,3.3500000000000023,16.0,0.30840000000000956,1
2330,3481,195.528,2.7500000000000018,15.0,0.23125000000000995,1
2379,9945,409.56290000000007,2.1000000000000014,9.0,0.24090000000003897,1
2449,2884,123.61430000000001,1.6500000000000008,16.0,-0.2856999999999843,1
2439,3045,527.2080000000001,1.4500000000000008,5.0,1.208000000000041,1
2439,9933,379.080525,1.3000000000000007,23.0,0.33052500000002283,1
2439,9945,200.79,1.8000000000000012,5.0,0.26445000000002494,1
2618,2884,83.974275,2.4000000000000017,10.0,-0.13057499999999322,1
2618,4958,125.66787500000001,1.3000000000000007,23.0,0.05282500000001278,1
2881,3045,267.34837500000003,1.8000000000000012,5.0,0.5983750000000185,1
2883,3034,149.7925,2.200000000000001,6.0,0.3191500000000076,1
2886,3045,249.483,1.3000000000000007,23.0,0.6216250000000159,1
2912,3481,293.23425000000003,3.3500000000000023,16.0,-1.3976749999999782,1
3034,3231,224.66250000000002,2.4000000000000017,10.0,-0.5874999999999773,1
3034,6456,672.773,1.52,8.0,0.9539000000000613,1
3045,9945,249.909,3.3500000000000023,16.0,0.5016000000000247,1
4904,9910,265.9735,1.9500000000000013,5.0,0.4807500000000289,1
9910,9945,285.3,1.6500000000000008,16.0,0.5230000000000246,1
