stock1,stock2,trade_capital,open,loss,reward,open_num
1605,2885,52.92037500000001,2.9250000000000016,20.10344827586205,0.1182500000000104,1
2002,6116,125.53110000000001,2.9250000000000016,20.10344827586205,0.3921000000000081,1
2103,2308,327.50800000000004,2.9250000000000016,20.10344827586205,0.008000000000009777,1
2105,2610,95.3391,2.9250000000000016,20.10344827586205,-0.2991749999999982,1
2105,6269,344.2495,1.4616844455470226,11.091664599354965,0.346500000000006,1
2105,6456,608.2452499999999,1.4616844455470226,11.091664599354965,0.5407500000000027,1
2301,2352,189.865375,2.9250000000000016,20.10344827586205,0.2015750000000054,1
2301,2610,123.89620000000002,2.9250000000000016,20.10344827586205,0.20770000000001687,1
2313,8464,327.87,1.4616844455470226,11.091664599354965,0.6517500000000069,1
2313,9914,188.87725,1.4616844455470226,11.091664599354965,0.3061500000000166,1
2347,2610,178.14990000000003,1.1433818417759427,7.290679890624436,-0.4733749999999617,1
2347,4943,1161.4552,1.4616844455470226,11.091664599354965,-2.144799999999975,1
2353,2371,111.82650000000001,1.4616844455470226,11.091664599354965,0.2247249999999994,1
2353,6269,198.3595,1.4616844455470226,11.091664599354965,0.4398750000000007,1
2353,9914,185.36725,2.9250000000000016,20.10344827586205,0.6115500000000154,1
2357,2449,401.64662500000003,2.9250000000000016,20.10344827586205,-2.6033749999999714,1
2357,2610,318.5215,1.4616844455470226,11.091664599354965,0.5215000000000032,1
2357,3231,348.975,1.4616844455470226,11.091664599354965,-0.08237499999998477,1
2357,3702,414.5772,1.4616844455470226,11.091664599354965,-1.5227999999999895,1
2449,2610,100.72612500000001,2.9250000000000016,20.10344827586205,-0.7032999999999845,1
2448,2449,182.95187500000003,1.4616844455470226,11.091664599354965,-1.6299749999999804,1
2610,9914,163.27225,1.4616844455470226,11.091664599354965,0.2489750000000157,1
3231,9914,249.13225,1.8079859466287909,5.99999999999997,0.35550000000000637,1
3231,9945,149.831425,1.4616844455470226,11.091664599354965,0.20430000000000703,1
3702,4943,348.95400000000006,1.4616844455470226,11.091664599354965,-0.34839999999999804,1
4943,9945,350.97275,2.9250000000000016,20.10344827586205,1.722750000000019,1
