stock1,stock2,trade_capital,open,loss,reward,open_num
1504,3443,253.619,1.4616844455470226,11.091664599354965,0.3689999999999998,1
1605,2377,129.405375,1.1433818417759427,7.290679890624436,0.2957750000000061,1
2002,3019,182.5258,2.9250000000000016,20.10344827586205,-0.674199999999999,1
1909,2303,171.1015,1.8079859466287909,5.99999999999997,0.17250000000002785,1
1909,2311,151.05300000000003,2.9250000000000016,20.10344827586205,-0.5882750000000101,1
1909,2313,143.741925,1.1433818417759427,7.290679890624436,-0.8351999999999933,1
1909,2330,293.175,1.4616844455470226,11.091664599354965,-1.9863749999999811,1
1909,2633,111.78000000000002,1.4616844455470226,11.091664599354965,0.06332499999998475,1
1909,2881,208.71,2.9250000000000016,20.10344827586205,-0.9968749999999886,1
1909,3673,141.12,1.8079859466287909,5.99999999999997,-1.2336999999999918,1
1909,4938,201.555,2.9250000000000016,20.10344827586205,-0.6354749999999854,1
1909,6456,247.725,2.9250000000000016,20.10344827586205,-1.9106249999999818,1
2303,5264,157.1639,0.6133408446003465,20.043565348022334,0.21390000000000953,1
2345,2633,148.601,1.4616844455470226,11.091664599354965,0.166150000000016,1
2345,4938,366.193,1.1433818417759427,7.290679890624436,0.21800000000001774,1
2409,5264,158.41202500000003,0.6133408446003465,20.043565348022334,-1.1879749999999802,1
2881,6456,366.18850000000003,2.9250000000000016,20.10344827586205,0.9270000000000209,1
3019,5264,370.34365,0.6133408446003465,20.043565348022334,0.3436500000000251,1
3481,6269,113.2235,2.9250000000000016,20.10344827586205,0.5275750000000006,1
3673,5264,559.7554,1.4616844455470226,11.091664599354965,-6.109599999999972,1
