stock1,stock2,trade_capital,open,loss,reward,open_num
1102,2317,239.85025000000002,2.9250000000000016,20.10344827586205,0.3690000000000282,1
1303,2103,295.12,2.9250000000000016,20.10344827586205,-0.015899999999987813,1
1303,3406,772.69825,1.1433818417759427,7.290679890624436,-5.716499999999996,1
2103,2311,291.450375,2.9250000000000016,20.10344827586205,-0.4595249999999851,1
2105,2317,499.05050000000006,2.9250000000000016,20.10344827586205,1.2065000000000623,1
2311,3682,84.40775,2.9250000000000016,20.10344827586205,0.2176250000000053,1
2317,2882,246.33025,2.9250000000000016,20.10344827586205,0.758350000000064,1
2383,2915,372.39175,1.4616844455470226,11.091664599354965,0.6522500000000093,1
2448,2915,74.18372500000001,1.4616844455470226,11.091664599354965,0.03127500000000083,1
2823,3682,117.87292500000001,2.9250000000000016,20.10344827586205,0.3229250000000121,1
2885,2912,316.774125,1.8079859466287909,5.99999999999997,-0.22587499999998784,1
3406,6176,773.5672500000001,1.1433818417759427,7.290679890624436,0.7722500000000423,1
