stock1,stock2,trade_capital,open,loss,reward,open_num
2002,2891,142.5702,2.9250000000000016,20.10344827586205,0.3237999999999772,1
2002,3045,218.11700000000002,2.9250000000000016,20.10344827586205,0.4057500000000118,1
2002,6176,156.22359999999998,1.8079859466287909,5.99999999999997,0.055499999999995,1
2317,2354,811.5730000000001,2.9250000000000016,20.10344827586205,1.7145000000000437,1
2317,2356,172.04155000000003,1.4616844455470226,11.091664599354965,0.24155000000001792,1
2317,3231,170.22325,2.9250000000000016,20.10344827586205,0.38322500000002435,1
2317,5880,177.46825,1.8079859466287909,5.99999999999997,0.47100000000001785,1
2317,9945,217.56325,1.8079859466287909,5.99999999999997,0.3542500000000217,1
2344,2412,615.2075000000001,4.2079168858495475,14.57469752761706,1.9586000000000752,1
2356,2412,123.1855,2.9250000000000016,20.10344827586205,0.3116000000000021,1
2357,3045,755.58825,4.2079168858495475,14.57469752761706,2.782000000000039,1
2379,2891,201.17825000000002,2.9250000000000016,20.10344827586205,-0.31724999999998715,1
2882,6414,1464.375375,0.6133408446003465,20.043565348022334,-23.36812500000002,1
2892,3045,172.7851,2.9250000000000016,20.10344827586205,-0.07540000000000191,1
