stock1,stock2,trade_capital,open,loss,reward,open_num
1536,2352,211.199,0.6133408446003465,20.043565348022334,-0.3299999999999841,1
2379,2883,144.855,2.9250000000000016,20.10344827586205,0.3576750000000146,1
2615,3443,328.06275000000005,1.4616844455470226,11.091664599354965,2.2145000000000437,1
2892,3706,105.875325,2.9250000000000016,20.10344827586205,-0.5204749999999834,1
