stock1,stock2,trade_capital,open,loss,reward,open_num
1216,2382,175.59000000000003,2.9250000000000016,20.10344827586205,0.10675000000000523,1
1216,2449,246.32552500000003,2.9250000000000016,20.10344827586205,0.5431250000000034,1
1216,3481,230.76000000000002,2.9250000000000016,20.10344827586205,-0.4345249999999954,1
1216,9933,476.33000000000004,2.9250000000000016,20.10344827586205,-0.251199999999983,1
1326,1536,701.64,1.8079859466287909,5.99999999999997,-1.4689499999999924,1
1536,9910,510.04150000000004,1.4616844455470226,11.091664599354965,1.6705000000000325,1
1605,2371,22.97745,1.8079859466287909,5.99999999999997,0.06354999999999933,1
1605,2888,48.73500000000001,2.9250000000000016,20.10344827586205,-0.1311499999999981,1
2303,3682,59.625,0.6133408446003465,20.043565348022334,0.20017500000000332,1
2324,2408,138.35490000000001,1.8079859466287909,5.99999999999997,0.08295000000001096,1
2324,2880,100.86880000000001,1.8079859466287909,5.99999999999997,0.08492500000001257,1
2324,3682,57.89872500000001,1.8079859466287909,5.99999999999997,0.15662499999999824,1
2324,6239,197.44400000000002,1.8079859466287909,5.99999999999997,0.9376250000000113,1
2324,6285,299.200525,1.8079859466287909,5.99999999999997,0.20052500000002738,1
2324,9910,217.8,1.4616844455470226,11.091664599354965,0.8851250000000164,1
2337,3673,168.03412500000002,2.9250000000000016,20.10344827586205,0.7318750000000023,1
2353,6456,318.43600000000004,2.9250000000000016,20.10344827586205,-4.760749999999987,1
2347,3682,77.265,1.4616844455470226,11.091664599354965,0.12085000000000434,1
2371,2408,113.63305,0.6133408446003465,20.043565348022334,0.07030000000000314,1
2371,3532,139.14225,1.4616844455470226,11.091664599354965,0.1778499999999923,1
2449,3682,78.222375,1.4616844455470226,11.091664599354965,0.12812500000000426,1
2834,3406,341.865,9.98977440750324,24.99573317561555,1.4272250000000355,1
2885,2886,59.220125,2.9250000000000016,20.10344827586205,0.05332500000000451,1
2885,5871,125.19000000000001,2.9250000000000016,20.10344827586205,-0.40835000000000576,1
3406,3682,373.95000000000005,1.4616844455470226,11.091664599354965,-0.8728749999999508,1
3406,9910,1347.3575,1.1433818417759427,7.290679890624436,-18.602999999999952,1
3682,9910,171.45000000000002,1.1433818417759427,7.290679890624436,-0.5353750000000019,1
