stock1,stock2,trade_capital,open,loss,reward,open_num
1101,3045,582.552,1.8079859466287909,5.99999999999997,1.1000000000000512,1
1326,2409,149.1584,2.9250000000000016,20.10344827586205,0.2661500000000032,1
1326,6456,560.7,1.1433818417759427,7.290679890624436,-4.329399999999964,1
1536,2448,635.31,0.6133408446003465,20.043565348022334,1.7369500000000144,1
1477,1536,766.5175,1.4616844455470226,11.091664599354965,3.3307500000000516,1
1477,6456,1065.0625,0.6133408446003465,20.043565348022334,2.3290000000000077,1
1605,3044,175.0705,1.8079859466287909,5.99999999999997,0.4747500000000002,1
1909,2371,105.4195,1.4616844455470226,11.091664599354965,-0.264924999999991,1
2383,2448,472.317,0.6133408446003465,20.043565348022334,1.2477500000000248,1
2448,3019,276.78950000000003,0.6133408446003465,20.043565348022334,0.775650000000006,1
2448,3044,364.2528,1.4616844455470226,11.091664599354965,2.152799999999985,1
2448,6456,501.5285,1.1433818417759427,7.290679890624436,0.21475000000003774,1
2409,2474,362.45775000000003,1.8079859466287909,5.99999999999997,0.15525000000000233,1
2409,3019,167.7305,1.4616844455470226,11.091664599354965,-0.011374999999993918,1
2409,3034,160.2,2.9250000000000016,20.10344827586205,-0.2669999999999888,1
2409,3044,157.24625,1.8079859466287909,5.99999999999997,0.254000000000012,1
2409,3481,56.800650000000005,1.8079859466287909,5.99999999999997,0.2568500000000089,1
2409,6116,58.6662,1.1433818417759427,7.290679890624436,0.06037500000000584,1
2883,3034,146.025,2.9250000000000016,20.10344827586205,0.30580000000001206,1
