stock1,stock2,trade_capital,open,loss,reward,open_num
1477,2103,321.88282499999997,2.9250000000000016,20.10344827586205,1.628824999999992,1
1477,2409,169.952875,2.9250000000000016,20.10344827586205,0.9758750000000163,1
1216,2308,413.14575,2.9250000000000016,20.10344827586205,0.3377500000000566,1
1319,2377,429.8190000000001,1.4616844455470226,11.091664599354965,0.5316000000000258,1
1909,2881,113.71717500000001,0.6133408446003465,20.043565348022334,0.22157500000002273,1
2103,2377,471.5178,1.4616844455470226,11.091664599354965,1.9138000000000375,1
2103,2409,85.06729999999999,2.9250000000000016,20.10344827586205,0.1665750000000017,1
2103,2449,206.6748,1.4616844455470226,11.091664599354965,0.1726250000000107,1
2103,2801,119.510625,1.4616844455470226,11.091664599354965,0.11490000000000578,1
2324,2615,112.53095,1.8079859466287909,5.99999999999997,0.08095000000000852,1
2344,2345,220.56865,2.9250000000000016,20.10344827586205,-1.031350000000046,1
2345,2801,132.01795,1.4616844455470226,11.091664599354965,0.0882000000000076,1
2345,2884,136.8428,2.9250000000000016,20.10344827586205,-0.3694500000000005,1
2376,2618,112.55250000000001,1.4616844455470226,11.091664599354965,0.27479999999999905,1
2377,3019,188.03640000000001,1.4616844455470226,11.091664599354965,1.0614000000000203,1
2377,9945,210.5457,1.4616844455470226,11.091664599354965,0.36129999999998574,1
2439,2801,222.915125,1.8079859466287909,5.99999999999997,-0.5848749999999967,1
2409,2498,137.642875,2.9250000000000016,20.10344827586205,0.3307750000000311,1
2498,2618,148.0575,1.4616844455470226,11.091664599354965,0.06584999999999752,1
2498,2801,150.48000000000002,1.1433818417759427,7.290679890624436,0.09867500000000007,1
2610,2618,32.18686,1.4616844455470226,11.091664599354965,0.019360000000004263,1
2610,2801,93.26965000000001,2.9250000000000016,20.10344827586205,0.1020250000000189,1
2618,2881,120.1575,1.4616844455470226,11.091664599354965,0.16190000000000992,1
2801,2884,33.649125,1.4616844455470226,11.091664599354965,0.04667500000000402,1
2801,9904,116.84075000000001,1.4616844455470226,11.091664599354965,0.11137500000000244,1
2801,9910,215.193,1.4616844455470226,11.091664599354965,0.9136250000000103,1
2891,2912,285.3,2.9250000000000016,20.10344827586205,0.2733750000000015,1
2891,3019,118.49029999999999,2.9250000000000016,20.10344827586205,0.15867499999999524,1
2891,9904,149.76,2.9250000000000016,20.10344827586205,0.09987499999999727,1
