stock1,stock2,trade_capital,open,loss,reward,open_num
1402,2439,215.57615,0.9435904877199437,5.815110860515745,0.5761500000000126,1
1102,2603,59.3595,0.9435904877199437,5.815110860515745,0.10527500000001311,1
1102,3034,145.8,0.9435904877199437,5.815110860515745,0.3561000000000192,1
1722,3034,309.784625,2.733738993803925,15.5970472265867,0.7846250000000055,1
2049,2603,174.60000000000002,0.9435904877199437,5.815110860515745,0.45787500000000136,1
2049,9933,492.822,2.0386430465172296,8.888021209930221,0.7185000000000059,1
2201,9910,490.095,1.6102443547862653,20.593056549749527,3.1771750000000054,1
2330,3034,1098.35,2.733738993803925,15.5970472265867,3.8500000000000227,1
2353,2891,103.34857500000001,2.733738993803925,15.5970472265867,0.1841749999999962,1
2356,3702,194.535,9.881655957107576,24.92890762493331,-0.42407499999997356,1
2439,3702,295.1935,9.881655957107576,24.92890762493331,-0.972124999999977,1
2498,6285,770.75425,2.733738993803925,15.5970472265867,0.49085000000007994,1
2618,9910,151.27957500000002,2.9000315809028514,11.67323054059074,0.904075000000006,1
2603,2618,96.12,0.9435904877199437,5.815110860515745,0.23920000000001096,1
2603,2633,61.69500000000001,1.6102443547862653,20.593056549749527,0.09687499999999716,1
2603,6285,147.95884999999998,2.0386430465172296,8.888021209930221,0.4184750000000008,1
2867,2882,59.879200000000004,2.733738993803925,15.5970472265867,0.102800000000002,1
2883,9910,156.914275,2.733738993803925,15.5970472265867,-0.4357249999999979,1
2888,9910,342.53999999999996,0.9435904877199437,5.815110860515745,2.504480000000001,1
3034,3481,243.675,1.6102443547862653,20.593056549749527,0.5923750000000254,1
3034,3673,244.17000000000002,0.9435904877199437,5.815110860515745,1.4902000000000086,1
3702,9910,256.8645,2.733738993803925,15.5970472265867,-1.5079999999999814,1
3673,3702,229.59205,9.881655957107576,24.92890762493331,-0.07357499999997685,1
4904,9910,682.645,1.6102443547862653,20.593056549749527,0.4207499999999982,1
9910,9933,154.62455,2.0386430465172296,8.888021209930221,0.6490500000000026,1
