stock1,stock2,trade_capital,open,loss,reward,open_num
1314,2377,116.7317,2.733738993803925,15.5970472265867,-0.382249999999992,1
1314,2454,260.361,2.733738993803925,15.5970472265867,-0.7479499999999817,1
1101,1303,424.40425000000005,2.9000315809028514,11.67323054059074,0.22005000000007158,1
1326,2801,177.03405,0.9435904877199437,5.815110860515745,-1.5159499999999895,1
2356,2492,123.525,2.0386430465172296,8.888021209930221,0.04375000000000284,1
2354,2454,746.6504,2.0386430465172296,8.888021209930221,0.6806500000000426,1
2377,2454,481.8668,1.6102443547862653,20.593056549749527,0.14355000000003315,1
2382,2412,207.6739,2.0386430465172296,8.888021209930221,0.17240000000001032,1
2382,2823,320.8366,2.9000315809028514,11.67323054059074,-0.19649999999997192,1
2412,2498,582.0832,2.0386430465172296,8.888021209930221,0.9787000000000035,1
2412,2892,134.69765,2.0386430465172296,8.888021209930221,0.39765000000000583,1
2412,5880,156.5648,2.0386430465172296,8.888021209930221,0.26480000000000103,1
2409,5880,80.400375,0.9435904877199437,5.815110860515745,0.07752500000000317,1
