stock1,stock2,trade_capital,open,loss,reward,open_num
1590,3045,742.05,0.9435904877199437,5.815110860515745,1.2595000000000596,1
2105,4958,358.83000000000004,0.9435904877199437,5.815110860515745,0.0010499999999922238,1
2313,2354,170.04455000000002,0.9435904877199437,5.815110860515745,-0.00544999999999618,1
2313,3481,68.97372499999999,0.9435904877199437,5.815110860515745,0.08652500000000174,1
2313,4958,141.8085,0.9435904877199437,5.815110860515745,0.1268000000000029,1
2313,9945,118.472025,0.9435904877199437,5.815110860515745,0.022024999999999295,1
2330,4958,670.0365,1.6102443547862653,20.593056549749527,0.47340000000002647,1
2345,5264,692.298,0.9435904877199437,5.815110860515745,2.4207500000000266,1
2356,2823,174.7495,2.0386430465172296,8.888021209930221,-0.5757750000000073,1
2356,3231,153.88942500000002,2.0386430465172296,8.888021209930221,0.3536250000000223,1
2356,3706,184.143975,2.733738993803925,15.5970472265867,0.6578750000000468,1
2356,4958,188.66657500000002,0.9435904877199437,5.815110860515745,-1.1334249999999884,1
2377,2883,123.464525,2.733738993803925,15.5970472265867,0.21452500000000185,1
2474,3706,401.15700000000004,2.733738993803925,15.5970472265867,-3.6397499999999923,1
2610,3682,46.655885,0.9435904877199437,5.815110860515745,0.12348500000000584,1
2883,4958,100.19075000000001,2.733738993803925,15.5970472265867,0.23905000000000598,1
2891,3706,227.567375,2.733738993803925,15.5970472265867,-2.1027250000000066,1
2891,4904,165.401525,2.9000315809028514,11.67323054059074,0.10152500000000941,1
3231,5264,216.882375,1.6102443547862653,20.593056549749527,0.9053750000000065,1
3682,6176,98.8964,0.9435904877199437,5.815110860515745,-0.006599999999991724,1
