stock1,stock2,trade_capital,open,loss,reward,open_num
1477,2377,173.79,1.9500000000000013,5.0,0.409300000000016,1
1477,2409,170.402875,1.3000000000000007,23.0,0.47587500000001626,1
1477,2449,343.650125,1.6500000000000008,16.0,1.1961250000000234,1
1477,2474,734.85,2.2500000000000018,5.0,4.267000000000024,1
1319,2103,377.55,2.7500000000000018,15.0,0.9683500000000151,1
1319,2801,130.05,1.6500000000000008,16.0,0.13272500000000775,1
1909,2884,102.645,1.6500000000000008,16.0,0.22832500000000167,1
2105,2610,103.16965000000002,2.7500000000000018,15.0,-0.014249999999989882,1
2105,2801,139.9061,1.5000000000000009,5.0,0.12672500000000753,1
2103,2409,85.15729999999999,1.9500000000000013,5.0,0.06657500000000027,1
2103,2449,207.1445,1.3000000000000007,23.0,0.07232500000000641,1
2103,2884,158.39237500000002,1.6500000000000008,16.0,0.1009250000000037,1
2103,2886,75.50999999999999,1.7500000000000009,15.0,0.023925000000005525,1
2103,3034,596.2542750000001,1.9500000000000013,5.0,4.154275000000084,1
2308,2344,220.595,2.200000000000001,6.0,0.6602500000000049,1
2345,2801,132.01795,1.3000000000000007,23.0,0.0882000000000076,1
2345,3034,719.41925,2.7500000000000018,15.0,2.9192500000000337,1
2347,2886,182.567375,2.4000000000000017,10.0,0.272199999999998,1
2376,2618,112.55250000000001,1.8500000000000012,9.0,0.27479999999999905,1
2377,2801,162.206325,1.7500000000000009,15.0,0.5063250000000039,1
2377,2884,157.71145,1.3000000000000007,23.0,0.0992000000000246,1
2377,9945,210.26585,2.2500000000000018,5.0,0.46205000000001917,1
2449,2884,115.642375,1.3000000000000007,23.0,0.12225000000000108,1
2409,2449,75.7073,1.5000000000000009,5.0,0.1821749999999973,1
2409,2615,67.8323,1.6500000000000008,16.0,0.1453749999999978,1
2409,2618,72.79065,1.3000000000000007,23.0,0.09065000000000722,1
2409,2801,103.26115,1.3000000000000007,23.0,0.1817750000000018,1
2409,3019,100.47287500000002,1.4500000000000008,5.0,0.09317500000000933,1
2498,2801,150.48000000000002,1.3000000000000007,23.0,0.09867500000000007,1
2610,2801,93.26965000000001,2.7500000000000018,15.0,0.1020250000000189,1
2618,2881,120.1575,1.3000000000000007,23.0,0.16190000000000992,1
2615,3034,115.56,2.7500000000000018,15.0,-1.2909499999999916,1
2883,3034,151.5723,2.7500000000000018,15.0,0.3223000000000056,1
2881,2884,116.02440000000001,1.6500000000000008,16.0,0.11460000000001713,1
2891,9938,165.24,2.7500000000000018,15.0,0.12400000000002365,1
2891,9945,100.34389999999999,2.2500000000000018,5.0,0.13860000000000383,1
