stock1,stock2,trade_capital,open,loss,reward,open_num
1319,3231,182.92025,2.7500000000000018,15.0,-0.28409999999998803,1
1102,2356,69.57,2.7500000000000018,15.0,-0.115949999999998,1
1326,2409,144.277375,2.9000000000000017,20.0,-0.030624999999986358,1
1326,3231,210.01875,10.0,25.0,0.7707500000000067,1
1434,3045,189.310275,2.4000000000000017,10.0,0.3490250000000117,1
2303,2801,30.410475,1.3000000000000007,23.0,0.051925000000000665,1
2303,2888,96.07387500000002,1.8000000000000012,5.0,0.3128650000000093,1
2303,6269,192.960125,1.3000000000000007,23.0,-0.7898749999999808,1
2317,2409,162.907375,1.6500000000000008,16.0,0.4878750000000025,1
2317,2801,186.1805,2.200000000000001,6.0,0.45787500000000136,1
2330,5871,1083.39975,2.7500000000000018,15.0,1.8140000000000782,1
2354,2603,177.3313,2.200000000000001,6.0,-1.1790749999999974,1
2353,2409,52.62095,1.6500000000000008,16.0,0.07094999999999452,1
2356,2880,89.515525,1.6500000000000008,16.0,0.0655250000000045,1
2383,2498,521.1,1.6500000000000008,16.0,-0.8684999999999832,1
2409,2801,66.33442500000001,1.7500000000000009,15.0,0.14537499999999426,1
2409,6269,165.157375,2.1000000000000014,9.0,0.4841250000000059,1
2498,3045,626.21625,1.9500000000000013,5.0,-2.4884999999999877,1
2498,3231,187.06025,2.7500000000000018,15.0,-0.19114999999999327,1
2498,6269,419.52675,2.7500000000000018,15.0,-1.180250000000001,1
2881,3231,119.67525,10.0,25.0,0.7131000000000043,1
