stock1,stock2,trade_capital,open,loss,reward,open_num
2327,2382,604.0925,1.8500000000000012,9.0,1.5925000000000296,1
2454,2603,414.17550000000006,1.3000000000000007,23.0,-5.885249999999957,1
2603,6269,208.7095,2.9000000000000017,20.0,-2.3262500000000017,1
2603,6456,357.76025000000004,2.9000000000000017,20.0,-0.3004999999999711,1
