stock1,stock2,trade_capital,open,loss,reward,open_num
1102,2313,155.26675,1.4616844455470226,11.091664599354965,0.11675000000001745,1
1301,2409,132.57737500000002,1.4616844455470226,11.091664599354965,0.23887500000000728,1
2105,2409,121.23737500000001,1.4616844455470226,11.091664599354965,0.05807500000000232,1
2313,2409,76.757,1.4616844455470226,11.091664599354965,0.3323250000000044,1
2301,2409,107.288825,1.4616844455470226,11.091664599354965,0.3888250000000113,1
2301,3481,95.7775,1.9903685727286529,4.999999999999846,0.3494000000000099,1
2324,2409,81.17805000000001,1.4616844455470226,11.091664599354965,0.3780500000000053,1
2377,2409,135.167,1.8079859466287909,5.99999999999997,0.2849000000000146,1
2409,2439,194.20825000000002,1.4616844455470226,11.091664599354965,-0.2917499999999862,1
2409,2603,60.908500000000004,1.8079859466287909,5.99999999999997,0.15849999999999653,1
2409,3481,91.08737500000001,1.4616844455470226,11.091664599354965,0.2580999999999918,1
2409,9933,103.192375,1.4616844455470226,11.091664599354965,0.13807500000000772,1
2439,3481,181.35125000000002,1.1433818417759427,7.290679890624436,-0.03087499999998755,1
