stock1,stock2,trade_capital,open,loss,reward,open_num
2352,4938,119.39095,2.2011242403781104,9.193923024983164,0.16257500000001812,1
2383,2887,93.75915,2.9250000000000016,20.10344827586205,0.3091499999999954,1
2379,2448,190.45125000000002,1.1433818417759427,7.290679890624436,0.30090000000002703,1
3034,6116,133.4125,1.8079859466287909,5.99999999999997,-1.7533999999999956,1
