stock1,stock2,trade_capital,open,loss,reward,open_num
1101,2867,99.45442500000001,1.4616844455470226,11.091664599354965,0.09002499999999003,1
2330,2439,1040.4370000000001,1.4616844455470226,11.091664599354965,1.9370000000000545,1
2353,6239,141.169875,1.4616844455470226,11.091664599354965,0.025675000000006776,1
2892,6116,38.43,1.5278527918781692,16.150050761421287,0.03580000000000716,1
