stock1,stock2,trade_capital,open,loss,reward,open_num
1101,2618,56.0606,1.8079859466287909,5.99999999999997,0.061350000000004457,1
2313,2352,35.168800000000005,1.1433818417759427,7.290679890624436,0.09472500000000394,1
2313,6176,120.9265,1.4616844455470226,11.091664599354965,0.3057500000000033,1
2330,2352,192.571625,1.1433818417759427,7.290679890624436,0.9361250000000041,1
2352,3682,19.994025,1.1433818417759427,7.290679890624436,0.06842500000000129,1
2356,3702,90.90305000000001,2.9250000000000016,20.10344827586205,-0.440250000000006,1
2618,2880,29.4478,1.8079859466287909,5.99999999999997,0.10319999999999929,1
2884,2891,33.412925,3.254488356362935,7.52294907720547,0.04720000000000013,1
