stock1,stock2,trade_capital,open,loss,reward,open_num
1216,2492,89.595,1.4616844455470226,11.091664599354965,-0.5986499999999921,1
2105,2409,126.90935,1.8079859466287909,5.99999999999997,0.05935000000000912,1
2353,2492,107.5855,1.9903685727286529,4.999999999999846,0.28275000000000716,1
2356,9938,233.80425,1.1433818417759427,7.290679890624436,0.6302500000000038,1
2409,2449,87.90555,4.2079168858495475,14.57469752761706,-0.14009999999998968,1
2409,3706,87.94925,1.5278527918781692,16.150050761421287,0.16327499999999873,1
2409,6269,150.5738,0.6133408446003465,20.043565348022334,0.02380000000000848,1
2409,9904,100.32425,2.1048266865449103,22.69250838613482,0.0927250000000015,1
2492,2888,65.925,1.8079859466287909,5.99999999999997,-0.6590499999999935,1
2492,6269,517.56975,1.8079859466287909,5.99999999999997,1.2209500000000446,1
2888,2915,83.57445000000001,1.4616844455470226,11.091664599354965,-0.22554999999999836,1
