stock1,stock2,trade_capital,open,loss,reward,open_num
1102,3231,132.57612500000002,1.8079859466287909,5.99999999999997,0.09690000000000865,1
1504,2395,351.40200000000004,1.8916951729380467,12.846636259977194,-0.31399999999996453,1
2002,2106,195.9955,1.9903685727286529,4.999999999999846,0.33987500000000637,1
2395,2891,301.97625,2.9250000000000016,20.10344827586205,0.25950000000000273,1
2448,2542,120.45840000000001,1.4616844455470226,11.091664599354965,0.21145000000001346,1
