stock1,stock2,trade_capital,open,loss,reward,open_num
1216,2303,84.97460000000001,2.9250000000000016,20.10344827586205,0.2169499999999971,1
1101,2347,118.755,1.8079859466287909,5.99999999999997,0.25140000000001095,1
1101,2409,57.27760000000001,1.8916951729380467,12.846636259977194,-0.16107999999999834,1
1314,2409,67.248,4.2079168858495475,14.57469752761706,-0.132049999999996,1
2303,2912,268.60025,2.9250000000000016,20.10344827586205,-0.912124999999989,1
2308,2801,191.7,1.9903685727286529,4.999999999999846,-1.0683750000000032,1
2308,6116,143.0676,2.1048266865449103,22.69250838613482,0.3143500000000081,1
2313,6176,141.6103,1.1433818417759427,7.290679890624436,0.273050000000012,1
2313,6269,145.665,1.4616844455470226,11.091664599354965,0.3064000000000249,1
2313,9938,152.14499999999998,1.8079859466287909,5.99999999999997,0.19575000000001808,1
2354,6176,513.1334,1.4616844455470226,11.091664599354965,0.18340000000003442,1
2383,2880,116.02170000000001,3.254488356362935,7.52294907720547,0.3144500000000079,1
2439,2880,117.12004999999999,2.9250000000000016,20.10344827586205,0.4128000000000043,1
2439,6116,72.61505,1.1433818417759427,7.290679890624436,0.18772500000000036,1
2801,2882,100.71000000000001,1.4616844455470226,11.091664599354965,0.18162500000001103,1
2801,6116,49.896,1.1433818417759427,7.290679890624436,0.06661500000000586,1
2801,6176,129.58545,1.1433818417759427,7.290679890624436,0.19307500000001454,1
2880,2891,41.9812,3.508635996771593,16.51957223567391,0.13482500000000286,1
2884,9910,192.735,1.1433818417759427,7.290679890624436,0.5275000000000105,1
2882,3706,73.319075,1.8079859466287909,5.99999999999997,0.13307500000001227,1
2891,2912,288.5665,2.2011242403781104,9.193923024983164,-0.1834999999999809,1
3682,3706,103.39869999999999,1.1433818417759427,7.290679890624436,0.18470000000002074,1
3706,6116,32.770515,1.1433818417759427,7.290679890624436,0.037515000000004406,1
