stock1,stock2,trade_capital,open,loss,reward,open_num
1402,2337,39.890075,1.4616844455470226,11.091664599354965,-0.10992499999999694,1
1477,6116,180.22825,1.1433818417759427,7.290679890624436,0.27655000000001095,1
2347,2356,151.83245000000002,1.9903685727286529,4.999999999999846,-0.6925499999999829,1
2357,2888,559.06015,1.8079859466287909,5.99999999999997,-1.8398500000000233,1
2409,3706,100.618845,1.4616844455470226,11.091664599354965,-0.9011549999999957,1
2610,9904,69.4956,1.1433818417759427,7.290679890624436,-0.054400000000001114,1
3706,9945,144.73257500000003,1.4616844455470226,11.091664599354965,0.28257500000001556,1
6116,9914,648.5980000000001,1.1433818417759427,7.290679890624436,-0.6164699999999232,1
