stock1,stock2,trade_capital,open,loss,reward,open_num
1101,2801,115.71362500000001,1.4616844455470226,11.091664599354965,0.120900000000006,1
1704,2474,378.3797,1.1433818417759427,7.290679890624436,0.29820000000000846,1
2344,2354,128.72490000000002,1.4616844455470226,11.091664599354965,0.24877500000001618,1
2344,2492,80.6685,1.1433818417759427,7.290679890624436,0.2740750000000105,1
