stock1,stock2,trade_capital,open,loss,reward,open_num
1102,2105,92.01177500000001,2.1048266865449103,22.69250838613482,-0.23822499999998925,1
2105,2809,373.38907500000005,1.8079859466287909,5.99999999999997,0.48907500000005655,1
2308,2313,382.913,2.9250000000000016,20.10344827586205,0.16275000000001683,1
2308,2377,354.87800000000004,2.2011242403781104,9.193923024983164,0.6588000000000065,1
2308,2439,800.836,2.9250000000000016,20.10344827586205,1.065950000000072,1
2308,3189,374.49800000000005,1.9903685727286529,4.999999999999846,0.7259500000000116,1
2308,4958,981.605,2.9250000000000016,20.10344827586205,0.5910000000000366,1
2308,6269,833.7760000000001,2.2011242403781104,9.193923024983164,-0.18714999999994575,1
2324,2412,322.26587500000005,2.1048266865449103,22.69250838613482,0.5158750000000225,1
2324,2448,165.633,1.8079859466287909,5.99999999999997,0.23600000000001842,1
2356,2448,148.180125,2.9250000000000016,20.10344827586205,0.3714750000000109,1
2357,2823,366.975,1.1433818417759427,7.290679890624436,-0.1123749999999859,1
2383,2885,114.4504,2.2011242403781104,9.193923024983164,0.06977500000000703,1
2498,5871,315.81425,1.4616844455470226,11.091664599354965,0.28700000000002035,1
2542,3044,296.45550000000003,2.1048266865449103,22.69250838613482,0.21550000000002,1
2610,9904,89.360725,1.9903685727286529,4.999999999999846,0.15772500000001344,1
2809,2885,69.9173,2.2011242403781104,9.193923024983164,0.13667500000000388,1
2834,2885,44.09269499999999,3.254488356362935,7.52294907720547,0.09044500000000255,1
2880,2915,130.50395,2.2011242403781104,9.193923024983164,-0.4460499999999925,1
2880,3045,184.17475000000002,2.030242211571373,14.706692913385783,0.20600000000001728,1
2885,3481,82.96536499999999,1.8079859466287909,5.99999999999997,0.15536499999999975,1
