stock1,stock2,trade_capital,open,loss,reward,open_num
1326,2615,170.915875,1.4616844455470226,11.091664599354965,-0.02127499999998861,1
2610,2884,109.34,1.5278527918781692,16.150050761421287,0.08287000000001044,1
