stock1,stock2,trade_capital,open,loss,reward,open_num
2303,2352,61.328700000000005,1.8079859466287909,5.99999999999997,0.15325000000001054,1
2303,2377,122.9745,1.4616844455470226,11.091664599354965,0.054400000000001114,1
2313,2492,104.37265000000001,1.5278527918781692,16.150050761421287,0.18140000000001066,1
2345,2888,86.54805,4.2079168858495475,14.57469752761706,0.364175000000003,1
2347,2412,211.05,2.9250000000000016,20.10344827586205,0.5469000000000079,1
