stock1,stock2,trade_capital,open,loss,reward,open_num
2325,2449,174.41275000000002,2.1048266865449103,22.69250838613482,0.23090000000000543,1
