stock1,stock2,trade_capital,open,loss,reward,open_num
2204,2880,145.388125,1.9903685727286529,4.999999999999846,0.17080000000001405,1
2382,2454,541.13325,1.8916951729380467,12.846636259977194,1.1359999999999957,1
2603,2615,97.3113,1.4616844455470226,11.091664599354965,0.1916750000000036,1
2603,2884,73.82130000000001,2.9250000000000016,20.10344827586205,0.1807499999999962,1
2823,6116,92.01379000000001,1.1433818417759427,7.290679890624436,-0.28081000000000067,1
3706,5871,142.6346,1.8079859466287909,5.99999999999997,-0.26900000000000546,1
