stock1,stock2,trade_capital,open,loss,reward,open_num
2603,6505,146.7,1.8916951729380467,12.846636259977194,0.5043750000000102,1
2867,2882,59.9242,1.8079859466287909,5.99999999999997,0.05280000000000484,1
2883,9910,156.86435,1.9903685727286529,4.999999999999846,-0.4856500000000068,1
3034,3481,243.675,1.4616844455470226,11.091664599354965,0.5923750000000254,1
