stock1,stock2,trade_capital,open,loss,reward,open_num
1102,3231,66.096275,2.030242211571373,14.706692913385783,-0.05552499999999583,1
1303,3231,122.3845,2.030242211571373,14.706692913385783,0.25634999999999764,1
1704,3189,383.17755000000005,1.1433818417759427,7.290679890624436,1.325550000000007,1
2201,2883,68.73797499999999,1.1433818417759427,7.290679890624436,0.0916249999999934,1
2308,2324,231.2385,1.8079859466287909,5.99999999999997,0.3873750000000058,1
2308,2887,191.81425000000002,1.1433818417759427,7.290679890624436,0.20262500000001182,1
2449,9945,70.18667500000001,0.6133408446003465,20.043565348022334,0.0404250000000026,1
2801,2886,36.900325,1.4616844455470226,11.091664599354965,0.04112500000000452,1
2801,2888,96.18600000000002,2.9250000000000016,20.10344827586205,0.15037500000001103,1
2801,2890,58.007205,1.8916951729380467,12.846636259977194,0.03785500000000752,1
2801,2891,126.676625,1.8079859466287909,5.99999999999997,0.20215000000001027,1
2881,2891,156.02715,2.9250000000000016,20.10344827586205,0.2526500000000027,1
2912,6456,1140.56775,1.9903685727286529,4.999999999999846,2.6115000000000492,1
