stock1,stock2,trade_capital,open,loss,reward,open_num
2311,6116,46.598600000000005,1.1433818417759427,7.290679890624436,0.2247749999999975,1
2353,2377,110.13455,2.1048266865449103,22.69250838613482,0.28455000000000297,1
2357,2542,453.375,1.8079859466287909,5.99999999999997,0.49250000000003524,1
2377,2382,466.94624999999996,2.9250000000000016,20.10344827586205,1.6642500000000098,1
2610,4958,101.63425000000001,1.4616844455470226,11.091664599354965,-0.010950000000001125,1
2884,4958,137.9895,2.2011242403781104,9.193923024983164,0.48400000000000887,1
3702,6116,48.988525,3.254488356362935,7.52294907720547,-0.27867500000000334,1
