stock1,stock2,trade_capital,open,loss,reward,open_num
2317,2891,160.5086,3.254488356362935,7.52294907720547,-0.7051500000000033,1
2603,2888,58.518600000000006,2.9250000000000016,20.10344827586205,0.106850000000005,1
