stock1,stock2,trade_capital,open,loss,reward,open_num
1536,2885,194.86412500000003,2.9250000000000016,20.10344827586205,0.18312500000001108,1
1477,2409,332.50475,1.4616844455470226,11.091664599354965,-2.5407499999999814,1
1477,9945,251.97000000000003,2.9250000000000016,20.10344827586205,0.454899999999995,1
2308,9945,339.5215,2.9250000000000016,20.10344827586205,-1.5366249999999866,1
