stock1,stock2,trade_capital,open,loss,reward,open_num
1101,2891,139.1778,2.9250000000000016,20.10344827586205,0.2283000000000044,1
1536,2002,237.842125,2.9250000000000016,20.10344827586205,-0.3791249999999877,1
1722,2615,126.75957500000001,1.1433818417759427,7.290679890624436,0.3095750000000095,1
2330,2395,1497.4125,1.8079859466287909,5.99999999999997,0.6352500000000418,1
2330,2615,231.92400000000004,1.1433818417759427,7.290679890624436,0.12725000000001785,1
2352,2354,125.28885,1.1433818417759427,7.290679890624436,0.3529750000000078,1
2353,2615,97.644,1.1433818417759427,7.290679890624436,0.40097500000000963,1
2353,2891,60.01197500000001,1.8079859466287909,5.99999999999997,0.10227499999999878,1
2439,9910,569.716,1.4616844455470226,11.091664599354965,-2.9059999999999775,1
2834,2891,23.162580000000002,2.030242211571373,14.706692913385783,0.02268000000000292,1
3045,9904,229.92900000000003,1.8079859466287909,5.99999999999997,0.7852749999999844,1
