stock1,stock2,trade_capital,open,loss,reward,open_num
1216,2885,92.9937,1.4616844455470226,11.091664599354965,0.4053250000000119,1
1102,3481,118.79429999999999,1.8079859466287909,5.99999999999997,0.1589750000000123,1
1102,6176,100.8538,2.9250000000000016,20.10344827586205,-0.05945000000000533,1
1504,2409,129.91005,1.1433818417759427,7.290679890624436,0.28864999999998986,1
2049,6176,332.89459999999997,3.508635996771593,16.51957223567391,0.5793500000000051,1
2356,2887,76.095,1.4616844455470226,11.091664599354965,0.17272500000000335,1
2409,2439,177.23375,1.1433818417759427,7.290679890624436,0.38375000000000625,1
2454,2882,384.94350000000003,2.9250000000000016,20.10344827586205,-0.3634999999999877,1
2603,9910,192.960125,2.9250000000000016,20.10344827586205,-0.2898749999999808,1
2610,2892,87.82864500000001,2.2011242403781104,9.193923024983164,0.027845000000013442,1
2615,6505,139.29075,1.4616844455470226,11.091664599354965,-0.3092499999999916,1
2618,2884,120.4385,1.1433818417759427,7.290679890624436,0.21069999999999567,1
2618,6176,79.0812,4.2079168858495475,14.57469752761706,0.2812000000000019,1
2880,6505,152.67065000000002,1.8079859466287909,5.99999999999997,-0.5293499999999938,1
2884,6176,293.1596,1.1433818417759427,7.290679890624436,0.2096000000000373,1
3034,4904,639.04,1.4616844455470226,11.091664599354965,-2.9599999999999795,1
3481,4915,92.242875,1.8079859466287909,5.99999999999997,0.3552500000000052,1
