stock1,stock2,trade_capital,open,loss,reward,open_num
2301,2603,96.8289,1.4616844455470226,11.091664599354965,-0.20359999999999445,1
