stock1,stock2,trade_capital,open,loss,reward,open_num
1314,3034,154.240675,0.7123126470953718,5.0376563854822525,-0.10057499999999919,1
2049,2204,223.15875,1.4616844455470226,11.091664599354965,0.6482500000000044,1
2303,2885,100.8536,1.8079859466287909,5.99999999999997,0.289350000000006,1
2313,4904,164.00100000000003,1.5278527918781692,16.150050761421287,-1.2609999999999815,1
2377,2454,703.1560000000001,1.1433818417759427,7.290679890624436,0.9095000000000368,1
2377,4904,350.881625,1.4616844455470226,11.091664599354965,0.7033250000000351,1
2812,4904,107.76085,1.1433818417759427,7.290679890624436,0.081025000000011,1
2823,4904,135.48569999999998,1.4616844455470226,11.091664599354965,0.23669999999999902,1
2885,3231,40.279300000000006,1.8079859466287909,5.99999999999997,0.08670000000000044,1
4904,9910,224.1525,1.4616844455470226,11.091664599354965,1.2533499999999975,1
