stock1,stock2,trade_capital,open,loss,reward,open_num
1402,1909,142.621875,1.5278527918781692,16.150050761421287,-0.07499999999998863,1
1101,2330,345.21025,2.9250000000000016,20.10344827586205,-1.2959999999999923,1
1101,2885,124.6149,4.2079168858495475,14.57469752761706,-0.20384999999998854,1
2002,2311,139.617025,1.8079859466287909,5.99999999999997,0.3229000000000042,1
2002,2382,162.20775,1.8079859466287909,5.99999999999997,0.5886250000000075,1
1909,2049,231.631875,1.4616844455470226,11.091664599354965,-0.8723749999999768,1
1909,2356,54.717800000000004,1.8079859466287909,5.99999999999997,-0.08219999999999672,1
1909,2454,320.76812500000005,1.9903685727286529,4.999999999999846,-1.7318749999999739,1
1909,5264,198.95112500000002,1.4616844455470226,11.091664599354965,-0.29887499999998113,1
2105,2106,404.22105,2.2011242403781104,9.193923024983164,0.45125000000007276,1
2311,2330,669.1635000000001,1.5278527918781692,16.150050761421287,1.9719000000000904,1
2324,2603,123.61500000000001,1.4616844455470226,11.091664599354965,0.04360000000000497,1
2412,3682,160.1594,2.9250000000000016,20.10344827586205,0.45939999999999515,1
