stock1,stock2,trade_capital,open,loss,reward,open_num
1314,2885,78.46000000000001,1.8079859466287909,5.99999999999997,0.07550000000001234,1
1216,2353,107.46629999999999,3.254488356362935,7.52294907720547,0.3796749999999989,1
1216,2880,124.1163,1.1433818417759427,7.290679890624436,0.05192500000000422,1
1216,2885,103.96615,1.8079859466287909,5.99999999999997,0.1855250000000055,1
2103,2885,72.438175,1.8079859466287909,5.99999999999997,-0.36632499999999624,1
2308,2882,303.874,1.1433818417759427,7.290679890624436,0.023750000000035243,1
2308,2885,173.369375,1.8079859466287909,5.99999999999997,0.46912500000001955,1
2303,2618,130.4173,2.9250000000000016,20.10344827586205,0.29367500000000746,1
2345,2353,75.22040000000001,2.1048266865449103,22.69250838613482,0.18210000000000548,1
2345,2887,80.576625,2.9250000000000016,20.10344827586205,0.27062500000000256,1
2345,3481,66.26372,1.8079859466287909,5.99999999999997,0.11527000000000243,1
2347,2885,71.29050000000001,1.9903685727286529,4.999999999999846,0.1863000000000028,1
2618,2892,43.739999999999995,1.4616844455470226,11.091664599354965,0.07687500000000469,1
2885,2892,98.35225,1.4616844455470226,11.091664599354965,0.10225000000000506,1
2885,6116,64.8995,1.8079859466287909,5.99999999999997,-0.3549999999999933,1
