stock1,stock2,trade_capital,open,loss,reward,open_num
1326,2311,527.0567500000001,2.9250000000000016,20.10344827586205,0.4403000000000361,1
1326,2379,637.00275,1.4616844455470226,11.091664599354965,-8.107849999999985,1
1303,2353,136.29525,1.8079859466287909,5.99999999999997,0.3952500000000043,1
2308,2353,239.64000000000001,2.9250000000000016,20.10344827586205,0.14000000000001478,1
2377,2439,516.2245,1.4616844455470226,11.091664599354965,1.2245000000000061,1
