stock1,stock2,trade_capital,open,loss,reward,open_num
1402,2330,281.62300000000005,1.8079859466287909,5.99999999999997,0.7977500000000077,1
1605,2603,84.40027500000002,3.254488356362935,7.52294907720547,-0.08484999999998166,1
1909,2885,63.855000000000004,1.8079859466287909,5.99999999999997,0.193125000000002,1
1909,9910,177.3,1.1433818417759427,7.290679890624436,-1.7932500000000005,1
2311,2324,106.2834,1.1433818417759427,7.290679890624436,0.23507500000000903,1
2313,2324,32.33225,2.9250000000000016,20.10344827586205,-0.20062499999999694,1
2313,2352,123.61840000000001,2.9250000000000016,20.10344827586205,-0.94597499999999,1
2324,2801,81.677325,1.4616844455470226,11.091664599354965,0.1216749999999962,1
2379,2615,166.838625,1.8079859466287909,5.99999999999997,0.982625000000013,1
2618,4958,133.489375,2.2011242403781104,9.193923024983164,0.48857500000001153,1
2880,2884,142.74075000000002,4.471572794899045,12.523910733262484,0.47485000000000355,1
2891,5871,114.9089,1.8916951729380467,12.846636259977194,0.21955000000000524,1
3034,6285,607.37825,2.9250000000000016,20.10344827586205,3.054250000000053,1
