stock1,stock2,trade_capital,open,loss,reward,open_num
1319,2615,127.16999999999999,1.4616844455470226,11.091664599354965,0.13752500000000367,1
1101,2615,96.3,1.4616844455470226,11.091664599354965,0.089125000000017,1
2002,2615,100.89,1.4616844455470226,11.091664599354965,0.38102500000000816,1
2201,2603,156.91427500000003,1.1433818417759427,7.290679890624436,0.26427500000001913,1
2204,3673,79.785,0.6133408446003465,20.043565348022334,0.0667250000000017,1
2313,2383,138.96,1.4616844455470226,11.091664599354965,0.2177250000000015,1
2313,3706,36.405,1.4616844455470226,11.091664599354965,0.039175000000003735,1
2324,2912,336.940625,1.8079859466287909,5.99999999999997,1.2036250000000024,1
2324,3481,111.579375,2.9250000000000016,20.10344827586205,0.323750000000004,1
2324,3682,92.23862500000001,1.8916951729380467,12.846636259977194,0.20502500000000623,1
2376,3045,215.22742500000004,2.9250000000000016,20.10344827586205,0.6586750000000166,1
2376,3682,83.11500000000001,1.1433818417759427,7.290679890624436,0.11110000000000753,1
2371,2439,95.69565000000001,1.8079859466287909,5.99999999999997,-0.04767499999999103,1
2409,2439,123.19065,1.4616844455470226,11.091664599354965,0.05627500000001362,1
2409,3044,122.31625000000001,1.8079859466287909,5.99999999999997,0.3162500000000108,1
2409,4958,114.91525,1.8079859466287909,5.99999999999997,0.31775000000000375,1
2412,2618,181.125,1.8079859466287909,5.99999999999997,-0.30187499999999545,1
3682,3702,90.123625,1.4616844455470226,11.091664599354965,0.1586250000000078,1
