stock1,stock2,trade_capital,open,loss,reward,open_num
1326,2615,161.80395000000001,2.2011242403781104,9.193923024983164,-0.5564249999999902,1
1704,2408,207.14772499999998,2.9250000000000016,20.10344827586205,-1.6876499999999908,1
1605,2408,50.96522,2.1048266865449103,22.69250838613482,0.02769500000000491,1
2330,2887,198.864875,1.1433818417759427,7.290679890624436,-0.07212499999999267,1
2330,2891,231.16225,2.9250000000000016,20.10344827586205,0.6400000000000006,1
2330,4958,940.399,1.9903685727286529,4.999999999999846,1.0360000000000014,1
2352,2887,20.782975,1.4616844455470226,11.091664599354965,0.0671500000000016,1
2408,2498,265.242,3.254488356362935,7.52294907720547,0.48885000000001355,1
2823,3481,76.59434999999999,1.4616844455470226,11.091664599354965,0.2796250000000171,1
2887,4938,120.11487500000001,1.9903685727286529,4.999999999999846,0.1589750000000052,1
2887,4958,118.134875,1.9903685727286529,4.999999999999846,-0.4375749999999883,1
