stock1,stock2,trade_capital,open,loss,reward,open_num
1216,2618,124.9603,1.8916951729380467,12.846636259977194,0.3008000000000095,1
2330,2409,238.91950000000003,1.4616844455470226,11.091664599354965,0.38212500000001626,1
2383,2409,135.17534999999998,1.4616844455470226,11.091664599354965,0.03797500000000298,1
2618,3231,62.864374999999995,1.4616844455470226,11.091664599354965,0.09890000000000754,1
2885,3189,122.36655000000002,1.9903685727286529,4.999999999999846,0.15755000000000763,1
2885,3481,52.1717,3.254488356362935,7.52294907720547,0.36990000000000656,1
3034,5880,180.9215,2.9250000000000016,20.10344827586205,0.9676249999999982,1
