stock1,stock2,trade_capital,open,loss,reward,open_num
1303,2610,118.6748,1.4616844455470226,11.091664599354965,0.06280000000000285,1
1723,3702,376.291625,1.1433818417759427,7.290679890624436,0.6481250000000216,1
2353,2376,88.9475,1.4616844455470226,11.091664599354965,-0.6917499999999919,1
2353,2884,108.967425,1.9903685727286529,4.999999999999846,-0.6718249999999983,1
2371,2382,64.79338,1.1433818417759427,7.290679890624436,0.03368000000000215,1
2615,2912,237.06,1.8079859466287909,5.99999999999997,0.20400000000000773,1
2615,9933,80.741975,1.1433818417759427,7.290679890624436,0.12257500000001187,1
2885,2912,276.81325,2.1048266865449103,22.69250838613482,-0.174874999999993,1
