stock1,stock2,trade_capital,open,loss,reward,open_num
1303,2409,112.185,1.8079859466287909,5.99999999999997,0.16250000000000142,1
2106,2409,116.475025,2.2011242403781104,9.193923024983164,-0.5249749999999977,1
2303,2409,75.69,2.1048266865449103,22.69250838613482,0.1734000000000151,1
2317,2379,725.2999500000001,1.5278527918781692,16.150050761421287,0.831950000000063,1
2325,2409,111.03320000000001,3.254488356362935,7.52294907720547,-0.666799999999995,1
2324,2344,77.985,1.4616844455470226,11.091664599354965,0.11965000000000003,1
2324,2409,115.359375,1.8079859466287909,5.99999999999997,-0.5815749999999866,1
2324,9945,161.8613,1.8079859466287909,5.99999999999997,0.09230000000000871,1
2344,4958,91.81455000000001,1.8916951729380467,12.846636259977194,0.10179999999999012,1
2360,2492,137.76175,1.4616844455470226,11.091664599354965,0.18054999999999666,1
2379,2409,179.43045,2.9250000000000016,20.10344827586205,0.9304500000000147,1
2383,2409,144.09405,1.8079859466287909,5.99999999999997,0.023800000000001376,1
2383,2887,131.85,1.4616844455470226,11.091664599354965,0.029875000000004093,1
2412,2884,196.55175000000003,1.8079859466287909,5.99999999999997,0.6906250000000114,1
2409,2474,272.004375,1.4616844455470226,11.091664599354965,-0.6928749999999724,1
2409,2887,55.575,1.1433818417759427,7.290679890624436,0.15699999999998937,1
2409,9945,84.7438,1.5278527918781692,16.150050761421287,0.06709999999999638,1
2492,2845,77.16322500000001,2.2011242403781104,9.193923024983164,0.07902500000000146,1
2884,3481,27.722825,2.9250000000000016,20.10344827586205,0.05559999999999832,1
2887,3481,100.25375,4.2079168858495475,14.57469752761706,0.5420499999999961,1
