stock1,stock2,trade_capital,open,loss,reward,open_num
1216,2880,130.365,1.5278527918781692,16.150050761421287,0.03235000000000099,1
1476,2886,422.92825000000005,1.8916951729380467,12.846636259977194,1.5971250000000197,1
1476,2915,526.6532500000001,1.4616844455470226,11.091664599354965,1.173875000000038,1
1402,2345,146.437525,2.030242211571373,14.706692913385783,0.16202499999999986,1
1402,5264,224.17075,2.030242211571373,14.706692913385783,0.14525000000000432,1
2345,2439,357.76725,1.1433818417759427,7.290679890624436,-3.161749999999955,1
2324,2492,117.404775,2.9250000000000016,20.10344827586205,0.5081500000000005,1
2324,3034,193.64025,3.508635996771593,16.51957223567391,1.6940000000000168,1
2324,5264,206.62075,2.2011242403781104,9.193923024983164,0.17450000000000898,1
2324,6176,137.72424999999998,2.2011242403781104,9.193923024983164,0.17800000000000438,1
2383,2880,132.615,1.5278527918781692,16.150050761421287,0.028599999999997294,1
2886,3045,183.97362500000003,1.1433818417759427,7.290679890624436,0.22362500000001262,1
3045,3231,403.544,1.4616844455470226,11.091664599354965,0.8422500000000497,1
3045,4938,787.3172500000001,1.8079859466287909,5.99999999999997,1.3172500000000582,1
