stock1,stock2,trade_capital,open,loss,reward,open_num
1909,2823,97.785,1.1433818417759427,7.290679890624436,0.43612500000000054,1
1909,2888,76.78117499999999,1.8079859466287909,5.99999999999997,-0.8217250000000007,1
2105,3231,206.055,2.1048266865449103,22.69250838613482,0.2556750000000072,1
2313,2890,35.683975000000004,1.1433818417759427,7.290679890624436,0.09322500000000389,1
