stock1,stock2,trade_capital,open,loss,reward,open_num
2308,2883,170.90025000000003,1.4616844455470226,11.091664599354965,0.43727500000001385,1
2449,2474,313.88875,2.1048266865449103,22.69250838613482,0.7430000000000234,1
