stock1,stock2,trade_capital,open,loss,reward,open_num
1303,2395,668.529,2.1048266865449103,22.69250838613482,-1.5454999999999472,1
1802,2915,85.95645,2.9250000000000016,20.10344827586205,0.36230000000000473,1
2049,3682,157.732,1.8079859466287909,5.99999999999997,0.5051250000000138,1
2105,2439,339.18465000000003,1.8079859466287909,5.99999999999997,-0.4401500000000169,1
2308,2880,210.08175,2.9250000000000016,20.10344827586205,0.673000000000016,1
2330,2385,709.1970000000001,1.4616844455470226,11.091664599354965,0.8832500000000891,1
2353,9910,214.2245,4.2079168858495475,14.57469752761706,-1.579999999999984,1
2357,2883,305.07200000000006,1.8079859466287909,5.99999999999997,-0.7640999999999565,1
2371,3682,53.428875000000005,1.5278527918781692,16.150050761421287,0.11592500000000072,1
2439,2891,125.18225000000001,2.9250000000000016,20.10344827586205,-0.04634999999999678,1
2603,3682,81.39667499999999,1.8916951729380467,12.846636259977194,0.11980000000000501,1
2618,2823,39.58777500000001,2.9250000000000016,20.10344827586205,0.08692499999999725,1
2618,3034,199.27300000000002,1.4616844455470226,11.091664599354965,0.4368750000000148,1
2880,2883,74.36643,1.9903685727286529,4.999999999999846,0.1094300000000068,1
2880,2884,69.04442499999999,1.8079859466287909,5.99999999999997,0.13742500000000746,1
2880,3682,89.33475,1.1433818417759427,7.290679890624436,0.25787500000001273,1
2883,3034,142.54405,1.5278527918781692,16.150050761421287,0.3178000000000054,1
2883,3682,75.69524,1.8916951729380467,12.846636259977194,0.16836500000000498,1
2888,3682,69.0635,1.1433818417759427,7.290679890624436,0.04170000000001295,1
2891,3682,108.6058,2.9250000000000016,20.10344827586205,0.5285500000000027,1
3034,3682,163.22375,1.1433818417759427,7.290679890624436,-0.0031249999999900524,1
