stock1,stock2,trade_capital,open,loss,reward,open_num
1314,2352,17.123675000000002,1.4616844455470226,11.091664599354965,0.022624999999999673,1
1477,1605,185.933625,1.4616844455470226,11.091664599354965,0.24662500000000165,1
2201,2324,64.04589999999999,1.4616844455470226,11.091664599354965,0.09972499999999584,1
2337,2352,41.236250000000005,1.4616844455470226,11.091664599354965,0.13309999999999178,1
2337,3231,31.611174999999996,1.8079859466287909,5.99999999999997,0.0992999999999995,1
2354,2610,121.66220000000001,1.8916951729380467,12.846636259977194,0.059200000000011244,1
2801,3702,84.40417500000001,1.9903685727286529,4.999999999999846,0.11747499999999889,1
