stock1,stock2,trade_capital,open,loss,reward,open_num
1301,2887,129.3,1.9903685727286529,4.999999999999846,0.24405000000000854,1
2049,2887,187.07475000000002,1.8916951729380467,12.846636259977194,0.959750000000021,1
2201,2301,64.3489,1.5278527918781692,16.150050761421287,-0.25252499999999856,1
2352,2891,25.615175,2.2011242403781104,9.193923024983164,0.05995000000000239,1
2352,6116,35.853449999999995,1.4616844455470226,11.091664599354965,0.14300000000000068,1
2618,2888,70.26245,2.1048266865449103,22.69250838613482,-0.16189999999999571,1
2618,3702,133.472375,1.8079859466287909,5.99999999999997,0.23902500000001226,1
2888,6116,12.626550000000002,1.4616844455470226,11.091664599354965,0.029930000000001122,1
