stock1,stock2,trade_capital,open,loss,reward,open_num
1301,2313,160.52175,1.1433818417759427,7.290679890624436,-0.45349999999999113,1
2317,2498,252.6856,2.9250000000000016,20.10344827586205,0.3062500000000199,1
2330,2618,244.9875,1.8079859466287909,5.99999999999997,0.8525000000000063,1
2408,2801,85.396875,1.4616844455470226,11.091664599354965,-0.5339500000000044,1
2498,2887,134.73000000000002,1.4616844455470226,11.091664599354965,0.12492500000001172,1
2618,2823,101.0775,1.1433818417759427,7.290679890624436,0.09385000000000332,1
2801,3231,142.92015,1.1433818417759427,7.290679890624436,-0.12709999999999866,1
