stock1,stock2,trade_capital,open,loss,reward,open_num
1476,2448,540.18525,1.1433818417759427,7.290679890624436,1.4111249999999984,1
1326,1722,267.76300000000003,1.1433818417759427,7.290679890624436,0.27280000000004634,1
1326,2801,204.94212500000003,1.8079859466287909,5.99999999999997,0.44212500000001853,1
1326,6116,157.38225,2.9250000000000016,20.10344827586205,-0.49247499999997757,1
1722,2439,548.5998000000001,1.1433818417759427,7.290679890624436,2.108550000000065,1
1722,3443,468.79575,1.1433818417759427,7.290679890624436,0.7957499999999982,1
1434,1476,491.85,1.1433818417759427,7.290679890624436,-1.0693749999999795,1
1434,2448,194.985,1.1433818417759427,7.290679890624436,-0.5745999999999825,1
1434,3034,399.15000000000003,1.4616844455470226,11.091664599354965,0.5828750000000014,1
1434,6505,227.60807499999999,1.1433818417759427,7.290679890624436,0.8080749999999881,1
2324,2448,83.655,1.1433818417759427,7.290679890624436,-0.2891999999999868,1
2448,3702,136.79999999999998,1.1433818417759427,7.290679890624436,0.07155000000002332,1
2448,6456,338.85,1.1433818417759427,7.290679890624436,-2.3121249999999804,1
2618,2881,120.54565000000001,1.1433818417759427,7.290679890624436,0.05740000000000833,1
2618,6505,179.775,2.9250000000000016,20.10344827586205,0.44925000000000637,1
2883,2890,30.792675,1.8079859466287909,5.99999999999997,0.05042500000000416,1
2883,3034,194.7075,1.8079859466287909,5.99999999999997,0.4575000000000031,1
2883,5880,58.917675,1.8079859466287909,5.99999999999997,0.05347499999999883,1
2890,6456,227.36937500000002,2.1048266865449103,22.69250838613482,-0.12012499999997317,1
3034,5880,202.275,1.8079859466287909,5.99999999999997,-0.08749999999999147,1
3443,6456,1489.7620000000002,1.1433818417759427,7.290679890624436,3.2620000000000573,1
6116,6456,213.615,1.1433818417759427,7.290679890624436,-0.25617499999999893,1
