stock1,stock2,trade_capital,open,loss,reward,open_num
1303,1605,118.16999999999999,1.8079859466287909,5.99999999999997,0.052675000000014904,1
1303,3044,577.92875,0.6133408446003465,20.043565348022334,4.120100000000036,1
1326,2890,144.674625,1.1433818417759427,7.290679890624436,0.017125000000007162,1
1605,2360,247.82,2.9250000000000016,20.10344827586205,-1.1362499999999898,1
1605,2371,103.512125,1.1433818417759427,7.290679890624436,0.03162500000000179,1
1605,3044,152.91000000000003,1.4616844455470226,11.091664599354965,0.4440999999999917,1
1605,3443,416.06725,1.1433818417759427,7.290679890624436,1.111750000000015,1
2002,2882,117.64425,3.508635996771593,16.51957223567391,-0.08464999999999634,1
2317,3044,596.1045,0.6133408446003465,20.043565348022334,4.2045000000000385,1
2317,3231,212.83027500000003,1.1433818417759427,7.290679890624436,0.18027500000002306,1
2317,9904,244.89,4.2079168858495475,14.57469752761706,-1.2568749999999653,1
2330,2886,349.963625,2.9250000000000016,20.10344827586205,-1.5621249999999804,1
2330,3443,1057.11825,1.1433818417759427,7.290679890624436,0.8605000000000018,1
2330,9904,390.375,5.022148337595906,22.808695652173878,-2.148374999999959,1
2347,9904,136.59285,2.9250000000000016,20.10344827586205,-0.6207249999999789,1
2371,2382,287.32500000000005,1.1433818417759427,7.290679890624436,-0.9781249999999737,1
2382,3443,568.35,1.8079859466287909,5.99999999999997,-4.941249999999968,1
2610,3231,71.91,1.1433818417759427,7.290679890624436,0.1297750000000022,1
2610,3443,387.218,1.1433818417759427,7.290679890624436,-0.8402500000000046,1
2890,3231,69.613025,1.1433818417759427,7.290679890624436,0.08765000000000711,1
2890,3443,349.2,1.1433818417759427,7.290679890624436,0.16687500000001876,1
2890,3702,83.564625,1.1433818417759427,7.290679890624436,0.16890000000000782,1
2890,4904,119.8875,1.1433818417759427,7.290679890624436,0.2621250000000117,1
2890,4915,115.4941,1.4616844455470226,11.091664599354965,0.0687250000000148,1
2890,6269,143.10000000000002,1.1433818417759427,7.290679890624436,0.5103750000000105,1
3044,3231,471.946,0.6133408446003465,20.043565348022334,3.5796250000000356,1
3044,4938,605.7,1.1433818417759427,7.290679890624436,0.4882500000000505,1
4904,6269,434.70000000000005,2.9250000000000016,20.10344827586205,0.7732500000000186,1
