stock1,stock2,trade_capital,open,loss,reward,open_num
1227,2882,285.9842,1.1433818417759427,7.290679890624436,0.3622999999999976,1
1301,2448,272.65775,0.6133408446003465,20.043565348022334,0.8112500000000011,1
1301,2603,177.48275,1.1433818417759427,7.290679890624436,0.22175000000001432,1
1326,2881,757.40125,1.4616844455470226,11.091664599354965,1.7310500000000388,1
1314,1326,172.15325,2.9250000000000016,20.10344827586205,0.48150000000001114,1
1314,2379,174.15025000000003,1.1433818417759427,7.290679890624436,0.2281250000000199,1
1314,2823,74.7,1.9903685727286529,4.999999999999846,0.2748999999999988,1
1314,2892,31.560575,2.2011242403781104,9.193923024983164,0.049450000000000216,1
1314,3406,434.75875,2.2011242403781104,9.193923024983164,-0.6633749999999594,1
1314,3532,215.58800000000002,2.2011242403781104,9.193923024983164,0.9162500000000051,1
1314,6285,124.02555000000001,2.1048266865449103,22.69250838613482,0.3034250000000185,1
1590,3532,1429.6935,2.2011242403781104,9.193923024983164,-1.3024999999999523,1
2201,2376,184.63420000000002,1.8079859466287909,5.99999999999997,-1.7950499999999892,1
2448,2610,81.29615000000001,1.1433818417759427,7.290679890624436,0.17002500000000254,1
2448,2892,128.871,2.9250000000000016,20.10344827586205,-0.5084999999999908,1
2448,3532,321.680375,1.1433818417759427,7.290679890624436,-3.003624999999971,1
2610,2823,73.89,1.1433818417759427,7.290679890624436,0.12647500000000278,1
2610,2892,125.01387500000001,2.9250000000000016,20.10344827586205,0.24967500000000342,1
2610,6285,111.65055000000001,1.1433818417759427,7.290679890624436,0.07442500000001218,1
2801,2884,115.695,2.9250000000000016,20.10344827586205,0.15664999999999907,1
2892,3532,250.18875000000003,2.9250000000000016,20.10344827586205,0.8592500000000172,1
2892,6456,279.6445,3.508635996771593,16.51957223567391,-0.18499999999998806,1
2881,2882,101.05795,1.8916951729380467,12.846636259977194,0.24055000000001314,1
2884,2912,412.38050000000004,2.9250000000000016,20.10344827586205,0.13050000000004047,1
2882,2892,147.6681,2.9250000000000016,20.10344827586205,-0.3363999999999976,1
2882,9945,214.71810000000002,1.8079859466287909,5.99999999999997,0.1503500000000244,1
3532,6176,449.93500000000006,1.4616844455470226,11.091664599354965,2.7965000000000373,1
