stock1,stock2,trade_capital,open,loss,reward,open_num
1301,3019,494.2825,2.4325072358900095,10.699589966232447,-0.6493999999999573,1
1216,2618,126.1875,2.4325072358900095,10.699589966232447,0.05200000000000671,1
1216,3706,276.65999999999997,2.4325072358900095,10.699589966232447,0.8369500000000301,1
1101,5880,104.02385000000001,1.5038041133323725,19.282755645045146,0.1818500000000114,1
2317,2618,166.887875,2.4325072358900095,10.699589966232447,0.48337500000000944,1
2324,2887,103.893925,1.0971083893545064,12.780734874297824,0.09392500000000581,1
2324,3481,71.81955,1.0971083893545064,12.780734874297824,0.09012500000000045,1
2354,2823,198.5333,1.9264175557936942,7.2370125331967,-0.7115500000000026,1
2354,5880,150.615,3.2014590979045794,9.185272877944676,0.09845000000002813,1
2352,2618,73.11075,2.4325072358900095,10.699589966232447,0.2807500000000047,1
2352,5880,89.3459,1.0971083893545064,12.780734874297824,0.0039000000000086743,1
2357,3481,625.198,2.4325072358900095,10.699589966232447,0.3008750000000333,1
2371,2618,92.15200000000002,1.0971083893545064,12.780734874297824,0.25472500000000053,1
2383,5880,179.775,2.4325072358900095,10.699589966232447,0.4492500000000206,1
2454,4915,797.7176000000001,1.686532170119944,17.458312679686593,1.4046000000000447,1
2633,2883,58.5,3.6211730801830813,22.306323105610964,0.10219999999999985,1
2633,3481,75.825,1.0971083893545064,12.780734874297824,0.12325000000000763,1
2823,2887,116.18665,3.2014590979045794,9.185272877944676,-0.3839749999999995,1
2823,3481,159.95970000000003,1.9264175557936942,7.2370125331967,-0.4902999999999782,1
2618,2823,126.08665,3.6211730801830813,22.306323105610964,-0.40047499999999303,1
2618,3481,79.980575,1.0971083893545064,12.780734874297824,0.1684500000000071,1
2887,8464,376.67,1.5038041133323725,19.282755645045146,0.17437500000004036,1
3481,5880,82.95550000000001,1.0971083893545064,12.780734874297824,0.21350000000001046,1
