stock1,stock2,trade_capital,open,loss,reward,open_num
1504,2383,288.207,2.4325072358900095,10.699589966232447,1.045500000000004,1
1504,2474,504.38225,1.5038041133323725,19.282755645045146,-0.7784999999999798,1
1504,2633,128.09155,1.9264175557936942,7.2370125331967,0.09464999999999435,1
1504,3231,52.14965,2.8119307692307682,20.224307692307548,0.11734999999999829,1
1314,2327,237.14375,2.4325072358900095,10.699589966232447,-0.10624999999998863,1
1303,2610,381.69,2.5779913972888493,13.130344108446305,-0.6361499999999651,1
1303,3231,188.55,2.4325072358900095,10.699589966232447,-0.06462499999997817,1
2303,2439,282.143875,2.4325072358900095,10.699589966232447,0.28912500000001273,1
2303,3673,189.48600000000002,1.0971083893545064,12.780734874297824,0.4545000000000101,1
2303,6269,183.82500000000002,1.686532170119944,17.458312679686593,0.44250000000000966,1
2308,2327,823.7625,2.4325072358900095,10.699589966232447,3.2625000000001023,1
2308,6269,444.6625,2.4325072358900095,10.699589966232447,1.811500000000052,1
2371,2439,291.09450000000004,1.2511041713139057,15.999999999999872,-0.19662499999997607,1
2371,2474,432.38225,1.686532170119944,17.458312679686593,0.09037500000001586,1
2327,2439,1582.4715,1.686532170119944,17.458312679686593,-8.552249999999844,1
2383,2618,223.7815,2.4325072358900095,10.699589966232447,-2.856250000000003,1
2439,5264,415.194,1.9264175557936942,7.2370125331967,1.3400000000000318,1
2474,2618,457.31300000000005,1.5038041133323725,19.282755645045146,0.5630000000000308,1
2474,3019,2003.9895000000001,1.686532170119944,17.458312679686593,2.489500000000035,1
2474,3673,903.1500000000001,1.5038041133323725,19.282755645045146,3.487250000000074,1
2474,5264,561.53225,1.5038041133323725,19.282755645045146,0.6247500000000343,1
2603,3019,207.5555,1.5038041133323725,19.282755645045146,-1.5777499999999947,1
2633,3673,667.1428,2.02304897137745,5.627124329159388,4.097800000000078,1
3019,3231,222.75,1.0971083893545064,12.780734874297824,0.6272500000000036,1
3231,3673,246.79825,2.02304897137745,5.627124329159388,0.859250000000003,1
3231,6116,144.06324999999998,1.0971083893545064,12.780734874297824,0.08189999999999742,1
