stock1,stock2,trade_capital,open,loss,reward,open_num
1326,2379,847.99125,2.4325072358900095,10.699589966232447,3.1612500000000523,1
1476,2382,556.921,2.5779913972888493,13.130344108446305,-1.8797499999999445,1
1476,6116,331.021,1.0971083893545064,12.780734874297824,0.24487500000002882,1
1476,6269,710.269,1.0971083893545064,12.780734874297824,0.8907500000000255,1
1314,2379,171.933,1.5038041133323725,19.282755645045146,0.4755000000000109,1
1314,2891,132.88500000000002,2.5779913972888493,13.130344108446305,-0.3712500000000034,1
1704,2454,496.10150000000004,1.9264175557936942,7.2370125331967,-2.52812499999996,1
1704,2888,80.60320000000002,1.9264175557936942,7.2370125331967,0.17227500000000617,1
2103,2379,165.3429,1.9264175557936942,7.2370125331967,0.6346500000000077,1
2308,2809,190.35000000000002,1.0971083893545064,12.780734874297824,-1.116049999999987,1
2308,6116,169.65,1.0971083893545064,12.780734874297824,0.4661249999999981,1
2303,2308,191.925,1.9264175557936942,7.2370125331967,0.42900000000000205,1
2356,2454,410.633125,1.0971083893545064,12.780734874297824,-0.11687499999997897,1
2379,2454,644.85,2.4325072358900095,10.699589966232447,3.9177500000000123,1
2382,2888,64.55454999999999,1.9264175557936942,7.2370125331967,-0.30559999999998944,1
2454,2615,399.89925000000005,1.2335853575094577,9.677591515566052,0.39925000000003763,1
2891,6116,118.17,3.2014590979045794,9.185272877944676,0.20245000000001667,1
2888,6116,67.304325,1.0971083893545064,12.780734874297824,0.2425250000000112,1
