stock1,stock2,trade_capital,open,loss,reward,open_num
1102,2303,91.113125,1.8079859466287909,5.99999999999997,0.3631250000000037,1
1102,2633,145.08205,1.8079859466287909,5.99999999999997,0.3820500000000102,1
1314,2633,96.90615,1.1433818417759427,7.290679890624436,0.19565000000000765,1
1314,3673,164.25325,0.6133408446003465,20.043565348022334,0.5032500000000084,1
1314,5871,120.375,0.6133408446003465,20.043565348022334,0.049000000000006594,1
2303,2308,230.90312500000002,1.8079859466287909,5.99999999999997,-0.5968749999999758,1
2303,2317,149.218875,1.8079859466287909,5.99999999999997,-0.18842500000000229,1
2303,2912,320.76812500000005,1.8079859466287909,5.99999999999997,-1.2318749999999667,1
2303,3481,73.483875,2.9250000000000016,20.10344827586205,0.03765000000000285,1
2303,3673,156.50887500000002,2.9250000000000016,20.10344827586205,0.4983750000000029,1
2303,3702,94.723875,2.9250000000000016,20.10344827586205,0.30180000000000007,1
2303,5871,129.958875,1.8079859466287909,5.99999999999997,0.34292500000000103,1
2308,3702,342.66575,2.9250000000000016,20.10344827586205,0.4592500000000257,1
2311,2633,182.797875,1.8079859466287909,5.99999999999997,0.21417500000001155,1
2324,2633,182.5623,2.9250000000000016,20.10344827586205,0.36042500000000643,1
2324,2892,164.9887,2.9250000000000016,20.10344827586205,0.38682500000001596,1
2324,6456,243.0,1.8079859466287909,5.99999999999997,1.3423750000000325,1
2330,3481,639.4860000000001,2.9250000000000016,20.10344827586205,-4.720124999999911,1
2376,2892,72.85045000000001,2.9250000000000016,20.10344827586205,0.0849500000000134,1
2633,3231,165.15787500000002,1.8079859466287909,5.99999999999997,0.24357500000000698,1
2618,2892,108.51675,2.9250000000000016,20.10344827586205,0.3776500000000098,1
2618,2912,326.48425000000003,2.9250000000000016,20.10344827586205,-0.0021249999999639613,1
2618,3702,141.96145,2.9250000000000016,20.10344827586205,0.3750750000000238,1
2618,6456,218.925,1.8079859466287909,5.99999999999997,-0.36487499999999784,1
3673,5871,599.21625,2.9250000000000016,20.10344827586205,2.453649999999982,1
