stock1,stock2,trade_capital,open,loss,reward,open_num
1504,2618,105.14205000000001,2.9250000000000016,20.10344827586205,0.3920500000000118,1
1504,5880,108.451625,1.8079859466287909,5.99999999999997,0.08275000000000432,1
1477,2884,202.70975,1.8079859466287909,5.99999999999997,0.4267500000000126,1
2105,2884,136.2464,1.8079859466287909,5.99999999999997,0.1311500000000123,1
2308,2618,200.086,2.9250000000000016,20.10344827586205,0.17900000000001626,1
2308,5880,206.326625,1.8079859466287909,5.99999999999997,0.4188749999999999,1
2317,2618,166.786,2.9250000000000016,20.10344827586205,0.7337500000000148,1
2327,2385,709.9335000000001,2.9250000000000016,20.10344827586205,2.4335000000000377,1
2327,2618,403.39400000000006,2.9250000000000016,20.10344827586205,0.8940000000000481,1
2327,2887,361.948375,1.1433818417759427,7.290679890624436,0.6563750000000397,1
2357,3443,1801.333,0.6133408446003465,20.043565348022334,-16.322999999999865,1
2357,3532,725.3465,0.6133408446003465,20.043565348022334,-4.6647499999999695,1
2412,2887,158.46195,1.8079859466287909,5.99999999999997,0.46195000000001585,1
2412,2888,122.79325000000001,1.8079859466287909,5.99999999999997,0.4123500000000142,1
2412,6505,304.53650000000005,1.8079859466287909,5.99999999999997,1.0260000000000247,1
2454,9904,478.575875,1.8079859466287909,5.99999999999997,0.4808749999999975,1
2618,2887,42.40455,1.4616844455470226,11.091664599354965,0.08422500000000355,1
2618,3481,42.04455,1.4616844455470226,11.091664599354965,-0.01502499999999607,1
2618,3532,177.733,1.8079859466287909,5.99999999999997,0.7330000000000183,1
2618,5880,29.9372,1.8079859466287909,5.99999999999997,0.05252500000000282,1
2823,2887,40.169675,1.8079859466287909,5.99999999999997,-0.21450000000000102,1
2823,4943,618.3000000000001,1.8079859466287909,5.99999999999997,-17.755374999999958,1
2823,5871,219.14555000000001,2.9250000000000016,20.10344827586205,0.24892500000001405,1
2887,4943,600.847375,0.6133408446003465,20.043565348022334,0.3473750000000706,1
2888,4958,112.00500000000001,0.6133408446003465,20.043565348022334,0.16279999999999717,1
