stock1,stock2,trade_capital,open,loss,reward,open_num
2313,2376,187.21875000000003,0.6133408446003465,20.043565348022334,0.31875000000004405,1
2313,2615,122.26500000000001,1.1433818417759427,7.290679890624436,0.04585000000001571,1
2354,2376,578.17925,1.1433818417759427,7.290679890624436,-0.9241499999999974,1
2353,2356,86.020775,2.9250000000000016,20.10344827586205,-0.17922499999999886,1
2353,2371,124.7552,1.8079859466287909,5.99999999999997,-0.8967999999999847,1
2353,2376,121.9915,1.1433818417759427,7.290679890624436,-0.24064999999999515,1
2353,2615,146.0215,1.8079859466287909,5.99999999999997,-0.6800999999999817,1
2353,6269,199.7,1.8079859466287909,5.99999999999997,0.45000000000000284,1
2371,2615,74.09905,1.8079859466287909,5.99999999999997,-0.416924999999992,1
2371,2618,120.93560000000001,2.9250000000000016,20.10344827586205,0.45785000000000053,1
2371,6269,170.1,1.8079859466287909,5.99999999999997,-1.0323749999999876,1
2371,9933,107.75540000000001,2.9250000000000016,20.10344827586205,-0.42159999999998377,1
2409,2618,72.041775,2.9250000000000016,20.10344827586205,0.1417750000000062,1
2615,2883,79.860325,1.8079859466287909,5.99999999999997,0.07437500000000341,1
2615,6269,192.15,1.8079859466287909,5.99999999999997,0.4286250000000109,1
2618,3702,104.22,2.9250000000000016,20.10344827586205,0.3255499999999998,1
2618,6269,175.05,2.9250000000000016,20.10344827586205,0.4571250000000049,1
2823,3019,242.979,1.8079859466287909,5.99999999999997,0.36412500000000136,1
2883,3019,148.980325,1.8079859466287909,5.99999999999997,-0.14067499999998745,1
