stock1,stock2,trade_capital,open,loss,reward,open_num
1303,3034,311.0615,1.8079859466287909,5.99999999999997,0.3006499999999761,1
1301,9921,1045.8,2.9250000000000016,20.10344827586205,2.251000000000033,1
1504,3034,486.06450000000007,1.1433818417759427,7.290679890624436,0.7485000000000639,1
1605,2449,144.1824,1.8079859466287909,5.99999999999997,0.11570000000001102,1
1605,3034,170.554,1.8079859466287909,5.99999999999997,0.4755000000000038,1
1723,3034,573.3645,1.1433818417759427,7.290679890624436,1.601500000000044,1
1723,3682,157.32590000000002,1.1433818417759427,7.290679890624436,0.744400000000006,1
2317,6116,347.76975000000004,1.8079859466287909,5.99999999999997,0.971850000000039,1
2313,2357,374.72375000000005,2.9250000000000016,20.10344827586205,-1.1044999999999874,1
2313,2886,205.16375,2.9250000000000016,20.10344827586205,-0.12294999999998879,1
2344,2887,39.15,1.8079859466287909,5.99999999999997,0.08452500000000285,1
2356,3034,221.4215,1.1433818417759427,7.290679890624436,0.15050000000000807,1
2377,2888,98.73,1.8079859466287909,5.99999999999997,-0.26440000000000197,1
2376,2449,97.85300000000001,2.9250000000000016,20.10344827586205,0.1530000000000129,1
2376,3034,274.3878,1.8079859466287909,5.99999999999997,0.2878000000000185,1
2357,3034,613.8645000000001,1.8079859466287909,5.99999999999997,1.034750000000031,1
2449,2887,55.916000000000004,1.8079859466287909,5.99999999999997,0.06600000000000605,1
2449,3481,41.610675,2.9250000000000016,20.10344827586205,0.1354250000000068,1
2448,2474,447.011125,1.1433818417759427,7.290679890624436,0.2803750000000207,1
2542,5871,321.58425,1.8079859466287909,5.99999999999997,0.005150000000028854,1
2882,6269,540.088875,1.8079859466287909,5.99999999999997,2.6348750000000507,1
2887,3481,83.61,1.9903685727286529,4.999999999999846,0.21012500000000855,1
3034,9921,427.95000000000005,1.8079859466287909,5.99999999999997,1.7830000000000013,1
