stock1,stock2,trade_capital,open,loss,reward,open_num
1101,3481,93.296625,2.9250000000000016,20.10344827586205,0.05480000000000018,1
1909,2888,87.16975,1.8079859466287909,5.99999999999997,0.1634249999999966,1
2201,2327,405.0,1.1433818417759427,7.290679890624436,0.5731250000000472,1
2201,4938,166.275,2.9250000000000016,20.10344827586205,0.6714500000000214,1
2324,2377,172.821375,2.9250000000000016,20.10344827586205,0.67902500000001,1
2324,3481,81.05662500000001,2.9250000000000016,20.10344827586205,0.17505000000000592,1
2615,2883,63.540000000000006,1.8079859466287909,5.99999999999997,0.14372500000000699,1
