stock1,stock2,trade_capital,open,loss,reward,open_num
1102,1504,195.34500000000003,2.9250000000000016,20.10344827586205,0.07382499999998515,1
1319,2201,232.47000000000003,1.8079859466287909,5.99999999999997,0.4113500000000414,1
2201,2801,89.38575,1.8079859466287909,5.99999999999997,0.20885000000001241,1
2308,3443,981.5255000000001,1.1433818417759427,7.290679890624436,0.5255000000000791,1
2801,4943,452.72625000000005,1.8079859466287909,5.99999999999997,1.0067500000000393,1
2885,6269,166.74687500000002,2.9250000000000016,20.10344827586205,-0.016624999999990564,1
2890,6505,155.40050000000002,2.9250000000000016,20.10344827586205,0.30947499999999906,1
2892,3682,48.08776,1.8079859466287909,5.99999999999997,0.027760000000006002,1
