stock1,stock2,trade_capital,open,loss,reward,open_num
1301,2201,228.05287500000003,2.9250000000000016,20.10344827586205,0.1436750000000302,1
1301,6239,256.98515000000003,2.9250000000000016,20.10344827586205,-0.8123500000000092,1
1216,1301,216.09,2.9250000000000016,20.10344827586205,-0.6596999999999937,1
1216,3702,124.92765000000001,2.9250000000000016,20.10344827586205,-0.3987500000000068,1
1102,1319,170.3261,2.9250000000000016,20.10344827586205,0.42610000000001236,1
1434,2823,140.085,1.8079859466287909,5.99999999999997,0.3157000000000032,1
2201,2313,161.72287500000002,1.8079859466287909,5.99999999999997,0.25422500000001946,1
2201,2823,171.757875,1.8079859466287909,5.99999999999997,0.18757500000002025,1
2201,3231,170.593725,1.8079859466287909,5.99999999999997,0.2937250000000198,1
2201,3481,62.79157500000001,2.9250000000000016,20.10344827586205,0.14987499999999088,1
2201,5871,210.13432500000002,1.8079859466287909,5.99999999999997,0.08432500000002108,1
2201,6505,253.868625,1.8079859466287909,5.99999999999997,0.8686250000000229,1
2201,9945,200.88,2.9250000000000016,20.10344827586205,-0.5344999999999942,1
2313,5522,130.571375,1.1433818417759427,7.290679890624436,0.0980249999999998,1
2313,6505,565.7501000000001,0.6133408446003465,20.043565348022334,1.6001000000000403,1
2354,2891,178.58145000000002,1.8079859466287909,5.99999999999997,-0.08192499999998404,1
2354,6269,623.9893500000001,1.8079859466287909,5.99999999999997,0.505350000000135,1
2354,6505,870.4758,1.4616844455470226,11.091664599354965,-3.084199999999896,1
2492,6505,573.42205,1.8079859466287909,5.99999999999997,-2.5379499999999524,1
2618,6269,140.67000000000002,1.8079859466287909,5.99999999999997,-0.034749999999995396,1
2882,3702,149.13,2.9250000000000016,20.10344827586205,-0.8975750000000176,1
2912,9945,583.2,2.9250000000000016,20.10344827586205,0.2761250000000359,1
2915,4904,555.4084,1.8079859466287909,5.99999999999997,0.6204000000000178,1
2915,6505,502.47,1.8079859466287909,5.99999999999997,-2.734599999999972,1
6269,6505,631.18875,0.6133408446003465,20.043565348022334,1.4380500000000325,1
