stock1,stock2,trade_capital,open,loss,reward,open_num
1102,2317,234.1055,1.8079859466287909,5.99999999999997,0.12837500000000546,1
1102,2325,169.10315,1.9903685727286529,4.999999999999846,-0.22397499999999582,1
1102,2801,56.905950000000004,1.8079859466287909,5.99999999999997,0.060450000000003,1
1326,2317,812.2825,1.8079859466287909,5.99999999999997,1.538499999999999,1
1326,3231,208.770625,1.8079859466287909,5.99999999999997,-1.227374999999995,1
2105,2603,316.755,1.8079859466287909,5.99999999999997,-0.3282249999999891,1
2303,2330,322.5155,1.8079859466287909,5.99999999999997,0.26550000000000296,1
2303,2801,30.410475,1.8079859466287909,5.99999999999997,0.051925000000000665,1
2317,2801,186.1805,1.8079859466287909,5.99999999999997,0.45787500000000136,1
2325,2603,240.1826,2.9250000000000016,20.10344827586205,0.13069999999999027,1
2354,2801,168.70675,1.8079859466287909,5.99999999999997,-0.7158749999999969,1
2353,2884,80.1,2.9250000000000016,20.10344827586205,0.11612499999999137,1
2353,3231,141.936775,1.8079859466287909,5.99999999999997,-0.9132249999999882,1
2383,5871,821.16,1.8079859466287909,5.99999999999997,3.6239000000001056,1
2409,2801,66.33442500000001,1.8079859466287909,5.99999999999997,0.14537499999999426,1
2498,2880,143.375875,2.9250000000000016,20.10344827586205,0.22432500000000744,1
2801,2891,151.287375,1.8079859466287909,5.99999999999997,0.2109749999999906,1
2801,5871,159.610225,1.4616844455470226,11.091664599354965,0.01022500000000548,1
2801,9904,119.42060000000001,1.8079859466287909,5.99999999999997,0.07060000000000599,1
2880,3231,150.710475,2.9250000000000016,20.10344827586205,0.3613500000000016,1
