stock1,stock2,trade_capital,open,loss,reward,open_num
1303,2303,122.03999999999999,1.8079859466287909,5.99999999999997,0.19600000000001216,1
1303,2823,221.66125,1.8079859466287909,5.99999999999997,-0.29409999999997183,1
1101,2303,86.13,1.8079859466287909,5.99999999999997,0.3557000000000059,1
1101,2354,380.32405,1.8079859466287909,5.99999999999997,-0.6777499999999961,1
1301,2354,350.4996,2.9250000000000016,20.10344827586205,0.03074999999994077,1
1326,2354,183.54285,2.9250000000000016,20.10344827586205,-0.29009999999999536,1
1802,2303,67.6275,1.8079859466287909,5.99999999999997,0.4390000000000054,1
1802,3406,272.025,0.6133408446003465,20.043565348022334,0.2955000000000183,1
1802,3682,54.337500000000006,0.6133408446003465,20.043565348022334,0.06682500000001035,1
2105,2303,111.41999999999999,1.8079859466287909,5.99999999999997,0.31355000000000643,1
2105,2354,546.84,1.8079859466287909,5.99999999999997,-1.2109499999999684,1
2105,9945,381.68115,2.9250000000000016,20.10344827586205,0.8937750000000335,1
2308,9933,293.40000000000003,2.9250000000000016,20.10344827586205,0.8090500000000134,1
2303,2449,79.02,2.9250000000000016,20.10344827586205,0.36755000000000493,1
2303,2633,72.52015,1.8079859466287909,5.99999999999997,0.38165000000000404,1
2303,2801,50.012325,1.8079859466287909,5.99999999999997,0.21922500000001222,1
2303,2884,71.571575,1.8079859466287909,5.99999999999997,0.43307500000000587,1
2303,3189,134.7267,1.8079859466287909,5.99999999999997,0.28820000000000334,1
2303,6456,166.95,1.8079859466287909,5.99999999999997,0.22100000000000364,1
2303,9945,96.12650000000001,2.9250000000000016,20.10344827586205,0.34910000000000707,1
2354,2884,180.55787500000002,1.8079859466287909,5.99999999999997,0.014925000000005184,1
2354,9945,540.945,2.9250000000000016,20.10344827586205,-1.5505999999999887,1
2376,9933,341.685,2.9250000000000016,20.10344827586205,-0.2699249999999864,1
2880,3406,250.65,0.6133408446003465,20.043565348022334,5.0740000000000265,1
