stock1,stock2,trade_capital,open,loss,reward,open_num
1102,1303,208.536725,2.9250000000000016,20.10344827586205,0.13672499999999843,1
1216,2344,118.19465,2.9250000000000016,20.10344827586205,-0.18764999999999787,1
1216,2448,142.26965,2.9250000000000016,20.10344827586205,-0.22777499999998696,1
1605,9945,80.58120000000001,2.9250000000000016,20.10344827586205,0.2734750000000048,1
1909,2633,174.98712500000002,1.8079859466287909,5.99999999999997,0.18712500000001597,1
1909,2891,112.14,1.8079859466287909,5.99999999999997,0.11264999999999858,1
2105,2891,159.34500000000003,2.9250000000000016,20.10344827586205,0.08389999999999986,1
2347,2610,71.46000000000001,2.9250000000000016,20.10344827586205,0.13052500000001288,1
2347,2618,95.13000000000001,1.8079859466287909,5.99999999999997,-0.05870000000000175,1
2347,2809,184.62265000000002,1.4616844455470226,11.091664599354965,-0.1773499999999828,1
2344,2886,141.48000000000002,2.9250000000000016,20.10344827586205,-0.08602499999999225,1
2344,4904,289.59435,2.9250000000000016,20.10344827586205,0.3689500000000159,1
2376,2618,81.727225,1.9903685727286529,4.999999999999846,0.1272249999999957,1
2356,3673,207.02825,1.8079859466287909,5.99999999999997,0.9222500000000196,1
2603,2886,136.59480000000002,2.9250000000000016,20.10344827586205,-0.20519999999999072,1
2454,2809,339.3235,1.4616844455470226,11.091664599354965,-0.2907499999999743,1
2448,2886,167.76,2.9250000000000016,20.10344827586205,-0.12982499999998964,1
2448,9945,211.95000000000002,2.9250000000000016,20.10344827586205,-0.30332499999998674,1
2618,9945,46.10832500000001,1.8079859466287909,5.99999999999997,0.02544999999999753,1
2801,3034,200.11700000000002,2.9250000000000016,20.10344827586205,0.4361250000000183,1
2801,4904,356.355,2.9250000000000016,20.10344827586205,0.35465000000004565,1
2809,3673,243.4735,2.9250000000000016,20.10344827586205,0.867500000000021,1
2809,9910,270.5935,1.9903685727286529,4.999999999999846,0.8435000000000201,1
2886,3706,145.797275,2.9250000000000016,20.10344827586205,0.11240000000001515,1
