stock1,stock2,trade_capital,open,loss,reward,open_num
1301,2409,148.376625,1.1433818417759427,7.290679890624436,0.012925000000009845,1
1301,2454,1645.38,2.9250000000000016,20.10344827586205,7.242700000000127,1
1402,2454,376.425,1.8079859466287909,5.99999999999997,0.6207500000000152,1
1605,3481,71.91,1.8079859466287909,5.99999999999997,0.1297750000000022,1
2002,2317,204.99737500000003,1.8079859466287909,5.99999999999997,-0.2218249999999813,1
2337,3034,151.44475,1.8079859466287909,5.99999999999997,0.3161500000000004,1
2303,2409,39.191125,1.1433818417759427,7.290679890624436,0.04112499999999919,1
2439,3034,634.669,1.1433818417759427,7.290679890624436,1.5160000000000196,1
2409,2881,107.876625,1.8079859466287909,5.99999999999997,0.0804250000000053,1
2409,3673,147.72807500000002,1.1433818417759427,7.290679890624436,0.22807500000001824,1
2474,3034,501.30000000000007,2.9250000000000016,20.10344827586205,0.6622500000000002,1
3034,6456,758.3487500000001,1.1433818417759427,7.290679890624436,1.8285000000000764,1
3673,4938,554.58,2.9250000000000016,20.10344827586205,-0.5249000000000024,1
