stock1,stock2,trade_capital,open,loss,reward,open_num
1536,2204,245.33145000000002,1.8079859466287909,5.99999999999997,-1.5685499999999877,1
1536,2633,185.8555,2.9250000000000016,20.10344827586205,-0.4376999999999853,1
2303,2915,110.53635,1.1433818417759427,7.290679890624436,0.07510000000000616,1
2303,5264,145.125,1.8079859466287909,5.99999999999997,0.007750000000008583,1
2308,2603,214.425,2.9250000000000016,20.10344827586205,0.8907500000000255,1
2308,2885,220.954,1.8079859466287909,5.99999999999997,-0.3569999999999922,1
2308,6285,929.60925,3.254488356362935,7.52294907720547,2.024000000000001,1
2330,2603,387.90000000000003,1.8079859466287909,5.99999999999997,0.3520000000000394,1
2330,2915,793.9073500000001,1.8079859466287909,5.99999999999997,-0.9926499999999194,1
2379,3706,286.5695,1.4616844455470226,11.091664599354965,0.3195000000000192,1
2409,2603,107.9497,3.254488356362935,7.52294907720547,0.9772000000000105,1
2409,2890,59.01135,2.9250000000000016,20.10344827586205,-0.08864999999999945,1
2409,5264,148.95,1.8079859466287909,5.99999999999997,-0.4978749999999934,1
2409,9938,129.555375,1.8079859466287909,5.99999999999997,0.30537500000000506,1
2603,2812,53.370000000000005,2.9250000000000016,20.10344827586205,0.21060000000000123,1
2603,2890,59.560525,2.9250000000000016,20.10344827586205,-0.039474999999997706,1
6176,6269,459.17730000000006,2.9250000000000016,20.10344827586205,-6.527949999999947,1
