stock1,stock2,trade_capital,open,loss,reward,open_num
1402,1605,162.303225,2.1048266865449103,22.69250838613482,0.23660000000001702,1
1303,2618,418.87075000000004,2.9250000000000016,20.10344827586205,0.5207500000000493,1
1303,2801,148.53812500000004,1.8079859466287909,5.99999999999997,0.16592500000000143,1
1303,2891,164.424125,2.9250000000000016,20.10344827586205,-0.00807499999999095,1
1303,6116,346.17560000000003,2.9250000000000016,20.10344827586205,0.12185000000006596,1
1434,2886,188.95499999999998,2.9250000000000016,20.10344827586205,0.3341000000000207,1
1789,5264,277.826,2.9250000000000016,20.10344827586205,-0.195124999999976,1
1605,2317,163.58025,2.9250000000000016,20.10344827586205,0.24485000000001378,1
1605,2330,311.19,2.9250000000000016,20.10344827586205,0.7703750000000156,1
1605,2886,56.790000000000006,2.9250000000000016,20.10344827586205,0.10504999999999853,1
1605,5264,187.376,2.9250000000000016,20.10344827586205,0.20600000000001728,1
1605,9914,319.28000000000003,1.1433818417759427,7.290679890624436,0.9795000000000442,1
1605,9938,186.3775,2.9250000000000016,20.10344827586205,1.4578750000000014,1
1802,2409,69.66,1.8079859466287909,5.99999999999997,0.4830000000000041,1
1802,2801,97.25390000000002,1.8079859466287909,5.99999999999997,0.10390000000001365,1
2308,2801,204.42812500000002,1.8079859466287909,5.99999999999997,0.4218750000000284,1
2317,2801,187.46837500000004,1.8079859466287909,5.99999999999997,0.4683750000000231,1
2317,2886,224.66250000000002,2.9250000000000016,20.10344827586205,0.41250000000002274,1
2317,3231,435.12075000000004,2.9250000000000016,20.10344827586205,0.8272500000000207,1
2352,2801,102.24640000000001,1.8079859466287909,5.99999999999997,0.34640000000001336,1
2345,6116,147.37425000000002,0.6133408446003465,20.043565348022334,-0.22912499999998204,1
2409,6116,77.54090000000001,1.8079859466287909,5.99999999999997,0.22865000000000535,1
2801,9933,126.06062500000002,1.8079859466287909,5.99999999999997,0.3106250000000159,1
2633,2801,144.983125,1.8079859466287909,5.99999999999997,0.17147500000001514,1
2633,2886,44.904450000000004,1.8079859466287909,5.99999999999997,0.0789749999999998,1
2886,9938,233.14975,1.8079859466287909,5.99999999999997,0.1497500000000116,1
3231,5264,232.65025000000003,2.9250000000000016,20.10344827586205,1.380250000000018,1
