stock1,stock2,trade_capital,open,loss,reward,open_num
1314,2344,73.82022500000001,2.9250000000000016,20.10344827586205,-0.3197749999999928,1
1402,4915,189.964625,1.8079859466287909,5.99999999999997,-0.23537499999999056,1
2105,2891,150.90375,1.8079859466287909,5.99999999999997,0.16465000000000884,1
2313,6505,398.1535,0.6133408446003465,20.043565348022334,1.438500000000051,1
2317,2812,150.5786,2.9250000000000016,20.10344827586205,0.8053500000000042,1
2448,2891,104.793,1.8079859466287909,5.99999999999997,0.23815000000001874,1
2454,2915,462.46625000000006,2.9250000000000016,20.10344827586205,0.5142500000000325,1
2454,5264,747.48875,1.8079859466287909,5.99999999999997,1.337500000000034,1
2882,3702,281.717125,2.9250000000000016,20.10344827586205,0.2126750000000186,1
2891,2915,117.93300000000002,2.9250000000000016,20.10344827586205,0.21625000000001648,1
2891,4938,179.70375,2.9250000000000016,20.10344827586205,0.11665000000002124,1
3702,4915,257.05712500000004,1.8079859466287909,5.99999999999997,0.3536250000000223,1
