stock1,stock2,trade_capital,open,loss,reward,open_num
1301,1314,137.88,1.8079859466287909,5.99999999999997,-0.6791249999999991,1
1216,1434,195.89265,1.8079859466287909,5.99999999999997,0.5314000000000192,1
1216,3702,124.92765000000001,2.9250000000000016,20.10344827586205,-0.3987500000000068,1
2049,2891,263.25,4.2079168858495475,14.57469752761706,-2.6853749999999934,1
2204,3481,88.850125,2.9250000000000016,20.10344827586205,0.4122250000000065,1
2313,5522,130.571375,1.1433818417759427,7.290679890624436,0.0980249999999998,1
2345,2891,243.63400000000001,1.4616844455470226,11.091664599354965,-0.5659999999999457,1
2345,5871,312.21000000000004,0.6133408446003465,20.043565348022334,1.0772500000000207,1
2344,2912,233.59500000000003,1.4616844455470226,11.091664599354965,0.10992500000000405,1
2344,3481,55.30500000000001,2.9250000000000016,20.10344827586205,-0.14209999999999923,1
2354,2891,178.58145000000002,1.4616844455470226,11.091664599354965,-0.08192499999998404,1
2492,2884,127.1108,1.4616844455470226,11.091664599354965,0.04480000000000928,1
2492,2888,79.86147500000001,1.4616844455470226,11.091664599354965,-0.07600000000000051,1
2606,2888,69.387075,1.9903685727286529,4.999999999999846,-0.2601749999999967,1
2618,6269,140.4,2.9250000000000016,20.10344827586205,0.26525000000000887,1
2884,2888,86.33940000000001,1.8916951729380467,12.846636259977194,0.19554000000002247,1
2888,2915,89.86500000000001,1.5278527918781692,16.150050761421287,-0.24962499999999466,1
2891,3481,89.685,2.9250000000000016,20.10344827586205,-0.14947499999999536,1
2915,6505,503.46000000000004,1.1433818417759427,7.290679890624436,-3.8345999999999663,1
3481,3702,68.94000000000001,1.8079859466287909,5.99999999999997,0.08479999999999421,1
