stock1,stock2,trade_capital,open,loss,reward,open_num
1102,2308,443.70000000000005,1.4616844455470226,11.091664599354965,0.5086250000000234,1
1301,2618,157.33835,1.8079859466287909,5.99999999999997,0.2519750000000158,1
1314,5871,120.375,0.6133408446003465,20.043565348022334,0.049000000000006594,1
1314,6116,77.89500000000001,1.5278527918781692,16.150050761421287,0.06987500000001035,1
2303,2633,101.788875,4.2079168858495475,14.57469752761706,0.290025,1
2303,3673,156.50887500000002,2.9250000000000016,20.10344827586205,0.4983750000000029,1
2313,3231,69.93,1.8079859466287909,5.99999999999997,0.08315000000000339,1
2308,2324,261.6435,1.8079859466287909,5.99999999999997,0.34162500000002183,1
2311,2633,182.797875,1.8916951729380467,12.846636259977194,0.21417500000001155,1
2317,2324,179.46,1.4616844455470226,11.091664599354965,0.0004500000000007276,1
2317,6269,389.85765000000004,2.9250000000000016,20.10344827586205,-0.30135000000001355,1
2324,2633,182.5623,1.9903685727286529,4.999999999999846,0.36042500000000643,1
2324,2892,164.9887,2.9250000000000016,20.10344827586205,0.38682500000001596,1
2344,2618,68.715,1.5278527918781692,16.150050761421287,0.03525000000000489,1
2344,6269,184.73875,1.1433818417759427,7.290679890624436,0.4593750000000085,1
2356,2618,59.940000000000005,1.8079859466287909,5.99999999999997,0.19965000000000543,1
2356,2912,371.94125,1.4616844455470226,11.091664599354965,-0.05874999999996078,1
2376,2892,72.85045000000001,2.9250000000000016,20.10344827586205,0.0849500000000134,1
2633,2912,349.027875,1.4616844455470226,11.091664599354965,-0.06287499999996271,1
2633,3231,165.15787500000002,1.4616844455470226,11.091664599354965,0.24357500000000698,1
2633,5871,191.462375,1.4616844455470226,11.091664599354965,0.21237500000000864,1
2618,2633,81.135,1.4616844455470226,11.091664599354965,0.16432500000000516,1
2618,2892,108.51675,2.9250000000000016,20.10344827586205,0.3776500000000098,1
2618,2912,326.48425000000003,1.8916951729380467,12.846636259977194,-0.0021249999999639613,1
2618,3481,80.55369999999999,1.8916951729380467,12.846636259977194,0.36732500000000456,1
2618,3702,141.96145,2.9250000000000016,20.10344827586205,0.3750750000000238,1
2618,5871,135.9,1.1433818417759427,7.290679890624436,0.02312500000000739,1
2618,6456,218.925,1.8079859466287909,5.99999999999997,-0.36487499999999784,1
