stock1,stock2,trade_capital,open,loss,reward,open_num
1504,2383,288.207,2.9250000000000016,20.10344827586205,1.045500000000004,1
1402,2603,140.013125,1.8916951729380467,12.846636259977194,0.13640000000000896,1
1314,2303,49.410000000000004,1.1433818417759427,7.290679890624436,0.11734999999999651,1
1476,2474,1082.5645,1.8079859466287909,5.99999999999997,0.8192500000000678,1
1303,2327,496.80000000000007,1.8079859466287909,5.99999999999997,-0.3287499999999568,1
2301,2474,576.6565,2.9250000000000016,20.10344827586205,0.6003750000000423,1
2303,2439,282.143875,2.030242211571373,14.706692913385783,0.28912500000001273,1
2303,2618,41.196375,1.8916951729380467,12.846636259977194,0.08377499999999927,1
2303,2633,66.0711,1.4616844455470226,11.091664599354965,0.04687499999999645,1
2308,2382,225.25625000000002,1.1433818417759427,7.290679890624436,0.2511000000000223,1
2308,2474,1568.14425,1.8079859466287909,5.99999999999997,2.1442500000000564,1
2308,2610,510.03380000000004,1.1433818417759427,7.290679890624436,2.0338000000000136,1
2308,2888,204.29310000000004,1.9903685727286529,4.999999999999846,0.7931000000000239,1
2308,6269,445.11250000000007,1.1433818417759427,7.290679890624436,1.311500000000052,1
2371,2439,274.008125,2.9250000000000016,20.10344827586205,-0.4466249999999903,1
2371,2474,432.38225,1.1433818417759427,7.290679890624436,0.09037500000001586,1
2327,3019,978.03075,0.6133408446003465,20.043565348022334,1.030750000000026,1
2383,2618,223.7815,1.9903685727286529,4.999999999999846,-2.356999999999985,1
2382,2801,136.665,1.8079859466287909,5.99999999999997,0.021850000000014802,1
2474,3673,903.1500000000001,1.1433818417759427,7.290679890624436,3.487250000000074,1
2801,2823,106.22595000000001,1.8079859466287909,5.99999999999997,0.0779500000000084,1
2633,3673,666.9431,0.7123126470953718,5.0376563854822525,3.8981000000000705,1
3231,3673,246.79825,1.8079859466287909,5.99999999999997,0.859250000000003,1
