stock1,stock2,trade_capital,open,loss,reward,open_num
1319,6176,335.28705,1.1433818417759427,7.290679890624436,0.9520499999999998,1
1319,9910,422.315,1.4616844455470226,11.091664599354965,0.8430000000000177,1
1326,2618,165.25855,1.8079859466287909,5.99999999999997,-0.15994999999999493,1
1504,1536,271.235875,1.8079859466287909,5.99999999999997,0.5706250000000068,1
1504,6116,151.622225,1.4616844455470226,11.091664599354965,0.07222499999999599,1
1605,2439,277.289,1.1433818417759427,7.290679890624436,0.5492500000000291,1
1605,6116,38.6369,1.4616844455470226,11.091664599354965,-0.2602250000000019,1
2103,2360,210.51,1.1433818417759427,7.290679890624436,0.1483999999999952,1
2103,5871,479.230075,2.2011242403781104,9.193923024983164,0.8300750000000221,1
2103,6116,96.25540000000001,0.6133408446003465,20.043565348022334,-0.6946000000000012,1
2324,2448,214.328025,0.6133408446003465,20.043565348022334,0.4280249999999981,1
2325,2448,234.576625,0.6133408446003465,20.043565348022334,0.39059999999999917,1
2360,2915,419.89637500000003,1.8079859466287909,5.99999999999997,1.5858750000000157,1
2448,2606,271.71,1.4616844455470226,11.091664599354965,0.5456500000000091,1
2448,2618,140.04000000000002,1.1433818417759427,7.290679890624436,0.31577500000001635,1
2448,9910,305.55,1.1433818417759427,7.290679890624436,0.48925000000002683,1
2439,2448,418.621125,0.6133408446003465,20.043565348022334,0.6211250000000064,1
2618,5871,141.84,1.4616844455470226,11.091664599354965,0.21292499999999848,1
2618,6116,117.07412500000001,1.1433818417759427,7.290679890624436,0.12412499999999937,1
2618,6176,138.60000000000002,1.1433818417759427,7.290679890624436,-0.43070000000000164,1
2823,5871,138.09255,2.9250000000000016,20.10344827586205,0.0925500000000028,1
2915,5871,425.456475,2.9250000000000016,20.10344827586205,0.46367499999996653,1
6116,6176,131.26475000000002,1.1433818417759427,7.290679890624436,-1.30745000000001,1
