stock1,stock2,model_type,w1,w2,pval,snr,mu,stdev,skewness,Emu,Estd,action
1303,2834,model3,-0.3161499079822511,0.6838500920177489,0.9370553880604552,1.0717472833542612,0.14305452723048254,0.0005904948983558625,0.2702890756105951,0.14302949207975968,0.0005946820805997487,19
1227,2002,model3,-0.9177810782032548,0.08221892179674521,0.6005739436341403,0.3829386222999768,-3.7864198701478546,0.0007654266244519639,-0.4999995422370429,-3.786396802756983,0.0007585892685930093,5
2002,2376,model3,-0.07833147935610332,0.9216685206438966,0.7378487530477552,0.5673759741064204,3.049075051424811,0.0007877836020633584,0.036512255724785316,3.049079336333598,0.000789010217561109,5
2002,2884,model3,-0.2425683732086493,0.7574316267913508,0.7038401792708555,0.4178945305215188,1.4512384858407927,0.001220437769827375,0.00761273214212343,1.4512213993037948,0.0012219076583129401,24
2002,5880,model3,-0.3487524847521061,0.6512475152478939,0.7410324833337647,0.6181528690996607,0.6543568490242203,0.0011160139831863849,-0.1703833281257656,0.6543739313668198,0.0011168899782758221,9
2412,2834,model3,-0.7731022568770459,-0.2268977431229541,0.2778528118184859,1.0986057916901442,-4.091139651614504,0.0014473044610109904,-0.3189905164353716,-4.091208475088761,0.0014241169741260494,11
4938,5880,model3,-0.6243393075017462,0.37566069249825385,0.26582383165858825,0.8216937065445257,-1.7305756728061832,0.0007741502722712919,-0.4293220881273074,-1.7305455581262648,0.0007640326684008578,14
5880,9945,model3,-0.5939545262467123,0.40604547375328776,0.7805461608051529,1.144583887926905,-0.023883988243815737,0.000906294181143034,-0.06400153419003006,-0.023892539183170358,0.0009073288322032711,8
