stock1,stock2,model_type,w1,w2,pval,snr,mu,stdev,skewness,Emu,Estd,action
1102,2324,model3,-0.7631577444739087,0.2368422555260913,0.15611021109883935,1.2400797927534557,-1.823779195307114,0.0006776216071955344,-0.4408995057446704,-1.8238134801940584,0.0006652607781372188,24
1102,2834,model3,-0.5396533359505429,0.4603466640494572,0.09754627701656947,1.4813001430812658,-0.8252509211697648,0.0004964335060005441,-0.5630206243331831,-0.8252529567482613,0.0004971218997272794,8
1102,2890,model3,-0.5647698148580814,0.4352301851419186,0.09880466558311207,0.7291214288203549,-0.904537278223822,0.000553664289275995,-0.4365078082983505,-0.9045695080676176,0.0005405000515860928,10
