stock1,stock2,model_type,w1,w2,pval,snr,mu,stdev,skewness,Emu,Estd,action
1216,1319,model3,-0.5387930493304214,0.4612069506695787,0.2882818446761875,0.5910220980646241,-0.3778123474220015,0.0009922477597439283,-0.09017566308747164,-0.3777607610382021,0.0009707305452026623,15
