stock1,stock2,model_type,w1,w2,pval,snr,mu,stdev,skewness,Emu,Estd,action
2330,2347,model3,-0.3911699420039114,0.6088300579960885,0.018926029975657267,1.103863944821929,0.19301938180741868,0.0005800541484173334,0.0901389309225322,0.1929962683674855,0.0005840594489522585,4
