stock1,stock2,model_type,w1,w2,pval,snr,mu,stdev,skewness,Emu,Estd,action
2610,4904,model3,-0.3317990052201405,0.6682009947798594,0.009791269985507316,0.14082480970551092,2.0034556505020378,0.0016811627212257867,0.4035235752608352,2.0032354161603,0.0017184872563266894,4
