stock1,stock2,model_type,w1,w2,pval,snr,mu,stdev,skewness,Emu,Estd,action
1722,5871,model3,-0.5754823251701617,0.42451767482983815,0.014128921042157362,2.4277812008635458,-0.4289184891863244,0.00043746608725337896,0.6355016498639386,-0.4289151430156253,0.00043866662227117127,4
2347,5871,model3,-0.4938171712445182,0.5061828287554818,0.07376539601122843,1.6470763972449118,0.30373995633632955,0.000490543214953239,0.05587832636881453,0.3037116426324331,0.00048641210494404784,24
