stock1,stock2,model_type,w1,w2,pval,snr,mu,stdev,skewness,Emu,Estd,action
2325,3702,model3,-0.8705252246443224,0.12947477535567758,0.22193538298013368,0.33679131207558805,-2.99355559053258,0.001179541144710208,0.15129821804456126,-2.993612821386525,0.001189537885308096,8
2357,3702,model3,-0.7012742717506653,0.29872572824933474,0.2391567531797605,0.9551156450600634,-2.917092348760133,0.0007611147857502763,-0.9870967081244512,-2.9170925700571626,0.0007636169220566509,8
