stock1,stock2,model_type,w1,w2,pval,snr,mu,stdev,skewness,Emu,Estd,action
2344,2881,model3,0.2647261443568141,0.7352738556431859,0.12782853699379934,0.1518118843059569,3.294000566293683,0.0008931698645362658,-0.7613300887917924,3.29419651515856,0.0007404046771826758,24
