stock1,stock2,model_type,w1,w2,pval,snr,mu,stdev,skewness,Emu,Estd,action
2324,2891,model3,-0.36740070945403386,0.6325992905459662,0.0086805022937861,1.4944308743224881,0.6805294874063618,0.0009098279096164065,-0.20647374165022164,0.6805387082397099,0.0009115655411577087,5
