stock1,stock2,model_type,w1,w2,pval,snr,mu,stdev,skewness,Emu,Estd,action
1102,2888,model1,-0.3566574406742421,0.6433425593257579,0.8154295662269874,0.28403196484177995,-7.82961140465499e-06,0.0009925089611753208,0.3581215836748479,6.661338147750938e-16,0.0009960037509118636,5
