stock1,stock2,model_type,w1,w2,pval,snr,mu,stdev,skewness,Emu,Estd,action
2610,2890,model3,-0.7709379607688416,-0.2290620392311584,0.019219671014402945,0.5172534369042965,-2.2511211822920094,0.0005153953812093884,0.07406801502666807,-2.2512169158011157,0.0005099787828988799,24
