stock1,stock2,model_type,w1,w2,pval,snr,mu,stdev,skewness,Emu,Estd,action
1101,1722,model3,0.32956680084041673,0.6704331991595832,0.016854891966590357,0.1878247784321785,3.725591082686577,0.001168664252130535,0.8526639041244866,3.725422703504708,0.0010934318634809863,14
