stock1,stock2,model_type,w1,w2,pval,snr,mu,stdev,skewness,Emu,Estd,action
2845,2890,model3,-0.777414210187207,-0.2225857898127929,0.2060827267513699,1.1342667005218696,-2.20181509776526,0.0005300399325084256,0.16728944236457807,-2.2018039188431446,0.0005310856715257778,4
