stock1,stock2,model_type,w1,w2,pval,snr,mu,stdev,skewness,Emu,Estd,action
2408,2812,model3,-0.20000388677427072,0.7999961132257293,0.1309248173277776,1.08793730319975,1.0555355608154082,0.0004517026522511993,-0.02945349142920542,1.0555267638187762,0.0004541506170959837,9
