stock1,stock2,model_type,w1,w2,pval,snr,mu,stdev,skewness,Emu,Estd,action
1227,2890,model3,0.5931683236574348,0.4068316763425651,0.15603012094459495,0.3571163541611808,3.4815380846810275,0.0006574581670847034,-0.3926715145336001,3.481530054442304,0.0006534633579068823,8
1303,6176,model3,0.4481047967329891,0.5518952032670109,0.09776978110985884,0.5633450032332536,4.151429473475519,0.0007243160540093308,-0.04115333024568922,4.151397014380992,0.0007210493194968873,0
2886,2890,model3,-0.3002727781309629,0.6997272218690371,0.12506544029027794,0.3519584607934221,0.606365887525156,0.0007162240859252102,0.00759561888290408,0.6063082273473022,0.0007063796746639629,10
2886,6176,model3,-0.2047956607883236,0.7952043392116763,0.13028912552455693,1.3323050376892782,2.573378895672267,0.0007699217818357394,-0.22506455665126146,2.573365390503557,0.0007693131741129129,9
