stock1,stock2,trade_capital,open,loss,reward,open_num
1326,3481,151.75315,1.3000000000000007,23.0,0.11277500000001339,1
1314,2382,104.33425,1.7500000000000009,15.0,0.08440000000000225,1
1314,2888,41.3647,1.3000000000000007,23.0,0.03437499999999716,1
1314,3481,52.371325,1.3000000000000007,23.0,0.12132499999999524,1
1314,3706,76.07865000000001,1.3000000000000007,23.0,0.17790000000000106,1
2377,4915,152.86825,3.3500000000000023,16.0,0.257000000000005,1
2615,2888,111.59875000000001,1.3000000000000007,23.0,0.11765000000000825,1
2888,2892,54.028195000000004,1.9500000000000013,5.0,0.08101999999999521,1
2892,3706,104.895,1.3000000000000007,23.0,-0.17482499999999845,1
