stock1,stock2,trade_capital,open,loss,reward,open_num
1314,2231,332.90500000000003,1.3000000000000007,23.0,-0.2592499999999589,1
1314,4958,118.36075,0.5,10.0,0.0625000000000071,1
1402,2610,113.745325,2.7500000000000018,15.0,0.11760000000001725,1
1303,4943,475.6585,2.7500000000000018,15.0,2.262000000000029,1
2330,2454,1133.4825,3.3500000000000023,16.0,1.2652500000000941,1
2345,2884,153.47125,1.3000000000000007,23.0,0.15954999999999586,1
2884,4943,208.91125,1.3000000000000007,23.0,-0.33225000000000193,1
