stock1,stock2,trade_capital,open,loss,reward,open_num
1101,2317,627.5572500000001,2.1000000000000014,9.0,1.0572500000000105,1
1314,1536,200.64125,2.4000000000000017,10.0,0.4274999999999949,1
1314,2317,175.44125,1.9500000000000013,5.0,-0.7804999999999893,1
1314,2382,141.1879,2.4000000000000017,10.0,0.5379000000000076,1
1314,2884,107.188,1.3000000000000007,23.0,0.2308750000000046,1
1314,5871,142.68124999999998,2.4000000000000017,10.0,0.4242500000000149,1
1314,6269,181.941625,1.3000000000000007,23.0,0.7071250000000049,1
1314,9921,201.09125,1.3000000000000007,23.0,0.6760000000000019,1
1605,2618,136.9942,1.3000000000000007,23.0,0.24420000000001352,1
1605,3189,139.5903,1.3000000000000007,23.0,0.09030000000000626,1
2002,2317,468.29650000000004,1.3000000000000007,23.0,1.046500000000023,1
2002,2377,177.90040000000002,3.3500000000000023,16.0,0.1640250000000094,1
2308,2383,440.3385,1.3000000000000007,23.0,0.8385000000000105,1
2344,2885,83.38795,2.200000000000001,6.0,0.31432500000000374,1
2344,6116,79.155,1.3000000000000007,23.0,0.26747500000000457,1
2357,2382,376.64050000000003,2.7500000000000018,15.0,-2.886499999999984,1
2347,2383,205.13850000000002,1.3000000000000007,23.0,0.18125000000000568,1
2377,2618,121.98085,1.3000000000000007,23.0,0.10694999999999766,1
2371,3189,139.75875000000002,1.6500000000000008,16.0,0.3277000000000072,1
2371,4958,127.29935,1.7500000000000009,15.0,-1.099649999999997,1
2382,3189,489.4773,1.3000000000000007,23.0,0.3226999999999407,1
2382,6116,125.41475,1.3000000000000007,23.0,0.15124999999999744,1
2439,2618,306.53950000000003,1.3000000000000007,23.0,-1.7104999999999677,1
2439,3019,1503.283,1.3000000000000007,23.0,5.061750000000188,1
2439,3706,388.1815,1.3000000000000007,23.0,-1.3604999999999734,1
2618,2885,74.30160000000001,3.3500000000000023,16.0,0.42797500000000177,1
2618,3189,150.24300000000002,1.3000000000000007,23.0,0.31195000000001016,1
2883,6285,135.86505,3.3500000000000023,16.0,0.28887500000000443,1
3019,3673,895.4375,1.3000000000000007,23.0,3.095250000000078,1
3019,9921,887.134,2.200000000000001,6.0,-6.9422499999999445,1
3673,4958,679.9785,1.3000000000000007,23.0,2.9785000000000537,1
6116,6285,155.9657,1.3000000000000007,23.0,0.11570000000001102,1
