stock1,stock2,trade_capital,open,loss,reward,open_num
2330,6176,521.4095,2.2011242403781104,9.193923024983164,1.1660000000000252,1
