stock1,stock2,trade_capital,open,loss,reward,open_num
1216,2882,488.79,2.9250000000000016,20.10344827586205,0.5832500000000209,1
2330,2618,294.8345,1.4616844455470226,11.091664599354965,-0.2044999999999817,1
2618,2882,120.99565,1.1433818417759427,7.290679890624436,0.356650000000009,1
2801,2891,125.3377,1.8079859466287909,5.99999999999997,0.30185000000001594,1
2885,2891,145.64612499999998,1.4616844455470226,11.091664599354965,0.2183250000000072,1
