stock1,stock2,trade_capital,open,loss,reward,open_num
2002,2834,43.393475,1.8079859466287909,5.99999999999997,0.031525000000005576,1
