stock1,stock2,trade_capital,open,loss,reward,open_num
2454,2884,405.53275,2.9250000000000016,20.10344827586205,0.6248750000000314,1
2867,2884,119.26775,1.9903685727286529,4.999999999999846,0.06460000000000576,1
