stock1,stock2,trade_capital,open,loss,reward,open_num
2603,2823,70.745375,1.1433818417759427,7.290679890624436,0.08667499999999606,1
2882,5880,116.2535,2.030242211571373,14.706692913385783,-0.2819499999999948,1
