stock1,stock2,trade_capital,open,loss,reward,open_num
2344,2881,298.85105000000004,1.1433818417759427,7.290679890624436,0.25105000000002065,1
2449,2881,275.73280000000005,1.5278527918781692,16.150050761421287,0.2716750000000445,1
2449,2890,68.212,0.6133408446003465,20.043565348022334,-0.15507499999999652,1
