stock1,stock2,trade_capital,open,loss,reward,open_num
2344,4958,122.466025,1.3000000000000007,23.0,0.06602500000000333,1
2354,2603,136.59480000000002,1.3000000000000007,23.0,-0.20519999999999072,1
2448,5871,222.61557499999998,1.3000000000000007,23.0,0.6155749999999927,1
2454,2603,392.90975000000003,1.3000000000000007,23.0,0.15975000000004513,1
