stock1,stock2,trade_capital,open,loss,reward,open_num
1704,2412,540.781225,1.3000000000000007,23.0,1.6024749999999912,1
1802,5871,179.55,1.3000000000000007,23.0,0.20000000000000284,1
2105,2412,342.931,1.3000000000000007,23.0,0.9837499999999935,1
2308,2412,596.25,1.3000000000000007,23.0,2.001749999999987,1
2308,3034,754.65,1.3000000000000007,23.0,-1.2577499999999873,1
2308,6116,532.035,0.5,10.0,1.6095250000000334,1
2327,2412,1422.0,1.3000000000000007,23.0,5.118749999999977,1
