stock1,stock2,trade_capital,open,loss,reward,open_num
2409,2888,64.125,1.3000000000000007,23.0,0.19267500000000481,1
