stock1,stock2,trade_capital,open,loss,reward,open_num
1301,1802,190.96312500000002,1.3000000000000007,23.0,0.21312500000001933,1
1301,2618,164.45295000000002,1.3000000000000007,23.0,0.4529500000000155,1
1301,3706,137.842925,1.3000000000000007,23.0,0.34292500000000814,1
1314,2301,93.42,1.3000000000000007,23.0,0.09392500000000581,1
1314,2618,83.79,1.3000000000000007,23.0,0.10997500000000571,1
1314,3706,86.895,1.3000000000000007,23.0,0.10480000000000445,1
