stock1,stock2,trade_capital,open,loss,reward,open_num
1477,6285,658.6200000000001,1.3000000000000007,23.0,2.896300000000082,1
2308,2344,201.19775,1.3000000000000007,23.0,0.4477500000000134,1
2347,6505,585.4425,1.3000000000000007,23.0,1.6153750000000215,1
2379,2383,786.6984,0.5,10.0,1.2071500000000697,1
2385,6505,279.267,1.3000000000000007,23.0,0.5710000000000051,1
3231,5880,36.44525,1.3000000000000007,23.0,-0.10474999999999568,1
3231,9904,114.03000000000002,1.3000000000000007,23.0,0.3591249999999988,1
