stock1,stock2,trade_capital,open,loss,reward,open_num
1326,3231,198.951125,1.3000000000000007,23.0,-1.5488749999999953,1
1303,2356,89.685,1.3000000000000007,23.0,0.05022500000000463,1
2327,2356,500.498125,1.3000000000000007,23.0,1.4981250000000301,1
2337,3231,36.64495,1.3000000000000007,23.0,0.044950000000000045,1
2409,3231,121.6173,1.3000000000000007,23.0,-0.08270000000000266,1
