stock1,stock2,trade_capital,open,loss,reward,open_num
2345,2492,422.37300000000005,0.5,10.0,-1.645749999999964,1
2360,3034,762.75,0.5,10.0,1.225000000000108,1
