stock1,stock2,trade_capital,open,loss,reward,open_num
1909,3673,160.92000000000002,1.3000000000000007,23.0,0.23105000000001752,1
2327,2371,1058.160375,0.5,10.0,-22.589624999999984,1
2371,2492,569.145,1.3000000000000007,23.0,-13.10499999999999,1
2371,3673,458.41135,1.3000000000000007,23.0,1.6113500000000158,1
2454,2492,1264.95,1.3000000000000007,23.0,4.881250000000023,1
2454,3673,504.90000000000003,1.3000000000000007,23.0,1.1555000000000746,1
2454,6456,989.1000000000001,1.3000000000000007,23.0,-5.1432499999999095,1
