stock1,stock2,trade_capital,open,loss,reward,open_num
2204,2618,88.8665,1.3000000000000007,23.0,0.11650000000000205,1
2308,4915,564.75,1.3000000000000007,23.0,1.0557500000000175,1
2344,4915,258.79499999999996,1.3000000000000007,23.0,0.5172500000000255,1
