stock1,stock2,trade_capital,open,loss,reward,open_num
1326,2308,599.296,0.5,10.0,3.016000000000048,1
1402,2049,412.80510000000004,0.5,10.0,2.02409999999999,1
1402,2454,370.19475,0.5,10.0,-4.270150000000001,1
1477,2890,158.62867500000002,0.5,10.0,0.24267500000001263,1
1789,2345,348.16225,0.5,10.0,0.6942500000000109,1
1789,3034,484.712625,0.5,10.0,1.4658750000000396,1
2231,2379,825.67875,0.5,10.0,3.2145000000000437,1
2308,2379,669.07875,0.5,10.0,4.474000000000046,1
