stock1,stock2,trade_capital,open,loss,reward,open_num
2633,5871,623.4634000000001,1.3000000000000007,23.0,-2.8365999999999474,1
