stock1,stock2,trade_capital,open,loss,reward,open_num
1303,3044,577.92875,0.5,10.0,4.120100000000036,1
2317,3044,596.1045,0.5,10.0,4.2045000000000385,1
3481,6269,157.05,0.5,10.0,0.23750000000001137,1
