stock1,stock2,trade_capital,open,loss,reward,open_num
1477,3532,690.75,0.5,10.0,1.3450000000000415,1
2325,4943,867.24,0.5,10.0,-10.43189999999992,1
2345,5880,205.940625,1.3000000000000007,23.0,-0.05937499999998863,1
2344,2610,86.4701,1.3000000000000007,23.0,0.17010000000000502,1
2344,2887,146.18040000000002,1.3000000000000007,23.0,0.3304000000000258,1
2492,2887,182.7255,1.3000000000000007,23.0,1.225500000000011,1
2492,4943,931.985,0.5,10.0,-10.021749999999912,1
2812,2887,79.48060000000001,1.3000000000000007,23.0,0.23060000000000258,1
3532,5880,201.946625,1.3000000000000007,23.0,0.4466250000000116,1
