stock1,stock2,trade_capital,open,loss,reward,open_num
1504,3532,422.95500000000004,0.5,10.0,3.2391500000000306,1
1314,1476,442.3355,1.3000000000000007,23.0,0.08550000000005298,1
2049,3532,722.67825,0.5,10.0,1.3270000000000834,1
