stock1,stock2,trade_capital,open,loss,reward,open_num
2337,2474,581.3766250000001,1.3000000000000007,23.0,-1.6233749999999532,1
2327,5264,1022.3050000000001,0.5,10.0,1.9122500000000855,1
2377,5264,610.923,0.5,10.0,1.5325000000000273,1
3532,5264,568.9860000000001,0.5,10.0,1.0955000000000155,1
