stock1,stock2,trade_capital,open,loss,reward,open_num
1102,1504,111.825,1.3000000000000007,23.0,0.16310000000000713,1
1536,2360,1077.699,0.5,10.0,5.780250000000137,1
1536,3008,3737.995,0.5,10.0,18.850000000000023,1
1477,3008,4171.575000000001,0.5,10.0,23.606250000000273,1
1477,4943,1155.93875,0.5,10.0,1.2015000000000668,1
2049,3019,487.46250000000003,0.5,10.0,0.7237500000000523,1
2360,2883,117.801,0.5,10.0,1.301415000000011,1
2360,3532,773.1565,0.5,10.0,1.741500000000059,1
