stock1,stock2,trade_capital,open,loss,reward,open_num
2337,3481,88.71672500000001,1.3000000000000007,23.0,0.16672500000001378,1
