stock1,stock2,trade_capital,open,loss,reward,open_num
1605,2379,216.675,1.3000000000000007,23.0,0.13812500000001648,1
2327,2379,1192.0500000000002,1.3000000000000007,23.0,4.00425000000007,1
