stock1,stock2,trade_capital,open,loss,reward,open_num
1802,2888,69.795,1.3000000000000007,23.0,0.13330000000000553,1
3532,9904,302.625,1.3000000000000007,23.0,0.7437500000000341,1
