stock1,stock2,trade_capital,open,loss,reward,open_num
2834,2880,65.47500000000001,1.3000000000000007,23.0,0.14050000000000296,1
2834,6414,306.90000000000003,1.3000000000000007,23.0,-1.2603749999999891,1
2867,9933,116.055,1.3000000000000007,23.0,0.20597500000000935,1
