stock1,stock2,trade_capital,open,loss,reward,open_num
1477,2915,245.70000000000002,1.3000000000000007,23.0,-1.1084499999999764,1
2379,2915,601.65,1.3000000000000007,23.0,5.687200000000047,1
2884,2915,145.26,1.3000000000000007,23.0,0.0574500000000171,1
3231,9945,119.79,1.3000000000000007,23.0,-0.04987499999999301,1
