stock1,stock2,trade_capital,open,loss,reward,open_num
2327,2383,923.6125000000001,1.3000000000000007,23.0,7.112500000000068,1
2327,2834,360.225,1.3000000000000007,23.0,-1.6487999999999445,1
