stock1,stock2,trade_capital,open,loss,reward,open_num
1504,6269,176.58,1.3000000000000007,23.0,0.35472500000000196,1
1722,2449,112.86000000000001,1.3000000000000007,23.0,0.3610750000000138,1
2492,6269,1005.2552000000001,0.5,10.0,2.47745000000009,1
