stock1,stock2,trade_capital,open,loss,reward,open_num
2376,2883,109.39500000000001,1.3000000000000007,23.0,0.06730000000000302,1
