stock1,stock2,trade_capital,open,loss,reward,open_num
1326,2352,167.355,1.3000000000000007,23.0,0.3701000000000221,1
1326,4938,709.74,1.3000000000000007,23.0,1.3133500000000424,1
1314,2356,71.235,1.3000000000000007,23.0,-0.26849999999999596,1
1314,2915,89.28,1.3000000000000007,23.0,-0.2985749999999854,1
2308,2915,355.5,1.3000000000000007,23.0,0.40600000000003433,1
2308,6269,474.29999999999995,1.3000000000000007,23.0,1.7057500000000232,1
2379,2915,482.85,1.3000000000000007,23.0,0.6930000000000405,1
3034,4938,725.3507,0.5,10.0,-1.498049999999992,1
