stock1,stock2,trade_capital,open,loss,reward,open_num
2313,4938,250.11150000000004,2.395085714285717,12.000000000000005,-0.7892499999999529,1
3034,4938,494.60175000000004,2.785531914893619,13.999999999999998,2.716250000000059,1
