stock1,stock2,trade_capital,open,loss,reward,open_num
1314,1536,201.7635,1.598206025047933,7.000000000000076,0.43650000000000944,1
1314,2409,24.925875,1.5651308016877583,14.734852320675081,0.060475000000002055,1
1314,6505,181.7935,2.395085714285717,12.000000000000005,0.9665000000000106,1
2002,2892,142.60500000000002,2.395085714285717,12.000000000000005,0.11179999999999524,1
1536,2317,697.134,2.630607159039422,23.2659719075669,-3.085999999999956,1
1536,5880,221.5635,2.079203959858973,5.999999999999988,0.4035000000000082,1
2201,9933,166.3501,0.8639708561020019,9.000000000000012,0.10010000000000474,1
2324,2888,41.520075000000006,2.630607159039422,23.2659719075669,0.08392500000000425,1
2324,9933,103.35545,2.2296322489391804,9.999999999999995,0.18567500000001047,1
2317,2888,133.56,2.630607159039422,23.2659719075669,0.1268749999999983,1
2317,6505,763.2125000000001,2.079203959858973,5.999999999999988,3.8273000000000934,1
2345,5880,156.825,2.079203959858973,5.999999999999988,0.08810000000001139,1
2376,6505,678.4325000000001,2.395085714285717,12.000000000000005,3.5692000000000945,1
2449,5880,165.24810000000002,1.7969422505615502,5.000000000000077,0.2881,1
2408,2409,152.574375,2.630607159039422,23.2659719075669,0.20587500000000603,1
2408,6505,702.8441500000001,2.079203959858973,5.999999999999988,3.8441500000000985,1
2610,5880,98.95500000000001,2.079203959858973,5.999999999999988,0.08470000000000866,1
2610,9933,90.21447500000001,1.5651308016877583,14.734852320675081,-0.13552499999999412,1
2882,2888,107.81915000000001,2.395085714285717,12.000000000000005,0.1787750000000088,1
2888,2892,91.53,2.785531914893619,13.999999999999998,0.19692500000000024,1
3673,9938,195.8202,9.999999999999979,24.99999999999971,-0.8043499999999852,1
4904,5880,159.97500000000002,1.4343396226415146,22.348911465892662,-0.1016999999999939,1
6505,9933,257.476125,2.630607159039422,23.2659719075669,-0.4046249999999816,1
