stock1,stock2,trade_capital,open,loss,reward,open_num
1326,2884,215.325,2.395085714285717,12.000000000000005,0.3900000000000148,1
1301,1314,171.696875,1.4149067049415627,8.000000000000057,0.9736250000000126,1
1301,1326,1045.55125,2.630607159039422,23.2659719075669,2.858249999999998,1
1301,1536,996.96875,1.4149067049415627,8.000000000000057,2.4490000000000123,1
1301,2344,168.97500000000002,1.179748881153653,6.000000000000028,0.46725000000000705,1
1301,2382,341.1,1.179748881153653,6.000000000000028,0.4300000000000068,1
1301,5880,187.2,1.4149067049415627,8.000000000000057,-0.062374999999988745,1
1301,6505,637.7542500000001,0.8639708561020019,9.000000000000012,2.007750000000044,1
1536,2360,655.2,1.7969422505615502,5.000000000000077,0.4057500000000118,1
1536,5880,206.55,1.4149067049415627,8.000000000000057,0.15500000000000114,1
1605,2439,229.74075,1.179748881153653,6.000000000000028,0.1392500000000041,1
2308,2439,816.3315,2.395085714285717,12.000000000000005,0.1815000000000282,1
2327,2344,537.69125,1.179748881153653,6.000000000000028,-9.622249999999966,1
2327,2880,557.66125,1.598206025047933,7.000000000000076,-0.6642499999999671,1
2327,2884,573.2297500000001,2.2296322489391804,9.999999999999995,-5.180749999999975,1
2327,5880,550.9605,2.630607159039422,23.2659719075669,-2.6499999999999773,1
2344,2834,106.9375,1.961350422832984,13.0,0.28050000000001063,1
2344,2892,118.072625,2.785531914893619,13.999999999999998,0.1226250000000011,1
2344,6505,216.17525,1.179748881153653,6.000000000000028,0.9252500000000197,1
2834,5880,99.55050000000001,2.079203959858973,5.999999999999988,0.1892000000000138,1
2823,2892,134.04862500000002,2.395085714285717,12.000000000000005,0.04862500000000125,1
2823,6505,265.5,1.4149067049415627,8.000000000000057,-1.440999999999974,1
2880,2891,128.15720000000002,2.079203959858973,5.999999999999988,0.1434500000000014,1
2884,2891,192.1894,1.961350422832984,13.0,0.14415000000001044,1
2885,6505,223.16475000000003,1.4149067049415627,8.000000000000057,0.9147500000000122,1
6176,6505,388.944,1.179748881153653,6.000000000000028,0.5766000000000702,1
