stock1,stock2,trade_capital,open,loss,reward,open_num
1314,2474,393.07500000000005,2.079203959858973,5.999999999999988,3.5885000000000105,1
1314,2912,359.32500000000005,2.2296322489391804,9.999999999999995,0.1500000000000199,1
1227,2303,126.9,2.2296322489391804,9.999999999999995,0.38760000000001327,1
2049,2834,332.25087500000006,1.4149067049415627,8.000000000000057,0.25087500000003615,1
2049,3702,444.60525,1.7969422505615502,5.000000000000077,0.29050000000003706,1
2204,2474,446.4,2.785531914893619,13.999999999999998,1.0033750000000055,1
2204,2498,210.923875,1.7969422505615502,5.000000000000077,0.6188750000000169,1
2301,2834,88.97062500000001,0.8639708561020019,9.000000000000012,0.11095000000000965,1
2303,2385,195.66000000000003,1.7969422505615502,5.000000000000077,0.3229250000000121,1
2303,2603,101.7,2.9203545232273824,15.316975200838316,0.32975000000000776,1
2303,2881,61.199999999999996,2.785531914893619,13.999999999999998,0.04777500000000856,1
2303,2915,131.80200000000002,2.2296322489391804,9.999999999999995,0.3019999999999996,1
2303,4938,137.61,2.630607159039422,23.2659719075669,0.36975000000001046,1
2330,2449,366.94875,1.179748881153653,6.000000000000028,-0.3012499999999534,1
2330,2834,307.51375,0.8639708561020019,9.000000000000012,0.27937500000004434,1
2353,2801,92.97227500000001,2.630607159039422,23.2659719075669,0.24857499999999888,1
2352,2454,323.325,1.961350422832984,13.0,0.7092500000000257,1
2439,2886,276.8585,1.961350422832984,13.0,0.8146250000000066,1
2449,2618,97.35375000000002,1.179748881153653,6.000000000000028,0.2037500000000172,1
2449,3532,219.67000000000002,1.179748881153653,6.000000000000028,0.4200000000000159,1
2474,3231,437.48762500000004,2.2296322489391804,9.999999999999995,5.030375000000049,1
2454,2834,285.665625,1.179748881153653,6.000000000000028,-0.2168749999999875,1
2498,2618,73.3022,9.999999999999979,24.99999999999971,0.535100000000007,1
2498,2888,88.2227,2.785531914893619,13.999999999999998,0.5102000000000118,1
2834,3532,160.235,1.179748881153653,6.000000000000028,0.5006250000000136,1
2885,3532,176.433,2.630607159039422,23.2659719075669,0.21800000000001774,1
2915,3532,408.08500000000004,2.395085714285717,12.000000000000005,-0.12999999999996703,1
