stock1,stock2,trade_capital,open,loss,reward,open_num
1326,2105,428.47,2.9203545232273824,15.316975200838316,0.57162500000004,1
1326,3406,928.1057500000002,1.7969422505615502,5.000000000000077,-0.39424999999988586,1
1301,1303,271.17655,2.630607159039422,23.2659719075669,1.4585500000000167,1
1301,2002,210.466,2.630607159039422,23.2659719075669,0.4162500000000193,1
1301,2301,244.8741,2.630607159039422,23.2659719075669,0.6151000000000124,1
1301,2330,696.6632500000001,2.785531914893619,13.999999999999998,1.872000000000014,1
1301,2345,549.1848,1.5651308016877583,14.734852320675081,4.489800000000031,1
1301,2448,509.594275,1.7969422505615502,5.000000000000077,1.5530250000000123,1
1301,2823,295.382,1.7969422505615502,5.000000000000077,0.39272500000001287,1
1301,4938,163.89575000000002,2.630607159039422,23.2659719075669,0.7367500000000149,1
2002,2448,149.80525,1.4149067049415627,8.000000000000057,-0.5796499999999867,1
2105,6505,350.72312500000004,2.630607159039422,23.2659719075669,0.22312500000002444,1
2330,2448,368.32500000000005,1.179748881153653,6.000000000000028,0.8838750000000459,1
2360,9945,314.8845,1.7969422505615502,5.000000000000077,0.7527499999999918,1
2371,6505,338.218,1.961350422832984,13.0,-0.5231249999999932,1
2371,9945,199.050975,2.785531914893619,13.999999999999998,-0.3490249999999975,1
2448,3045,242.71575,2.630607159039422,23.2659719075669,0.5128500000000287,1
2492,2891,338.35900000000004,2.9203545232273824,15.316975200838316,0.47537500000001387,1
2882,6505,357.3215,2.395085714285717,12.000000000000005,-0.0759999999999792,1
3231,9945,56.5869,1.9823461730865428,9.000000000000075,0.011424999999995578,1
3443,9933,468.0,2.2296322489391804,9.999999999999995,1.2170000000000414,1
