stock1,stock2,trade_capital,open,loss,reward,open_num
1319,2492,213.679,1.8079859466287909,5.99999999999997,0.3789999999999836,1
1590,2492,593.1,1.8079859466287909,5.99999999999997,2.007000000000062,1
2002,2347,122.31,2.2011242403781104,9.193923024983164,0.095700000000015,1
2002,2885,166.222,2.9250000000000016,20.10344827586205,-0.26849999999999596,1
2002,2886,139.6619,2.9250000000000016,20.10344827586205,-0.27860000000000085,1
2303,2337,104.692725,1.1433818417759427,7.290679890624436,0.29272500000000434,1
2327,2492,366.4495,1.8079859466287909,5.99999999999997,0.44950000000000045,1
2327,3189,484.43875,1.1433818417759427,7.290679890624436,0.7095000000000482,1
2354,2885,143.3846,4.2079168858495475,14.57469752761706,0.2846000000000046,1
2354,6414,838.51225,2.9250000000000016,20.10344827586205,-0.8199999999999932,1
2377,2492,336.19495,1.8079859466287909,5.99999999999997,0.5949500000000114,1
2377,9938,662.48175,1.1433818417759427,7.290679890624436,-1.3426499999998782,1
2498,6176,600.009,2.9250000000000016,20.10344827586205,0.44675000000000864,1
2823,2885,80.90200000000002,2.030242211571373,14.706692913385783,0.07370000000000942,1
2882,9904,81.135,3.508635996771593,16.51957223567391,0.06447500000000872,1
2885,6414,487.26800000000003,2.9250000000000016,20.10344827586205,1.5180000000000007,1
2885,9904,71.955,2.9250000000000016,20.10344827586205,0.07977500000001214,1
3189,9904,268.3993,2.1048266865449103,22.69250838613482,0.06567500000002724,1
3702,9933,399.0844,1.8079859466287909,5.99999999999997,-0.5313499999999749,1
