stock1,stock2,trade_capital,open,loss,reward,open_num
1301,2610,146.4105,2.9250000000000016,20.10344827586205,-0.07912499999999056,1
1504,2379,169.74,1.8916951729380467,12.846636259977194,0.11650000000001626,1
1504,2888,102.00275,1.9903685727286529,4.999999999999846,0.18829999999999814,1
1504,6116,96.03970000000001,4.2079168858495475,14.57469752761706,-0.2563000000000031,1
1722,2324,94.3613,2.9250000000000016,20.10344827586205,0.10510000000001085,1
1802,2888,70.74372500000001,1.8079859466287909,5.99999999999997,0.24372500000000485,1
2049,2882,562.61175,2.1048266865449103,22.69250838613482,1.115000000000009,1
2049,3443,1737.81275,1.1433818417759427,7.290679890624436,2.640250000000094,1
2324,2474,409.62525000000005,1.9903685727286529,4.999999999999846,-1.629999999999967,1
2324,6116,28.754925000000004,1.8916951729380467,12.846636259977194,-0.04619999999999891,1
2357,2379,735.598,1.4616844455470226,11.091664599354965,2.3104999999999905,1
2357,6456,736.543,0.6133408446003465,20.043565348022334,1.3599999999999852,1
2354,2379,179.0716,1.5278527918781692,16.150050761421287,0.714100000000002,1
2354,2882,235.8015,1.8079859466287909,5.99999999999997,0.13280000000003156,1
2354,2888,123.16499999999999,1.8079859466287909,5.99999999999997,0.044350000000001444,1
2347,2376,195.216575,2.1048266865449103,22.69250838613482,0.4317750000000018,1
2347,2603,110.07,1.8079859466287909,5.99999999999997,0.21595000000002074,1
2347,2882,231.93150000000003,1.9903685727286529,4.999999999999846,0.5395499999999913,1
2371,2886,121.77,2.1048266865449103,22.69250838613482,-0.2528749999999995,1
2376,2379,516.7268,0.6133408446003465,20.043565348022334,4.139299999999977,1
2376,6269,608.1175000000001,1.8079859466287909,5.99999999999997,3.9294500000000383,1
2409,2888,74.6433,1.8079859466287909,5.99999999999997,0.08150000000000546,1
2451,2823,188.97834999999998,2.9250000000000016,20.10344827586205,-0.7010499999999951,1
2451,9904,246.80335000000002,2.9250000000000016,20.10344827586205,-0.39802500000000407,1
2603,2888,34.8254,1.8079859466287909,5.99999999999997,0.09450000000000003,1
2474,6269,849.4525000000001,1.8079859466287909,5.99999999999997,4.176250000000039,1
2610,3034,167.37900000000002,2.9250000000000016,20.10344827586205,0.48937500000000966,1
2886,3189,160.91645,1.8079859466287909,5.99999999999997,-0.05904999999999205,1
