stock1,stock2,trade_capital,open,loss,reward,open_num
1314,2376,116.155,2.2500000000000018,5.0,0.21760000000001867,1
1314,2886,37.84315,1.3000000000000007,23.0,0.04315000000000424,1
1314,3481,110.1464,1.4000000000000008,20.0,0.27465000000000117,1
1504,3481,79.18105,1.550000000000009,7.0,0.13104999999999833,1
1605,2311,120.76155,2.1000000000000014,9.0,-0.2943249999999864,1
1605,2327,446.40000000000003,1.3500000000000008,7.0,1.003375000000048,1
1605,2883,59.715,1.5000000000000009,5.0,0.05025000000000901,1
1605,3481,70.65105,1.4000000000000008,20.0,0.13855000000000217,1
2303,2883,60.614999999999995,1.8000000000000012,5.0,0.19852500000000184,1
2311,3443,1100.1473,0.5,10.0,-15.152699999999967,1
2327,2356,482.52675,1.8500000000000012,9.0,1.212500000000034,1
2327,2883,420.07125,2.4000000000000017,10.0,-0.9407499999999658,1
2376,2409,123.795,1.3000000000000007,23.0,0.14315000000001987,1
2376,3481,128.52015,1.4000000000000008,20.0,0.14690000000001646,1
2376,5880,147.5125,1.3000000000000007,23.0,-0.4315999999999889,1
2409,2834,79.62035,1.4000000000000008,20.0,0.07414999999998884,1
2408,2883,135.69615000000002,2.4000000000000017,10.0,0.14615000000002,1
2474,2915,609.801,1.3000000000000007,23.0,0.5430000000000632,1
2474,3481,430.85275,1.3500000000000008,7.0,0.10275000000002876,1
2498,2883,101.925,1.8000000000000012,5.0,-0.0700249999999869,1
2610,5880,79.08120000000001,2.200000000000001,6.0,0.1312000000000122,1
2881,2883,97.87125,2.4000000000000017,10.0,0.1953500000000048,1
2883,3481,34.04885,1.550000000000009,7.0,0.04885000000000517,1
3532,5880,215.06650000000002,1.3000000000000007,23.0,0.4140000000000157,1
3443,9914,1008.485,1.3000000000000007,23.0,1.4850000000000136,1
