stock1,stock2,trade_capital,open,loss,reward,open_num
1722,6505,184.63150000000002,3.3500000000000023,16.0,-0.7939999999999969,1
1717,3532,258.333625,1.7500000000000009,15.0,-0.40612499999998875,1
2049,2474,1906.825,2.9000000000000017,20.0,6.052500000000123,1
2204,3532,253.93887500000002,1.3000000000000007,23.0,0.5991250000000292,1
2303,2474,394.875,1.3000000000000007,23.0,-0.40850000000000364,1
2352,3532,218.94212500000003,2.9000000000000017,20.0,0.4016250000000099,1
2356,9938,185.37152500000002,1.9500000000000013,5.0,-0.02847500000000025,1
2395,5871,565.1,1.3000000000000007,23.0,1.0880000000000507,1
2383,2618,155.924875,1.3000000000000007,23.0,0.10257500000001585,1
2383,3019,507.33275000000003,1.3000000000000007,23.0,1.1705000000000325,1
2383,3406,815.68775,1.3000000000000007,23.0,-30.248749999999973,1
2383,4938,401.71770000000004,2.1000000000000014,9.0,-3.2513000000000005,1
2610,2618,60.120000000000005,1.3000000000000007,23.0,0.04957499999999371,1
2492,3702,334.604875,0.5,10.0,1.472375000000028,1
2492,5871,596.7,1.3000000000000007,23.0,3.4987500000000296,1
2492,6505,684.01675,2.9000000000000017,20.0,-3.110749999999939,1
2474,2618,394.425,2.7500000000000018,15.0,-0.1581249999999983,1
2474,4938,612.15625,2.1000000000000014,9.0,-1.5583500000000186,1
2474,6505,890.70625,3.3500000000000023,16.0,-2.9212499999999295,1
2880,6505,193.867625,1.9500000000000013,5.0,-0.8078749999999957,1
3034,5871,541.35,3.3500000000000023,16.0,1.094750000000019,1
3406,3702,573.554875,0.5,10.0,1.5733750000000555,1
3406,5871,837.45,0.5,10.0,-1.3957499999999072,1
5871,9910,400.5,1.3000000000000007,23.0,1.8287500000000136,1
5871,9938,339.48,1.3000000000000007,23.0,2.2299999999999898,1
3702,9938,179.49975,0.5,10.0,0.2133500000000339,1
