stock1,stock2,trade_capital,open,loss,reward,open_num
1303,2603,140.62595000000002,1.550000000000009,7.0,0.1288250000000204,1
1434,1909,191.21275,1.8000000000000012,5.0,0.21275000000000333,1
1434,2002,130.18495000000001,2.2500000000000018,5.0,0.14375000000001137,1
1434,2327,1106.999875,1.8000000000000012,5.0,-6.3101249999999425,1
1434,2492,534.1498750000001,1.8000000000000012,5.0,-2.8591249999999775,1
1434,2834,118.67172500000001,1.6500000000000008,16.0,0.1017250000000125,1
1434,2882,195.79500000000002,1.8000000000000012,5.0,0.17292500000000643,1
1434,3406,601.6498750000001,1.8000000000000012,5.0,-2.472374999999971,1
1434,6176,226.609575,1.8000000000000012,5.0,0.1595750000000038,1
1909,2883,75.787875,2.4000000000000017,10.0,0.12737500000000423,1
1909,3673,317.87600000000003,2.7500000000000018,15.0,-2.9811999999999585,1
1909,6505,680.35125,2.7500000000000018,15.0,4.163050000000055,1
2002,2330,328.64050000000003,2.7500000000000018,15.0,0.23850000000001614,1
2002,2603,105.17920000000001,1.3000000000000007,23.0,0.08207500000001033,1
2301,2880,103.6788,2.7500000000000018,15.0,0.08875000000000455,1
2327,2492,3894.9475,1.8500000000000012,9.0,18.812500000000455,1
2327,2892,1027.8,1.4800000000000009,11.0,-1.4633749999999424,1
2327,3045,1410.75,1.3000000000000007,23.0,0.1450000000000955,1
2327,3673,1235.55675,1.3000000000000007,23.0,-10.003249999999923,1
2330,2603,280.7155,1.6500000000000008,16.0,0.3183750000000174,1
2344,2880,105.60225,2.0000000000000013,6.0,0.13844999999999885,1
2344,2883,62.9663,2.4000000000000017,10.0,0.052649999999999864,1
2344,6116,77.6274,1.3000000000000007,23.0,0.12669999999999249,1
2409,3673,71.2162,2.7500000000000018,15.0,-0.7587499999999974,1
2492,2880,496.2545,1.3000000000000007,23.0,-0.49550000000000693,1
2492,2892,458.55,1.3500000000000008,7.0,-2.0123749999999774,1
2492,3673,661.80675,1.3000000000000007,23.0,0.938000000000045,1
2603,3406,488.25,1.3000000000000007,23.0,1.4328750000000383,1
2603,3481,105.60112500000001,1.3500000000000008,7.0,0.28342500000000115,1
2880,2892,161.80725,2.200000000000001,6.0,0.19455000000000666,1
2882,3673,341.31675,1.3000000000000007,23.0,-3.4204999999999757,1
2892,3673,132.5512,3.3500000000000023,16.0,-0.511499999999991,1
3019,6116,406.107,1.7500000000000009,15.0,0.8109200000000047,1
3406,6176,783.32325,1.3000000000000007,23.0,2.32325000000003,1
