stock1,stock2,trade_capital,open,loss,reward,open_num
1326,2891,201.5365,2.1000000000000014,9.0,0.6820000000000022,1
1326,3481,164.59875,3.3500000000000023,16.0,-0.013999999999981583,1
1434,2891,185.82975000000002,3.3500000000000023,16.0,0.2568249999999921,1
1434,3443,429.604625,1.6500000000000008,16.0,5.104624999999999,1
1301,2303,153.675,1.3000000000000007,23.0,-0.006499999999988404,1
1301,2311,297.273825,1.4800000000000009,11.0,0.6723250000000007,1
1301,2345,194.8425,1.3000000000000007,23.0,0.6917500000000132,1
1301,2603,249.075,1.3000000000000007,23.0,0.3337500000000233,1
1301,3034,392.8155,2.7500000000000018,15.0,1.3632500000000078,1
1314,1326,168.842375,1.6500000000000008,16.0,0.47962500000001285,1
1314,1434,153.992375,1.7500000000000009,15.0,0.15490000000001203,1
1314,2885,68.147625,2.9000000000000017,20.0,0.24762500000000998,1
1314,6269,180.7285,2.7500000000000018,15.0,-0.271499999999989,1
2002,2379,208.125,1.3000000000000007,23.0,0.40200000000001523,1
2002,2603,37.434450000000005,1.3200000000000007,6.0,0.04142500000000382,1
2002,2801,54.290350000000004,2.7500000000000018,15.0,0.06487500000000068,1
2303,2603,84.6635,1.3000000000000007,23.0,0.17047500000000326,1
2303,2610,49.83752500000001,1.3000000000000007,23.0,0.0686249999999955,1
2301,2891,255.92579999999998,2.4000000000000017,10.0,-0.7121999999999815,1
2379,2385,466.15250000000003,1.3000000000000007,23.0,0.2822500000000474,1
2382,2887,120.83575,3.3500000000000023,16.0,0.3076250000000087,1
2408,2882,332.1195,0.5,10.0,-0.009699999999966735,1
2409,2881,100.41810000000001,1.9500000000000013,5.0,0.04160000000000963,1
2409,3481,116.35875000000001,2.4000000000000017,10.0,0.26685000000001224,1
2474,2615,430.35350000000005,1.7500000000000009,15.0,2.1035000000000252,1
2474,3673,1000.4770000000001,2.7500000000000018,15.0,0.4460000000000832,1
2454,2885,316.35,1.3000000000000007,23.0,-0.27762499999997203,1
2615,6269,197.703,1.7500000000000009,15.0,0.45300000000000296,1
2885,3034,188.46687500000002,1.3000000000000007,23.0,-0.033124999999998295,1
2882,2891,151.31475,3.3500000000000023,16.0,0.11465000000001169,1
2891,3443,378.4315,1.8000000000000012,5.0,-1.3185000000000002,1
3481,6269,176.23525,3.3500000000000023,16.0,-1.0147499999999923,1
3673,4958,350.2423,1.3000000000000007,23.0,-1.0696999999999832,1
