stock1,stock2,trade_capital,open,loss,reward,open_num
1477,2353,258.12075000000004,1.52,8.0,0.3472500000000167,1
1434,5880,147.2245,2.0000000000000013,6.0,-0.8343749999999801,1
1434,9921,311.781625,1.3000000000000007,23.0,-0.7183749999999804,1
1536,3443,779.2015,1.3000000000000007,23.0,4.726500000000101,1
1590,2887,397.0195,1.4500000000000008,5.0,0.1432500000000232,1
1722,2353,130.455,1.8000000000000012,5.0,-0.9662999999999897,1
1909,2353,105.774275,2.4000000000000017,10.0,0.1261500000000062,1
2002,2633,176.63750000000002,1.3000000000000007,23.0,0.1811250000000122,1
2002,3045,398.02500000000003,3.3500000000000023,16.0,-0.9129999999999825,1
2324,2347,81.36000000000001,1.7500000000000009,15.0,0.11402500000000515,1
2324,2412,159.48000000000002,1.3000000000000007,23.0,0.23345000000001903,1
2330,2412,937.6012500000002,1.3000000000000007,23.0,2.0232500000000755,1
2327,2360,729.0240000000001,1.3000000000000007,23.0,3.3502500000000737,1
2327,2618,424.632625,2.7500000000000018,15.0,4.048375000000007,1
2327,2888,396.77312500000005,2.1000000000000014,9.0,0.09637500000000188,1
2327,3045,887.94,1.7500000000000009,15.0,1.1087500000001,1
2327,4938,585.45,1.3000000000000007,23.0,2.0197500000000446,1
2327,5880,426.825,2.9000000000000017,20.0,-0.21212499999998613,1
2327,9921,2037.15,2.4000000000000017,10.0,10.084500000000048,1
2371,3045,558.28465,1.6500000000000008,16.0,-0.21784999999999854,1
2360,2371,230.22719999999998,1.4500000000000008,5.0,-1.9117999999999995,1
2356,2412,116.10000000000001,1.7500000000000009,15.0,0.3556750000000122,1
2412,2542,494.54999999999995,1.3500000000000008,7.0,0.6735000000000468,1
2633,3045,169.745,1.6500000000000008,16.0,0.3450000000000131,1
2633,3443,356.96375,1.3000000000000007,23.0,6.463750000000033,1
2618,3045,285.87600000000003,1.6500000000000008,16.0,0.30937500000001705,1
2888,3406,246.473125,1.3000000000000007,23.0,0.3468750000000185,1
2887,5880,92.47500000000001,2.9000000000000017,20.0,0.34512500000000124,1
3045,3406,734.94,1.3000000000000007,23.0,0.8645000000000778,1
3045,4943,669.24,1.3000000000000007,23.0,0.9740000000000748,1
3406,4943,1407.09975,1.3200000000000007,6.0,2.7185000000001196,1
6505,9921,636.75,1.3000000000000007,23.0,1.4350000000000307,1
