stock1,stock2,trade_capital,open,loss,reward,open_num
2313,2352,113.08250000000001,1.8079859466287909,5.99999999999997,0.27720000000000056,1
2313,4938,250.3365,1.4616844455470226,11.091664599354965,-1.039249999999953,1
3034,4938,495.50175,1.4616844455470226,11.091664599354965,1.7162500000000591,1
3034,6505,229.10725000000002,0.6133408446003465,20.043565348022334,0.13850000000002183,1
