stock1,stock2,trade_capital,open,loss,reward,open_num
2327,2337,380.96575,2.2011242403781104,9.193923024983164,-1.6202499999999844,1
2337,2886,143.78300000000002,1.8079859466287909,5.99999999999997,0.13085000000000946,1
