stock1,stock2,trade_capital,open,loss,reward,open_num
1326,2344,152.4663,2.2011242403781104,9.193923024983164,0.4543000000000035,1
1326,2492,991.44,1.1433818417759427,7.290679890624436,1.93850000000009,1
1301,1326,488.34775,1.8079859466287909,5.99999999999997,1.1997500000000372,1
1301,1504,167.625,1.8079859466287909,5.99999999999997,0.21987500000001603,1
1301,2356,203.27275,1.8079859466287909,5.99999999999997,0.4275000000000091,1
1909,2356,131.31,2.2011242403781104,9.193923024983164,0.3303250000000162,1
2308,2379,239.661,1.8079859466287909,5.99999999999997,0.6205000000000069,1
2324,2610,67.55737500000001,2.2011242403781104,9.193923024983164,0.3959000000000046,1
2337,2344,75.987225,1.8079859466287909,5.99999999999997,0.13007499999999794,1
2344,2371,105.330375,1.4616844455470226,11.091664599354965,0.1861250000000041,1
2344,2492,220.14575000000002,1.1433818417759427,7.290679890624436,-0.8547499999999815,1
2344,2887,119.685375,1.5278527918781692,16.150050761421287,0.3119750000000039,1
2344,3702,89.2413,2.030242211571373,14.706692913385783,0.3103499999999997,1
2352,4904,159.350125,1.8079859466287909,5.99999999999997,0.29927500000002283,1
2360,2610,162.505875,0.6133408446003465,20.043565348022334,-0.24412499999999682,1
2360,2618,177.20850000000002,1.8079859466287909,5.99999999999997,-1.277124999999998,1
2356,4943,242.92975,1.8079859466287909,5.99999999999997,0.36300000000001376,1
2376,2885,109.8165,2.9250000000000016,20.10344827586205,0.12300000000000466,1
2379,2885,191.8315,2.9250000000000016,20.10344827586205,-0.05674999999999386,1
2492,2823,284.625,1.8079859466287909,5.99999999999997,0.2745000000000175,1
2498,9910,229.64700000000002,1.1433818417759427,7.290679890624436,0.5489250000000183,1
2886,4943,249.07500000000002,2.9250000000000016,20.10344827586205,1.3322500000000161,1
2884,4943,236.189875,2.2011242403781104,9.193923024983164,0.6231250000000159,1
3406,4904,395.36835,1.8079859466287909,5.99999999999997,0.6758500000000538,1
4904,9910,522.912,2.1048266865449103,22.69250838613482,-0.3422499999999502,1
3702,4943,316.72025,2.9250000000000016,20.10344827586205,0.502000000000038,1
