stock1,stock2,trade_capital,open,loss,reward,open_num
1326,2449,218.342,1.1433818417759427,7.290679890624436,0.15537500000000648,1
1326,9910,1062.90325,0.6133408446003465,20.043565348022334,3.403250000000071,1
2327,2354,959.6210000000001,1.8079859466287909,5.99999999999997,0.46250000000009095,1
2337,9910,329.01800000000003,1.8079859466287909,5.99999999999997,-2.5152499999999804,1
2344,2891,165.229125,2.9250000000000016,20.10344827586205,0.242225000000019,1
2344,9910,260.66725,1.4616844455470226,11.091664599354965,0.8461250000000149,1
2357,9938,526.5,0.6133408446003465,20.043565348022334,0.6202500000000555,1
2354,2885,131.09730000000002,1.5278527918781692,16.150050761421287,0.19135000000000701,1
2382,2834,90.73400000000001,1.4616844455470226,11.091664599354965,0.15585000000001514,1
2633,9910,299.50425,2.9250000000000016,20.10344827586205,1.0207499999999925,1
2834,8464,275.8675,1.1433818417759427,7.290679890624436,-0.2007499999999851,1
2885,9910,454.3175,1.4616844455470226,11.091664599354965,2.0674999999999955,1
