stock1,stock2,trade_capital,open,loss,reward,open_num
2883,2887,49.14000000000001,2.9250000000000016,20.10344827586205,-0.1318249999999921,1
2887,2891,32.700875,3.508635996771593,16.51957223567391,0.10087500000000382,1
