stock1,stock2,trade_capital,open,loss,reward,open_num
2002,2308,762.105125,1.8916951729380467,12.846636259977194,0.6051250000000863,1
2308,9904,178.74,1.9903685727286529,4.999999999999846,0.251275000000021,1
