stock1,stock2,trade_capital,open,loss,reward,open_num
5871,9933,345.4063,2.030242211571373,14.706692913385783,-0.06069999999996867,1
