stock1,stock2,trade_capital,open,loss,reward,open_num
1101,1802,153.661375,1.4616844455470226,11.091664599354965,0.6085750000000161,1
