stock1,stock2,trade_capital,open,loss,reward,open_num
2618,9904,113.22990000000001,1.8079859466287909,5.99999999999997,0.07990000000000919,1
