stock1,stock2,trade_capital,open,loss,reward,open_num
1303,2542,405.7875,2.2011242403781104,9.193923024983164,0.5102500000000134,1
1605,2882,119.73637500000001,1.1433818417759427,7.290679890624436,0.06287500000000534,1
2347,3481,88.19322500000001,1.8079859466287909,5.99999999999997,0.10892500000001348,1
