stock1,stock2,trade_capital,open,loss,reward,open_num
2823,2880,96.9597,2.9250000000000016,20.10344827586205,0.09985000000000355,1
