stock1,stock2,trade_capital,open,loss,reward,open_num
1216,2892,132.9193,1.8079859466287909,5.99999999999997,0.03692500000000365,1
2892,5880,30.583525,2.030242211571373,14.706692913385783,-0.09807499999999791,1
