stock1,stock2,trade_capital,open,loss,reward,open_num
1326,1605,125.04735,1.8916951729380467,12.846636259977194,0.2966000000000122,1
1326,2015,505.81615,2.1048266865449103,22.69250838613482,1.5624000000000322,1
1314,2015,126.9245,1.4616844455470226,11.091664599354965,0.4009500000000088,1
1434,2379,249.06074999999998,1.9903685727286529,4.999999999999846,0.35250000000000625,1
1434,2881,246.59637500000002,4.2079168858495475,14.57469752761706,0.3142750000000234,1
1605,2881,61.29,1.5278527918781692,16.150050761421287,0.047625000000007134,1
1605,6239,254.3116,3.254488356362935,7.52294907720547,0.6049750000000103,1
2201,3406,351.0,0.6133408446003465,20.043565348022334,0.912750000000031,1
2371,6505,211.18275,1.4646842029194989,18.720335308570633,0.6827500000000128,1
2603,2883,111.9501,2.2011242403781104,9.193923024983164,0.2739750000000001,1
2882,4904,526.8086000000001,1.8916951729380467,12.846636259977194,-1.6913999999999305,1
2883,3189,99.369,2.927334267040151,11.825552443199511,0.1928750000000079,1
3231,4904,191.5123,1.4616844455470226,11.091664599354965,-0.037699999999986744,1
3231,6239,193.99345,1.8916951729380467,12.846636259977194,0.1407000000000238,1
3406,6505,475.552,1.4616844455470226,11.091664599354965,1.7447500000000389,1
4904,6239,453.5187000000001,2.030242211571373,14.706692913385783,-0.7812999999999448,1
