stock1,stock2,trade_capital,open,loss,reward,open_num
1536,2542,333.78925000000004,2.927334267040151,11.825552443199511,0.7163750000000277,1
1314,4938,148.3478,2.927334267040151,11.825552443199511,-1.1310750000000098,1
2303,2347,78.46539999999999,2.927334267040151,11.825552443199511,0.22474999999999312,1
2303,2383,210.48925000000003,2.927334267040151,11.825552443199511,0.6715000000000089,1
2303,2409,82.83102500000001,2.927334267040151,11.825552443199511,0.11365000000000514,1
2303,2542,85.15535,2.2011242403781104,9.193923024983164,0.1149250000000066,1
2303,2633,53.192274999999995,3.508635996771593,16.51957223567391,0.015325000000004252,1
2303,3481,84.9778,2.927334267040151,11.825552443199511,0.3600499999999993,1
2303,3673,178.28225,1.8916951729380467,12.846636259977194,0.2157499999999999,1
2330,6505,501.46850000000006,3.254488356362935,7.52294907720547,2.196000000000055,1
2347,2618,77.9254,1.8916951729380467,12.846636259977194,0.07587499999998926,1
2347,2633,223.571375,2.1048266865449103,22.69250838613482,0.1975750000000147,1
2356,6269,224.469625,4.2079168858495475,14.57469752761706,2.391875000000013,1
2377,2886,184.373025,1.9903685727286529,4.999999999999846,0.2230250000000069,1
2448,2633,148.635,2.9250000000000016,20.10344827586205,0.15167500000001155,1
2409,6505,225.09307500000003,2.927334267040151,11.825552443199511,1.6280750000000026,1
2542,6505,171.09,4.471572794899045,12.523910733262484,0.9130500000000126,1
2610,9904,89.3721,1.9903685727286529,4.999999999999846,-0.18597499999999023,1
2633,3673,225.01137500000002,3.508635996771593,16.51957223567391,1.3933750000000202,1
2886,3481,84.762675,1.4616844455470226,11.091664599354965,0.1205500000000086,1
3034,3673,214.72750000000002,0.6557762836185819,9.672269763651162,1.1602500000000049,1
