stock1,stock2,trade_capital,open,loss,reward,open_num
1227,2882,515.51,4.2079168858495475,14.57469752761706,-2.9972499999999798,1
1326,2354,474.2875,2.9250000000000016,20.10344827586205,0.28750000000002274,1
1402,2317,245.906925,2.927334267040151,11.825552443199511,0.3030250000000194,1
1402,2383,241.59525000000002,2.030242211571373,14.706692913385783,-0.8802499999999895,1
1402,2492,184.373025,1.8079859466287909,5.99999999999997,0.3730250000000197,1
1402,2542,184.89525,1.8916951729380467,12.846636259977194,-0.8855999999999895,1
1402,2881,231.22487500000003,2.927334267040151,11.825552443199511,0.33677500000003135,1
1402,5522,244.83525000000003,1.9903685727286529,4.999999999999846,-0.2865500000000054,1
2308,2371,784.17,2.1048266865449103,22.69250838613482,1.1893000000000953,1
2303,2382,69.525,1.9903685727286529,4.999999999999846,0.1337499999999885,1
2345,2610,116.0257,2.927334267040151,11.825552443199511,0.22570000000001045,1
2345,2883,99.11789999999999,1.4616844455470226,11.091664599354965,-0.507799999999996,1
2356,2882,87.38999999999999,2.1048266865449103,22.69250838613482,0.2537500000000108,1
2379,5522,398.573,2.1048266865449103,22.69250838613482,0.6211250000000064,1
2377,3045,566.73,1.8079859466287909,5.99999999999997,1.6515500000000856,1
2382,5522,400.59000000000003,2.1048266865449103,22.69250838613482,0.4806250000000034,1
2382,9910,450.3235,2.9250000000000016,20.10344827586205,0.8235000000000099,1
2603,3406,336.7155,0.6133408446003465,20.043565348022334,1.4836250000000177,1
2492,2542,177.83999999999997,0.6133408446003465,20.043565348022334,-0.89549999999997,1
2610,2880,35.933800000000005,2.9250000000000016,20.10344827586205,-0.006550000000000722,1
2801,6505,187.061625,1.5278527918781692,16.150050761421287,0.2033750000000083,1
