stock1,stock2,trade_capital,open,loss,reward,open_num
1102,3682,66.0429,2.927334267040151,11.825552443199511,0.2967249999999986,1
1301,1303,371.88,2.9250000000000016,20.10344827586205,-0.3202500000000157,1
1301,3682,145.43152500000002,2.927334267040151,11.825552443199511,0.1815250000000077,1
1303,2317,732.00035,1.4616844455470226,11.091664599354965,1.4003500000000315,1
1303,3406,772.69825,0.6557762836185819,9.672269763651162,-5.716499999999996,1
1303,3682,119.35237500000001,4.2079168858495475,14.57469752761706,0.3095750000000095,1
2103,2317,476.38435000000004,1.8916951729380467,12.846636259977194,0.9843500000000063,1
2103,3682,70.0929,2.9250000000000016,20.10344827586205,0.2899749999999983,1
2105,2317,499.50050000000005,1.8916951729380467,12.846636259977194,0.7065000000000623,1
2105,2618,134.5978,1.9903685727286529,4.999999999999846,0.19780000000000264,1
2105,2915,256.5,1.9903685727286529,4.999999999999846,0.22152499999999264,1
2303,2317,402.61575,1.4616844455470226,11.091664599354965,1.0860500000000073,1
2311,3682,84.657375,4.2079168858495475,14.57469752761706,0.3674000000000035,1
2317,2330,427.95050000000003,1.8079859466287909,5.99999999999997,0.8242500000000348,1
2317,3682,155.622375,2.9250000000000016,20.10344827586205,0.74837500000001,1
2383,2884,248.12725,3.508635996771593,16.51957223567391,-0.8727499999999822,1
2408,3682,115.47652500000001,2.9250000000000016,20.10344827586205,0.32652500000000373,1
2448,2915,74.18372500000001,1.4616844455470226,11.091664599354965,0.03127500000000083,1
2409,2884,110.20387500000001,2.030242211571373,14.706692913385783,0.22607499999999447,1
2409,3706,80.7921,2.1048266865449103,22.69250838613482,0.2733250000000069,1
2618,2885,106.428,2.1048266865449103,22.69250838613482,0.23012500000000813,1
3682,6456,386.61350000000004,2.1048266865449103,22.69250838613482,-1.589124999999953,1
6176,6456,692.18475,3.254488356362935,7.52294907720547,-1.0994999999999777,1
