stock1,stock2,trade_capital,open,loss,reward,open_num
1590,2376,552.355625,2.9250000000000016,20.10344827586205,-1.390625,1
1504,2303,120.773875,1.4616844455470226,11.091664599354965,-0.38937499999999403,1
2002,2603,86.795,1.4616844455470226,11.091664599354965,0.05840000000001311,1
2002,2834,63.258500000000005,2.927334267040151,11.825552443199511,-0.0986249999999913,1
2002,2891,103.11202500000002,2.9250000000000016,20.10344827586205,0.08762500000000983,1
2308,6269,1241.028,2.2011242403781104,9.193923024983164,-4.954499999999939,1
2308,9910,1069.785,1.5278527918781692,16.150050761421287,1.848500000000115,1
2345,2834,118.12255,2.927334267040151,11.825552443199511,-0.17745000000000033,1
2382,2448,205.92015,1.4616844455470226,11.091664599354965,-1.9294749999999965,1
2382,2834,110.73365000000001,2.927334267040151,11.825552443199511,-0.21634999999998428,1
2383,2448,267.525,1.4616844455470226,11.091664599354965,0.053375000000016826,1
2383,2880,220.25600000000003,1.4646842029194989,18.720335308570633,-2.5927499999999952,1
2383,2882,365.43025,2.1048266865449103,22.69250838613482,-1.3361249999999814,1
2383,6269,502.18100000000004,1.8079859466287909,5.99999999999997,2.1825000000000045,1
2448,2603,154.125,1.4616844455470226,11.091664599354965,-1.8045500000000025,1
2449,2834,67.4885,2.927334267040151,11.825552443199511,0.044175000000009845,1
2603,2834,58.938500000000005,2.927334267040151,11.825552443199511,-0.09142499999999032,1
2801,2834,55.788500000000006,2.927334267040151,11.825552443199511,-0.08617499999999012,1
2801,6269,200.72625,2.927334267040151,11.825552443199511,0.9275000000000091,1
2834,2880,55.8785,3.254488356362935,7.52294907720547,-0.13624999999998977,1
2834,2883,49.389500000000005,2.9250000000000016,20.10344827586205,0.04438500000000545,1
2834,2885,52.68350000000001,2.927334267040151,11.825552443199511,-0.031074999999990638,1
2883,3443,194.04000000000002,2.9250000000000016,20.10344827586205,0.22577499999999873,1
2885,3443,211.5,1.1433818417759427,7.290679890624436,-0.10287499999999739,1
2885,4943,246.052125,1.5278527918781692,16.150050761421287,0.3498750000000115,1
2891,4943,278.953375,2.030242211571373,14.706692913385783,-0.1988749999999868,1
3443,6269,1045.35,4.471572794899045,12.523910733262484,-1.2429999999999382,1
3443,6456,625.41475,3.508635996771593,16.51957223567391,-1.9922500000000127,1
