stock1,stock2,trade_capital,open,loss,reward,open_num
1101,2498,227.54275,1.4616844455470226,11.091664599354965,0.28212500000000773,1
1216,2324,129.3757,1.4616844455470226,11.091664599354965,0.1932999999999936,1
1301,1303,547.0373,2.9250000000000016,20.10344827586205,-0.3891999999999598,1
1301,2382,639.886,4.471572794899045,12.523910733262484,-0.6151999999999589,1
1301,2383,283.85775,2.9250000000000016,20.10344827586205,-0.1528499999999866,1
2301,3702,318.06,2.2011242403781104,9.193923024983164,0.2687000000000239,1
2324,2337,130.21695,1.5278527918781692,16.150050761421287,0.1889500000000197,1
2324,2383,212.89275,2.9250000000000016,20.10344827586205,0.41475000000001216,1
2324,2492,147.6907,1.4616844455470226,11.091664599354965,0.1127000000000109,1
2324,2498,155.61,2.9250000000000016,20.10344827586205,0.04020000000001289,1
2324,6176,149.35500000000002,1.8079859466287909,5.99999999999997,0.0007000000000090267,1
2330,2383,1002.99325,1.5278527918781692,16.150050761421287,3.493250000000046,1
2330,5880,268.17725,2.9250000000000016,20.10344827586205,0.33525000000003047,1
2344,2383,569.145,1.5278527918781692,16.150050761421287,1.1450000000000244,1
2344,5880,46.2732,1.8079859466287909,5.99999999999997,0.07792500000000047,1
2337,2383,166.8985,2.1048266865449103,22.69250838613482,0.44140000000000157,1
2337,2498,121.86000000000001,1.5278527918781692,16.150050761421287,0.3960000000000008,1
2337,2823,104.60130000000001,3.508635996771593,16.51957223567391,0.1796750000000067,1
2337,5880,39.510000000000005,2.2011242403781104,9.193923024983164,0.1338500000000007,1
2498,9938,165.69305,0.6133408446003465,20.043565348022334,0.234800000000007,1
2823,3231,246.830625,4.471572794899045,12.523910733262484,0.36112500000001546,1
2823,9933,151.65,4.2079168858495475,14.57469752761706,0.5460500000000152,1
6285,9933,572.58,4.471572794899045,12.523910733262484,2.3407500000000425,1
6285,9938,482.40000000000003,1.4616844455470226,11.091664599354965,0.693750000000037,1
