stock1,stock2,trade_capital,open,loss,reward,open_num
1477,2618,192.06625000000003,2.9250000000000016,20.10344827586205,-0.799999999999983,1
2439,4904,502.04724999999996,1.4616844455470226,11.091664599354965,1.2214999999999918,1
2618,3231,134.58165000000002,2.1048266865449103,22.69250838613482,0.13835000000001685,1
