stock1,stock2,trade_capital,open,loss,reward,open_num
1504,2308,288.882,1.8916951729380467,12.846636259977194,0.5443750000000023,1
1504,9933,175.102925,1.4616844455470226,11.091664599354965,0.06529999999999347,1
2103,4958,441.43685000000005,1.8916951729380467,12.846636259977194,1.5868500000000267,1
2308,2409,215.982,1.8916951729380467,12.846636259977194,0.4162500000000051,1
2308,2834,198.657,2.030242211571373,14.706692913385783,0.24542500000001155,1
2308,3231,395.73900000000003,1.1433818417759427,7.290679890624436,0.3936250000000143,1
2303,4958,237.7932,4.2079168858495475,14.57469752761706,0.7385000000000197,1
2352,2891,58.4012,2.9250000000000016,20.10344827586205,0.15902500000000686,1
2352,6176,162.25625000000002,1.4616844455470226,11.091664599354965,0.2562500000000085,1
2356,3231,187.1544,1.4616844455470226,11.091664599354965,0.10090000000000998,1
2356,4958,305.9404,2.030242211571373,14.706692913385783,1.2404000000000082,1
2347,2357,387.6435,2.1048266865449103,22.69250838613482,0.630500000000012,1
2347,4958,347.27830000000006,4.471572794899045,12.523910733262484,0.9783000000000186,1
2377,4958,209.48530000000002,4.2079168858495475,14.57469752761706,0.8853000000000151,1
2409,6285,137.205,1.8916951729380467,12.846636259977194,0.020949999999999136,1
2376,2891,133.58300000000003,2.927334267040151,11.825552443199511,0.24352500000000532,1
2376,4958,250.373875,2.030242211571373,14.706692913385783,1.0238750000000323,1
2610,4958,103.09940000000002,2.9250000000000016,20.10344827586205,0.3397250000000085,1
2891,4958,148.3771,4.471572794899045,12.523910733262484,0.4771000000000072,1
2884,4958,135.9944,4.471572794899045,12.523910733262484,0.4846000000000146,1
3481,4958,212.231175,2.2011242403781104,9.193923024983164,0.9311750000000103,1
3231,4958,458.3115,4.471572794899045,12.523910733262484,2.111500000000035,1
4958,6176,558.022,4.471572794899045,12.523910733262484,1.5264000000000237,1
6176,6285,630.8255,2.1048266865449103,22.69250838613482,0.8110499999999661,1
