stock1,stock2,trade_capital,open,loss,reward,open_num
1314,6176,299.25,2.030242211571373,14.706692913385783,0.499750000000013,1
1216,1504,311.3323,1.8916951729380467,12.846636259977194,-1.9177,1
1216,2049,465.627,1.8916951729380467,12.846636259977194,-3.2282500000000027,1
1216,2448,251.1816,1.8916951729380467,12.846636259977194,-1.3319749999999928,1
1216,2885,91.21010000000001,2.927334267040151,11.825552443199511,-0.24272500000000008,1
1216,3034,490.377,1.4616844455470226,11.091664599354965,-2.2709999999999866,1
1504,2049,284.65325,1.4616844455470226,11.091664599354965,0.708925000000022,1
2049,2884,275.462,1.8916951729380467,12.846636259977194,0.3052500000000151,1
2324,2886,172.584625,2.927334267040151,11.825552443199511,0.13187500000000796,1
2330,2379,286.66875,1.8916951729380467,12.846636259977194,0.5522500000000008,1
2330,5880,253.81875000000002,2.1048266865449103,22.69250838613482,-0.14187499999999886,1
2330,6456,491.8875,2.1048266865449103,22.69250838613482,0.7410000000000139,1
2353,2885,51.691950000000006,2.9250000000000016,20.10344827586205,0.020275000000012255,1
2353,2891,106.115125,2.927334267040151,11.825552443199511,0.38837500000001235,1
2353,5880,42.5606,2.030242211571373,14.706692913385783,0.08385000000000353,1
2357,6176,553.38375,2.9250000000000016,20.10344827586205,0.12175000000002001,1
2439,2886,251.469625,1.4616844455470226,11.091664599354965,0.5998749999999973,1
2606,6176,199.679075,1.9903685727286529,4.999999999999846,0.27187500000002984,1
2492,6176,267.719875,1.9903685727286529,4.999999999999846,0.4602750000000242,1
2886,4938,201.64707500000003,4.323914893617021,9.632680851063803,-0.2529249999999905,1
2886,6176,127.48177500000003,2.9250000000000016,20.10344827586205,0.19922500000002685,1
2885,3706,55.930724999999995,2.9250000000000016,20.10344827586205,0.1120250000000027,1
2885,5880,65.28195000000001,1.9903685727286529,4.999999999999846,0.04755000000001175,1
2891,5880,119.75012500000001,2.927334267040151,11.825552443199511,0.21587500000001114,1
3034,3045,224.66250000000002,1.4616844455470226,11.091664599354965,0.16250000000000853,1
