stock1,stock2,trade_capital,open,loss,reward,open_num
1314,2887,92.1292,1.8079859466287909,5.99999999999997,0.1038250000000076,1
2324,3481,48.08905,1.4616844455470226,11.091664599354965,0.02597499999999897,1
2354,2892,162.32175,2.2011242403781104,9.193923024983164,0.24275000000001512,1
2409,2448,125.32500000000002,1.9903685727286529,4.999999999999846,-0.059099999999997266,1
2377,2892,151.2384,1.8079859466287909,5.99999999999997,0.10977500000001328,1
2377,3702,254.837625,1.4616844455470226,11.091664599354965,0.206025000000011,1
2448,2888,122.270975,1.9903685727286529,4.999999999999846,0.15237500000000637,1
2448,3481,93.78,1.9903685727286529,4.999999999999846,0.04340000000000721,1
2454,3231,307.57500000000005,1.8916951729380467,12.846636259977194,0.2362500000000125,1
2884,2888,44.47319,2.1048266865449103,22.69250838613482,0.1331900000000017,1
2884,3481,102.16275,2.1048266865449103,22.69250838613482,0.14467500000000655,1
2884,3702,159.292375,2.1048266865449103,22.69250838613482,0.2495750000000072,1
2884,3706,122.21640000000001,2.030242211571373,14.706692913385783,-0.5835999999999935,1
2884,6239,169.462375,2.1048266865449103,22.69250838613482,0.23262499999999875,1
2884,6505,200.69850000000002,1.4616844455470226,11.091664599354965,-0.05149999999999011,1
2884,9933,109.44,2.2011242403781104,9.193923024983164,0.06722500000000764,1
2888,3702,102.825,2.2011242403781104,9.193923024983164,0.1781000000000148,1
2892,3702,110.79,1.8916951729380467,12.846636259977194,0.31460000000001287,1
2892,9904,117.2894,1.8916951729380467,12.846636259977194,0.3604000000000056,1
6239,9933,252.89999999999998,4.2079168858495475,14.57469752761706,0.6768500000000017,1
