stock1,stock2,trade_capital,open,loss,reward,open_num
2313,2439,290.60575,1.8079859466287909,5.99999999999997,-0.45487499999998704,1
2303,3481,110.69220000000001,2.1048266865449103,22.69250838613482,0.27420000000000755,1
