stock1,stock2,trade_capital,open,loss,reward,open_num
1102,2439,290.7,2.1048266865449103,22.69250838613482,0.7636250000000189,1
1216,2448,142.1698,1.8916951729380467,12.846636259977194,-0.3276249999999905,1
2313,4915,74.204375,2.9250000000000016,20.10344827586205,0.030075000000003627,1
2347,2618,95.13000000000001,2.1048266865449103,22.69250838613482,-0.05870000000000175,1
2347,2809,184.62265000000002,1.4616844455470226,11.091664599354965,-0.1773499999999828,1
2344,2345,104.75999999999999,1.4616844455470226,11.091664599354965,-0.22452499999997855,1
2344,2448,171.07637499999998,1.4646842029194989,18.720335308570633,0.12872500000001708,1
2344,2801,62.324999999999996,2.030242211571373,14.706692913385783,0.09582500000000138,1
2344,2886,141.48000000000002,2.9250000000000016,20.10344827586205,-0.08602499999999225,1
2344,9945,219.78,2.927334267040151,11.825552443199511,-0.6159249999999901,1
2376,2809,94.86940000000001,2.927334267040151,11.825552443199511,-0.04819999999999425,1
2439,2801,254.96912500000002,2.030242211571373,14.706692913385783,0.3386250000000217,1
2439,2891,264.2545,2.1048266865449103,22.69250838613482,0.8240000000000123,1
2448,4904,372.30245,3.508635996771593,16.51957223567391,0.4332000000000491,1
2448,4915,243.99,1.4616844455470226,11.091664599354965,-0.8559749999999724,1
2474,2618,356.991625,1.4616844455470226,11.091664599354965,0.16612499999999386,1
2474,2891,413.379,1.8079859466287909,5.99999999999997,0.12899999999999068,1
2633,4904,225.81,3.508635996771593,16.51957223567391,0.27267500000001377,1
2618,2891,141.801625,1.8916951729380467,12.846636259977194,0.22522499999999468,1
2809,3706,182.4085,2.030242211571373,14.706692913385783,-0.12907499999998606,1
2809,9945,61.789699999999996,2.9250000000000016,20.10344827586205,-0.04802499999999199,1
2886,3706,145.797275,2.9250000000000016,20.10344827586205,0.11240000000001515,1
3673,4904,433.80000000000007,3.508635996771593,16.51957223567391,-0.22374999999995282,1
9904,9945,269.32500000000005,3.254488356362935,7.52294907720547,-0.049474999999986835,1
