stock1,stock2,trade_capital,open,loss,reward,open_num
1704,6505,482.994,2.927334267040151,11.825552443199511,1.1476000000000113,1
2002,2353,65.25185,4.2079168858495475,14.57469752761706,0.09965000000000934,1
2308,2448,826.75,1.4616844455470226,11.091664599354965,0.7370000000000516,1
2353,6505,147.663,4.471572794899045,12.523910733262484,-0.47724999999999085,1
2448,2823,176.83275,1.4616844455470226,11.091664599354965,-1.0187249999999963,1
2881,6505,672.7737500000001,2.2011242403781104,9.193923024983164,1.4669500000000255,1
6176,6505,545.634,2.9250000000000016,20.10344827586205,2.543200000000013,1
