stock1,stock2,trade_capital,open,loss,reward,open_num
2106,2880,125.72065,1.4616844455470226,11.091664599354965,0.3984000000000094,1
3189,3702,302.3999,3.254488356362935,7.52294907720547,0.4171500000000208,1
