stock1,stock2,trade_capital,open,loss,reward,open_num
1216,2867,119.0968,1.4616844455470226,11.091664599354965,0.11265000000000924,1
2618,2867,129.5976,1.8079859466287909,5.99999999999997,0.2917250000000138,1
