stock1,stock2,trade_capital,open,loss,reward,open_num
2880,2890,87.798675,1.5278527918781692,16.150050761421287,0.061850000000006844,1
2880,4904,131.18460000000002,1.8079859466287909,5.99999999999997,0.1915000000000049,1
