stock1,stock2,trade_capital,open,loss,reward,open_num
1319,5871,344.0806,1.3000000000000007,23.0,0.4381000000000057,1
1216,2618,136.445025,2.9000000000000017,20.0,0.3450249999999997,1
1301,2353,171.991625,10.0,25.0,-0.608374999999981,1
1326,2330,495.1833,2.7500000000000018,15.0,0.21880000000001587,1
1326,2353,131.178,2.1000000000000014,9.0,-0.5107500000000016,1
1326,6505,843.9055000000001,2.0000000000000013,6.0,1.1665000000000987,1
1101,2449,181.32872500000002,3.3500000000000023,16.0,0.05210000000001358,1
1536,2049,935.50725,2.7500000000000018,15.0,2.4872500000000173,1
1536,2353,200.8315,1.6500000000000008,16.0,-2.8202500000000015,1
1605,2618,102.21012499999999,1.9500000000000013,5.0,0.1915249999999986,1
2049,2354,798.8000000000001,2.7500000000000018,15.0,1.3000000000000682,1
2201,2308,267.34837500000003,2.7500000000000018,15.0,0.8483750000000043,1
2204,2823,53.006875,2.200000000000001,6.0,0.016300000000004644,1
2308,9904,308.97175000000004,1.8500000000000012,9.0,0.2647500000000207,1
2317,2344,162.68200000000002,1.4800000000000009,11.0,0.7472500000000082,1
2317,2353,190.46387500000003,2.1000000000000014,9.0,0.4638750000000158,1
2324,2360,247.38387500000002,1.7500000000000009,15.0,0.35512500000001523,1
2324,2376,154.143875,1.3000000000000007,23.0,0.26052500000000833,1
2330,3019,1318.0275,2.7500000000000018,15.0,3.0027500000000202,1
2330,3406,1417.5065,2.7500000000000018,15.0,1.684000000000026,1
2344,2353,108.58687499999999,10.0,25.0,0.23687499999999773,1
2353,2451,156.121875,1.3000000000000007,23.0,0.10257500000001585,1
2353,3019,183.931875,1.3000000000000007,23.0,-0.04362499999999159,1
2353,3406,366.75,1.3000000000000007,23.0,0.13762500000004252,1
2353,4938,149.46187500000002,1.3000000000000007,23.0,0.0138250000000113,1
2383,3019,322.0245,1.3000000000000007,23.0,0.981000000000023,1
2412,6505,521.217,1.6500000000000008,16.0,0.717000000000013,1
2448,3019,395.7219,1.3000000000000007,23.0,-3.3291000000000395,1
2448,6505,348.20685,2.7500000000000018,15.0,1.027600000000028,1
2633,5871,179.28,1.9500000000000013,5.0,-0.049174999999976876,1
2618,5871,144.780125,1.3200000000000007,6.0,0.12057500000001653,1
2823,6505,163.85385000000002,2.0000000000000013,6.0,0.2538500000000141,1
2888,3019,153.327175,1.8000000000000012,5.0,0.3516750000000144,1
