stock1,stock2,trade_capital,open,loss,reward,open_num
1314,2891,147.0258,1.4000000000000008,20.0,0.21817500000000223,1
1314,6269,179.979625,1.4000000000000008,20.0,-1.0203749999999872,1
2345,3034,715.881,0.5,10.0,2.3434999999999775,1
2474,2603,409.33850000000007,1.3500000000000008,7.0,0.12337500000005264,1
