stock1,stock2,trade_capital,open,loss,reward,open_num
2313,3702,227.15685000000002,1.3500000000000008,7.0,-0.2687749999999909,1
2409,2888,81.097125,1.4000000000000008,20.0,0.3698750000000004,1
2492,3231,241.18200000000002,1.3500000000000008,7.0,0.8742500000000035,1
2492,3532,1175.778,1.3500000000000008,7.0,4.146749999999997,1
2834,4915,93.170875,1.4000000000000008,20.0,0.053450000000005105,1
2890,9945,81.0729,1.5000000000000009,5.0,0.07167499999999905,1
