stock1,stock2,trade_capital,open,loss,reward,open_num
1476,2356,494.94675000000007,1.550000000000009,7.0,-1.2616249999999667,1
