stock1,stock2,trade_capital,open,loss,reward,open_num
1314,2313,67.63402500000001,1.8500000000000012,9.0,-0.1557499999999905,1
1314,2353,34.76475,1.5000000000000009,5.0,-0.2552749999999939,1
1314,2382,75.9323,1.52,8.0,0.08179999999999765,1
1314,2448,85.01400000000001,2.200000000000001,6.0,-0.48229999999998796,1
1314,2834,77.98760000000001,1.3500000000000008,7.0,0.12707499999999783,1
1314,2880,80.0163,1.4000000000000008,20.0,0.17580000000000595,1
1314,3673,120.13875000000002,2.1000000000000014,9.0,-1.6365999999999943,1
1314,4938,116.39815000000002,1.3500000000000008,7.0,0.21655000000000513,1
1314,5871,150.94625000000002,1.3500000000000008,7.0,0.265250000000016,1
2002,2356,88.065,2.0000000000000013,6.0,-0.5461749999999768,1
2327,2352,630.7973750000001,2.7500000000000018,15.0,3.4593750000000796,1
2324,2327,628.4590000000001,2.0000000000000013,6.0,2.463500000000039,1
2303,2880,139.5705,1.8500000000000012,9.0,0.08219999999999317,1
2313,2382,130.2646,1.7500000000000009,15.0,0.1496749999999878,1
2344,2353,140.73675,1.4000000000000008,20.0,0.12425000000001063,1
2344,2867,60.102175,1.5000000000000009,5.0,0.10264999999999347,1
2344,5871,152.16125,1.3500000000000008,7.0,0.06277500000002334,1
2352,2834,106.48237500000002,1.5000000000000009,5.0,0.23080000000000211,1
2382,2845,99.04124999999999,1.5000000000000009,5.0,0.09355000000000047,1
2409,9921,185.203625,1.8500000000000012,9.0,-0.2973749999999882,1
2448,5871,566.4350000000001,1.3500000000000008,7.0,-3.3729999999999336,1
2603,3682,83.126385,2.0000000000000013,6.0,0.35476000000000596,1
2603,4915,118.49837500000001,1.3500000000000008,7.0,-0.03547499999999815,1
2823,5871,236.89625,1.4000000000000008,20.0,0.37162500000000875,1
2845,2882,99.22125,1.5000000000000009,5.0,0.09325000000000472,1
2880,5871,185.59625,1.4000000000000008,20.0,0.4571250000000191,1
2882,5871,541.0387499999999,1.3500000000000008,7.0,1.1480000000000246,1
2884,9921,231.04825,1.4000000000000008,20.0,0.3866249999999951,1
2887,4915,123.69025,2.0000000000000013,6.0,0.1527500000000046,1
2887,4938,135.07315,1.8000000000000012,5.0,0.3356500000000153,1
2915,5871,723.77125,1.3500000000000008,7.0,1.7772500000000662,1
2915,6116,95.96587500000001,1.8500000000000012,9.0,-0.002625000000001876,1
3532,6116,150.235875,2.0000000000000013,6.0,-0.8418749999999875,1
3673,4915,493.17550000000006,1.5000000000000009,5.0,0.7245000000000346,1
4938,4958,327.6316,1.3500000000000008,7.0,1.2751499999999965,1
