stock1,stock2,trade_capital,open,loss,reward,open_num
1326,4904,656.278,1.8000000000000012,5.0,2.226750000000095,1
2379,3443,812.3240000000001,1.5000000000000009,5.0,4.185250000000053,1
3045,3682,145.23182500000001,1.6500000000000008,16.0,0.7318250000000077,1
3045,5871,618.6650000000001,1.8500000000000012,9.0,3.7563500000000403,1
3044,3673,247.71610000000004,1.8500000000000012,9.0,0.2997999999999763,1
