stock1,stock2,trade_capital,open,loss,reward,open_num
1326,3481,172.04125000000002,1.4000000000000008,20.0,-0.016999999999988802,1
2049,3481,378.51675,1.4000000000000008,20.0,-0.3717499999999987,1
2301,3481,86.56965,1.4000000000000008,20.0,0.16140000000000043,1
2308,2371,261.765,1.5000000000000009,5.0,0.41245000000000687,1
2330,3481,249.81675,1.4000000000000008,20.0,0.34200000000000585,1
2353,3481,77.64675,1.4000000000000008,20.0,0.12970000000000326,1
2449,3481,67.63815,1.4000000000000008,20.0,0.09154999999999447,1
2880,3481,37.56345,1.4000000000000008,20.0,0.09014999999999773,1
2912,3481,387.71725000000004,1.4000000000000008,20.0,-0.34099999999998687,1
