stock1,stock2,trade_capital,open,loss,reward,open_num
1504,2439,256.228,1.8500000000000012,9.0,0.8468750000000256,1
2201,2801,95.080575,1.8000000000000012,5.0,-0.14977499999999822,1
2352,2439,242.22875,1.4000000000000008,20.0,0.8693750000000051,1
2352,3231,187.23669999999998,1.8500000000000012,9.0,0.15270000000001005,1
2352,4938,160.17735,1.4000000000000008,20.0,0.24297500000000127,1
2439,3231,247.62675000000002,1.3500000000000008,7.0,0.6055000000000064,1
2618,2881,122.346375,1.5000000000000009,5.0,0.05852500000000305,1
2618,4938,132.95235,1.4000000000000008,20.0,0.13872499999999377,1
