stock1,stock2,trade_capital,open,loss,reward,open_num
1605,2327,832.743,1.4000000000000008,20.0,3.9828750000000355,1
2308,2371,515.52,1.4000000000000008,20.0,4.033450000000059,1
2308,2382,457.10400000000004,1.3500000000000008,7.0,0.780000000000058,1
2308,3034,611.1,1.550000000000009,7.0,3.974000000000075,1
2308,3406,903.36625,1.52,8.0,4.556250000000091,1
2308,3532,613.80125,1.3500000000000008,7.0,3.991250000000065,1
2308,6116,148.56300000000002,1.5000000000000009,5.0,0.32005000000001615,1
2883,3443,341.1175,1.8000000000000012,5.0,-1.5572499999999678,1
