stock1,stock2,trade_capital,open,loss,reward,open_num
1605,1909,123.39000000000001,1.5000000000000009,5.0,0.29360000000000497,1
1909,5880,80.30785,1.8500000000000012,9.0,-0.08087499999999537,1
2353,3532,221.91737500000002,1.4000000000000008,20.0,0.39937500000002046,1
2379,3532,829.322,3.3500000000000023,16.0,10.180750000000046,1
2542,5880,115.6714,1.8500000000000012,9.0,0.11895000000000522,1
3034,6456,827.4000000000001,1.8500000000000012,9.0,1.6657500000000596,1
3532,6116,141.2885,1.6500000000000008,16.0,0.7197500000000119,1
6176,6505,576.6337500000001,1.7500000000000009,15.0,-2.9662499999999596,1
