stock1,stock2,trade_capital,open,loss,reward,open_num
1326,2881,453.5715,1.4000000000000008,20.0,-1.7184999999999775,1
1802,2303,80.10000000000001,1.4000000000000008,20.0,0.06620000000000203,1
2303,6456,241.40800000000002,1.4800000000000009,11.0,-0.12349999999999284,1
2303,9938,149.53500000000003,1.8000000000000012,5.0,0.20009999999999195,1
2379,2801,187.47250000000003,1.8000000000000012,5.0,0.45075000000001353,1
2379,2892,202.94925,1.4000000000000008,20.0,0.4275000000000233,1
2885,2891,102.68565000000001,1.8000000000000012,5.0,-0.36410000000000053,1
