stock1,stock2,trade_capital,open,loss,reward,open_num
1102,2633,69.9075,2.2500000000000018,5.0,0.09087500000000759,1
2308,2353,205.56300000000002,2.7500000000000018,15.0,-0.4190500000000128,1
2308,2633,235.63125000000002,1.4800000000000009,11.0,0.8742500000000177,1
2308,3019,347.44849999999997,1.4000000000000008,20.0,0.9360000000000355,1
2324,2360,249.647375,1.3500000000000008,7.0,0.10062500000000796,1
2324,2376,161.627375,1.5000000000000009,5.0,0.24732500000000357,1
2324,2881,146.86737499999998,1.4000000000000008,20.0,0.2719250000000031,1
2324,9945,129.407375,1.5000000000000009,5.0,0.30102500000000276,1
2371,2618,80.3006,1.5000000000000009,5.0,0.07595000000000596,1
2409,2618,95.1506,1.52,8.0,0.2009750000000139,1
2409,2834,28.404125,1.8500000000000012,9.0,0.024805000000000632,1
2409,2892,118.33612500000001,2.1000000000000014,9.0,0.36212500000002024,1
2409,4958,122.40535,1.8500000000000012,9.0,0.055975000000010766,1
2618,2881,119.65825,1.4000000000000008,20.0,0.31280000000000285,1
2618,2884,76.38560000000001,1.5000000000000009,5.0,0.13240000000000762,1
2618,2886,66.45795000000001,1.4000000000000008,20.0,0.09650000000001313,1
2618,2888,36.774775000000005,1.52,8.0,0.090225000000002,1
2618,2892,109.84825000000001,1.4000000000000008,20.0,0.17900000000000205,1
2618,3019,164.83825000000002,1.52,8.0,-0.26174999999999216,1
2618,6269,172.93824999999998,1.4000000000000008,20.0,0.9725000000000108,1
2633,2888,112.84875000000001,1.52,8.0,0.22262500000001495,1
2633,4958,226.8107,2.7500000000000018,15.0,0.3915750000000173,1
2845,4943,296.829275,1.8000000000000012,5.0,1.5600250000000244,1
