stock1,stock2,trade_capital,open,loss,reward,open_num
1326,2885,174.45925,1.8500000000000012,9.0,-0.022999999999981924,1
1723,4938,933.12,1.550000000000009,7.0,1.3404500000000326,1
1723,6176,904.32,1.8500000000000012,9.0,4.28410000000008,1
2308,3189,259.35900000000004,1.5000000000000009,5.0,0.6855500000000347,1
2881,3189,399.37825,1.8000000000000012,5.0,0.7748000000000559,1
2882,2885,117.54475,1.8500000000000012,9.0,0.11212499999999892,1
2884,3189,152.104375,1.5000000000000009,5.0,0.11337500000000489,1
