stock1,stock2,trade_capital,open,loss,reward,open_num
2049,2439,557.53425,1.5000000000000009,5.0,1.1202500000000555,1
2492,6269,847.6012500000002,1.52,8.0,0.6792500000000814,1
3532,6269,346.7805,1.8500000000000012,9.0,0.9562500000000398,1
