stock1,stock2,trade_capital,open,loss,reward,open_num
2347,2867,129.70515,1.3200000000000007,6.0,0.0051500000000075374,1
2454,2887,395.05725,1.8500000000000012,9.0,-1.6045000000000016,1
2801,2881,134.39445,1.550000000000009,7.0,0.13445000000001528,1
2801,3481,76.70185000000001,1.6500000000000008,16.0,-0.07584999999999376,1
2801,6176,139.905,1.4000000000000008,20.0,-0.2331750000000028,1
2801,6269,172.03790000000004,1.8500000000000012,9.0,0.07790000000002806,1
