stock1,stock2,trade_capital,open,loss,reward,open_num
1402,2492,227.95755000000003,1.3500000000000008,7.0,0.15755000000002894,1
1314,2492,155.97,1.6500000000000008,16.0,0.1893750000000125,1
2888,5880,60.165000000000006,1.8000000000000012,5.0,0.14935000000000542,1
2890,6116,19.679025000000003,0.5,10.0,0.01887499999999953,1
