stock1,stock2,trade_capital,open,loss,reward,open_num
1326,2890,166.9715,1.4800000000000009,11.0,-0.009124999999997385,1
2303,2377,189.22525000000002,2.4000000000000017,10.0,-2.79549999999999,1
2303,2382,263.925,1.5000000000000009,5.0,0.20915000000003658,1
2303,6456,271.10225,2.7500000000000018,15.0,1.5815000000000197,1
2308,2606,609.835,1.5000000000000009,5.0,1.059125000000023,1
2308,3034,1070.9375,2.1000000000000014,9.0,4.803500000000099,1
2344,2887,92.47400000000002,1.5000000000000009,5.0,0.05810000000001381,1
2618,2887,28.35235,1.5000000000000009,5.0,0.05515000000000114,1
2883,3702,89.55000000000001,1.4000000000000008,20.0,0.10037500000000676,1
2883,4938,117.554125,1.4800000000000009,11.0,0.1633250000000217,1
3034,3702,689.85,1.4000000000000008,20.0,-1.1497500000000116,1
