stock1,stock2,trade_capital,open,loss,reward,open_num
1402,2610,57.084599999999995,1.8500000000000012,9.0,0.11029999999999873,1
1605,3045,469.41537500000004,2.4000000000000017,10.0,1.229375000000033,1
2303,2317,160.604875,1.8500000000000012,9.0,0.24492500000000916,1
2383,2888,162.96300000000002,1.4000000000000008,20.0,0.49575000000000813,1
2383,3034,798.579,1.7500000000000009,15.0,3.7340000000000373,1
2383,3532,332.39,1.8000000000000012,5.0,1.9675000000000296,1
2882,3532,393.148,1.550000000000009,7.0,0.8880000000000337,1
