stock1,stock2,trade_capital,open,loss,reward,open_num
1909,3443,389.634,1.4000000000000008,20.0,1.148500000000027,1
1909,6456,227.37775,1.8000000000000012,5.0,-0.3581249999999869,1
2353,2376,158.92485,1.3500000000000008,7.0,0.0929750000000098,1
2377,2439,837.20275,1.52,8.0,1.6687500000000455,1
2376,3673,425.15000000000003,1.52,8.0,-2.3749999999999716,1
2834,2885,101.05095,1.4000000000000008,20.0,0.23657500000000908,1
