stock1,stock2,trade_capital,open,loss,reward,open_num
1476,3189,322.6729,1.4000000000000008,20.0,0.4691500000000488,1
2303,3189,115.12305,1.5000000000000009,5.0,0.0661750000000012,1
2303,3532,175.543125,1.3500000000000008,7.0,0.46837500000000887,1
