stock1,stock2,trade_capital,open,loss,reward,open_num
1303,2308,355.8654,2.0000000000000013,6.0,0.2653999999999854,1
1314,2474,388.575,1.4000000000000008,20.0,-0.3979999999999677,1
1477,2308,623.5264999999999,1.4500000000000008,5.0,-1.5147499999999923,1
2049,2308,793.8075000000001,1.4000000000000008,20.0,1.3075000000000614,1
2049,2409,300.65325,2.0000000000000013,6.0,0.009499999999988518,1
2049,5871,974.73875,1.8500000000000012,9.0,2.955750000000023,1
2308,6176,617.8207500000001,1.3200000000000007,6.0,2.0227500000000305,1
2327,2371,792.714,1.3000000000000007,23.0,9.531625000000076,1
3406,6176,662.8497500000001,1.4000000000000008,20.0,2.944749999999999,1
