stock1,stock2,trade_capital,open,loss,reward,open_num
1434,2888,81.2535,1.8500000000000012,9.0,0.17287500000000477,1
2002,2317,170.73000000000002,1.4500000000000008,5.0,0.21470000000000766,1
2002,2888,52.1541,1.8500000000000012,9.0,0.0680999999999976,1
2303,2376,90.296,1.4800000000000009,11.0,0.15862500000000068,1
2317,5880,142.74,1.4000000000000008,20.0,0.2613500000000073,1
2880,5880,33.553525,2.200000000000001,6.0,0.04690000000000083,1
