stock1,stock2,trade_capital,open,loss,reward,open_num
2834,2888,46.268699999999995,1.5000000000000009,5.0,0.03947000000000411,1
