stock1,stock2,trade_capital,open,loss,reward,open_num
1216,2356,99.80025,1.5000000000000009,5.0,0.14115000000001032,1
1216,2884,144.07387500000002,1.52,8.0,-0.17492499999998756,1
2330,9904,968.2487500000001,1.8000000000000012,5.0,1.0319500000000517,1
2356,3045,216.875625,1.5000000000000009,5.0,0.40687500000001364,1
