stock1,stock2,trade_capital,open,loss,reward,open_num
1101,1216,110.65030000000002,1.3500000000000008,7.0,0.12509999999999621,1
