stock1,stock2,trade_capital,open,loss,reward,open_num
1303,2409,114.6045,1.4000000000000008,20.0,0.06835000000000946,1
1303,2892,107.11574999999999,2.4000000000000017,10.0,0.07945000000001556,1
1303,3702,296.783,1.3500000000000008,7.0,0.4752500000000168,1
1303,5880,125.52870000000001,1.4000000000000008,20.0,0.1509500000000088,1
2015,2884,169.89045000000002,1.8500000000000012,9.0,0.08120000000002392,1
