stock1,stock2,trade_capital,open,loss,reward,open_num
1314,9945,77.45775,2.9250000000000016,20.10344827586205,0.44225000000000847,1
3443,9910,913.5,2.9250000000000016,20.10344827586205,0.9537500000000705,1
