stock1,stock2,trade_capital,open,loss,reward,open_num
2327,2603,169.575,2.9250000000000016,20.10344827586205,1.0750000000000028,1
3034,3673,526.05,2.9250000000000016,20.10344827586205,1.0325000000000273,1
3034,4958,473.5785,2.9250000000000016,20.10344827586205,0.021000000000015007,1
