stock1,stock2,trade_capital,open,loss,reward,open_num
1101,2615,73.2345,3.508635996771593,16.51957223567391,-0.24187500000000028,1
1314,2615,132.717375,2.9250000000000016,20.10344827586205,-0.38262499999998667,1
2357,2615,332.03625,2.9250000000000016,20.10344827586205,0.6025000000000205,1
2383,2615,253.86375,3.508635996771593,16.51957223567391,-0.6362499999999898,1
2615,9904,140.4225,2.2011242403781104,9.193923024983164,-0.7119999999999891,1
2615,9910,247.38000000000002,2.2011242403781104,9.193923024983164,-0.11999999999997613,1
