stock1,stock2,trade_capital,open,loss,reward,open_num
2610,2888,71.98425,4.2079168858495475,14.57469752761706,0.35724999999999696,1
