stock1,stock2,trade_capital,open,loss,reward,open_num
1536,3532,984.9749999999999,2.9250000000000016,20.10344827586205,3.4187499999999886,1
