stock1,stock2,trade_capital,open,loss,reward,open_num
3019,3481,460.551375,1.1433818417759427,7.290679890624436,-7.253624999999971,1
