stock1,stock2,trade_capital,open,loss,reward,open_num
2882,2892,154.014,9.98977440750324,24.99573317561555,0.4140000000000228,1
