stock1,stock2,trade_capital,open,loss,reward,open_num
1909,3706,159.48,4.2079168858495475,14.57469752761706,0.3550000000000111,1
