stock1,stock2,trade_capital,open,loss,reward,open_num
1102,3673,195.8625,3.508635996771593,16.51957223567391,0.13887499999998454,1
1605,3034,129.75375000000003,4.2079168858495475,14.57469752761706,-0.37874999999999126,1
2379,3443,405.97875,6.308691275167791,18.983221476510085,0.42625000000003865,1
