stock1,stock2,trade_capital,open,loss,reward,open_num
1536,3532,501.942,3.508635996771593,16.51957223567391,-1.2579999999999814,1
2353,2439,196.64625,2.9250000000000016,20.10344827586205,0.488125000000025,1
