stock1,stock2,trade_capital,open,loss,reward,open_num
2352,3019,158.59575,5.022148337595906,22.808695652173878,-0.8727500000000106,1
