stock1,stock2,trade_capital,open,loss,reward,open_num
2327,2610,233.745,2.9250000000000016,20.10344827586205,2.1112500000000196,1
