stock1,stock2,trade_capital,open,loss,reward,open_num
1536,2049,1343.101,2.9250000000000016,20.10344827586205,-4.1127500000000055,1
1536,3019,280.2534,1.4616844455470226,11.091664599354965,1.059899999999999,1
2049,3406,1331.36375,1.1433818417759427,7.290679890624436,-0.5677499999999327,1
2105,2344,83.9251,1.4616844455470226,11.091664599354965,-0.2822999999999851,1
2308,2327,864.75875,0.6133408446003465,20.043565348022334,0.6087500000000432,1
2308,2344,165.96224999999998,1.4616844455470226,11.091664599354965,0.4822500000000076,1
2308,2353,217.385,1.1433818417759427,7.290679890624436,0.6550000000000153,1
2308,2439,561.0035,1.4616844455470226,11.091664599354965,-4.413499999999971,1
2308,3406,745.93725,1.1433818417759427,7.290679890624436,-3.209000000000003,1
2327,2344,379.20875,1.8916951729380467,12.846636259977194,0.9210000000000207,1
2327,2353,425.33375,1.5278527918781692,16.150050761421287,1.5937500000000284,1
2327,2454,1901.9050000000002,1.1433818417759427,7.290679890624436,-21.48049999999978,1
2327,2606,484.27250000000004,0.6133408446003465,20.043565348022334,3.2725000000000364,1
2327,3406,504.885,0.6133408446003465,20.043565348022334,-10.293499999999995,1
2327,6285,602.5500000000001,1.1433818417759427,7.290679890624436,-6.995249999999999,1
2344,6285,120.78225,1.1433818417759427,7.290679890624436,-0.5910999999999831,1
2353,2891,167.76000000000002,2.1048266865449103,22.69250838613482,0.5691250000000139,1
2377,2383,528.1295,1.4616844455470226,11.091664599354965,2.1668999999999983,1
2377,2891,156.09935000000002,1.8079859466287909,5.99999999999997,0.10047500000000298,1
2379,3406,700.438,0.6133408446003465,20.043565348022334,-3.633249999999947,1
2454,3019,450.491,0.6133408446003465,20.043565348022334,1.2807500000000402,1
2891,5264,128.565,1.8079859466287909,5.99999999999997,0.33490000000001174,1
2891,6176,156.42000000000002,1.8916951729380467,12.846636259977194,0.3883250000000231,1
3019,5264,148.10180000000003,0.6133408446003465,20.043565348022334,0.5205000000000055,1
3019,5880,139.98970000000003,1.4616844455470226,11.091664599354965,0.2897000000000105,1
3406,5880,294.05825000000004,1.1433818417759427,7.290679890624436,-0.6917499999999706,1
3406,6456,639.688,1.1433818417759427,7.290679890624436,0.46425000000002115,1
3443,5880,276.08525000000003,1.4616844455470226,11.091664599354965,1.0852500000000163,1
5880,6176,160.95820000000003,2.9250000000000016,20.10344827586205,1.2082000000000193,1
