stock1,stock2,trade_capital,open,loss,reward,open_num
1301,2327,749.8900000000001,3.254488356362935,7.52294907720547,1.7022499999999923,1
1303,2891,149.53500000000003,1.8079859466287909,5.99999999999997,0.25002500000000794,1
1216,2303,112.33905,2.2011242403781104,9.193923024983164,0.1717999999999975,1
1216,3231,189.764925,1.8079859466287909,5.99999999999997,0.31492500000001655,1
1434,1536,510.07500000000005,1.1433818417759427,7.290679890624436,1.1468750000000227,1
1434,1704,130.74615,1.8079859466287909,5.99999999999997,0.13917500000002292,1
1434,2371,43.734300000000005,1.8079859466287909,5.99999999999997,0.03430000000000355,1
1536,1802,138.915,1.1433818417759427,7.290679890624436,-1.0802499999999782,1
1536,2324,212.85000000000002,1.8079859466287909,5.99999999999997,-0.35474999999996726,1
1536,2891,191.25,1.4616844455470226,11.091664599354965,-0.8179999999999694,1
1536,3706,243.9,1.4616844455470226,11.091664599354965,0.2924500000000023,1
1704,1802,244.26,1.4616844455470226,11.091664599354965,-1.305749999999989,1
1704,2327,545.815,2.9250000000000016,20.10344827586205,-0.15312499999998863,1
2308,2891,236.025,1.8916951729380467,12.846636259977194,0.10587500000001171,1
2303,2881,102.465,1.8079859466287909,5.99999999999997,0.07885000000000275,1
2303,2888,78.723,1.4616844455470226,11.091664599354965,0.11842000000000041,1
2303,4938,132.615,1.8079859466287909,5.99999999999997,0.0286000000000044,1
2344,2352,45.28065,1.8079859466287909,5.99999999999997,0.0765000000000029,1
2330,2352,271.7135,1.8079859466287909,5.99999999999997,0.3281250000000142,1
2352,2449,163.37625,1.4616844455470226,11.091664599354965,0.1408750000000083,1
2371,2892,104.59287499999999,2.2011242403781104,9.193923024983164,0.09287499999999937,1
2882,3231,178.36087500000002,2.9250000000000016,20.10344827586205,0.22452500000002118,1
2881,9938,256.5633,2.1048266865449103,22.69250838613482,0.596800000000016,1
2890,3231,87.945525,2.9250000000000016,20.10344827586205,0.16650000000001697,1
