stock1,stock2,trade_capital,open,loss,reward,open_num
1319,2408,168.8548,2.9250000000000016,20.10344827586205,-1.0711999999999904,1
1319,2881,291.7617,1.8079859466287909,5.99999999999997,-0.03829999999996403,1
1319,3481,122.06465,2.9250000000000016,20.10344827586205,0.4051500000000061,1
1216,2439,513.27575,2.2011242403781104,9.193923024983164,0.18400000000005434,1
1216,2891,110.49337500000001,4.2079168858495475,14.57469752761706,-0.07482499999999703,1
1314,2891,88.2245,1.4616844455470226,11.091664599354965,-0.08447499999999586,1
2002,2912,381.427,2.9250000000000016,20.10344827586205,-1.8229999999999649,1
2303,2327,182.6935,3.508635996771593,16.51957223567391,0.9650000000000034,1
2337,2344,118.22240000000002,1.4616844455470226,11.091664599354965,-1.1275999999999868,1
2337,3673,342.38565000000006,1.1433818417759427,7.290679890624436,0.9856500000000423,1
2327,2448,266.349875,2.9250000000000016,20.10344827586205,1.5998750000000115,1
2327,2492,219.832,3.254488356362935,7.52294907720547,1.2505000000000024,1
2327,2912,1061.4962500000001,1.4616844455470226,11.091664599354965,2.826750000000061,1
2327,3481,193.20975,2.2011242403781104,9.193923024983164,0.45975000000001387,1
2327,4943,570.1435,1.8079859466287909,5.99999999999997,1.6435000000000457,1
2352,2891,143.30450000000002,2.9250000000000016,20.10344827586205,-0.6755250000000075,1
2347,6269,296.894625,1.4616844455470226,11.091664599354965,0.7816250000000196,1
2439,2492,361.0576,1.8079859466287909,5.99999999999997,-2.142400000000009,1
2408,6269,422.08775,1.1433818417759427,7.290679890624436,-3.677249999999958,1
2448,3406,493.50862500000005,2.030242211571373,14.706692913385783,2.008625000000052,1
2448,6269,271.56275000000005,2.2011242403781104,9.193923024983164,0.5698750000000246,1
2610,3231,69.5521,2.9250000000000016,20.10344827586205,0.038625000000010346,1
2610,6269,182.782,2.1048266865449103,22.69250838613482,0.31852500000001527,1
2618,2884,123.38412500000001,2.9250000000000016,20.10344827586205,0.16017500000001306,1
2618,2912,295.65000000000003,1.4616844455470226,11.091664599354965,0.7553750000000008,1
2618,3481,124.01240000000001,1.8079859466287909,5.99999999999997,0.25252499999999856,1
2881,2912,490.2635,1.4616844455470226,11.091664599354965,-1.7364999999999498,1
2912,3481,295.65,1.4616844455470226,11.091664599354965,0.2561250000000115,1
