stock1,stock2,trade_capital,open,loss,reward,open_num
1536,1704,840.5108,1.4616844455470226,11.091664599354965,-1.3691999999999211,1
1536,2002,154.11317499999998,1.8079859466287909,5.99999999999997,-0.2528249999999801,1
1536,2015,704.41525,2.1048266865449103,22.69250838613482,-0.7647499999999283,1
1536,2347,184.872275,1.4616844455470226,11.091664599354965,0.22227500000000333,1
1536,2606,683.396825,1.4616844455470226,11.091664599354965,-1.083174999999919,1
2311,2352,75.89654999999999,1.8079859466287909,5.99999999999997,0.03037500000000648,1
2327,2352,444.08287500000006,1.4616844455470226,11.091664599354965,0.08287500000002979,1
2330,2439,1299.305,2.9250000000000016,20.10344827586205,3.519250000000085,1
2352,2408,178.681575,1.8079859466287909,5.99999999999997,0.08157500000001505,1
2352,2606,73.27697500000001,1.9903685727286529,4.999999999999846,0.08337499999999665,1
2347,3406,418.275,1.9903685727286529,4.999999999999846,-3.1933749999999748,1
2354,2888,127.55087500000002,3.508635996771593,16.51957223567391,0.3463750000000019,1
2884,2888,28.131800000000005,1.4616844455470226,11.091664599354965,0.1059750000000026,1
2888,3702,56.48335,2.9250000000000016,20.10344827586205,0.209175000000009,1
