stock1,stock2,trade_capital,open,loss,reward,open_num
1102,1319,235.06937499999998,2.9250000000000016,20.10344827586205,0.27957500000000834,1
1504,2439,313.425,1.8079859466287909,5.99999999999997,-1.7704999999999984,1
1504,2885,79.9825,1.8079859466287909,5.99999999999997,0.07572500000000915,1
2201,3045,175.32,1.8079859466287909,5.99999999999997,0.2070500000000095,1
2204,2885,91.776875,1.9903685727286529,4.999999999999846,0.10832500000001133,1
2610,3044,145.0632,2.2011242403781104,9.193923024983164,0.2724500000000063,1
2801,3044,173.33960000000002,1.8079859466287909,5.99999999999997,-0.8603999999999985,1
2801,3443,372.93975,1.4616844455470226,11.091664599354965,-0.31024999999996794,1
2801,4958,144.47625,1.9903685727286529,4.999999999999846,-0.7265000000000015,1
2823,2885,81.9175,1.8079859466287909,5.99999999999997,0.17235000000000866,1
2823,3443,410.82425,1.4616844455470226,11.091664599354965,-3.1555000000000177,1
3443,3682,307.8283,1.4616844455470226,11.091664599354965,-1.0044499999999985,1
