stock1,stock2,trade_capital,open,loss,reward,open_num
1326,2371,152.9382,1.4616844455470226,11.091664599354965,0.1097000000000179,1
1326,2474,596.13915,2.9250000000000016,20.10344827586205,0.8491500000000087,1
1326,2492,353.6687,0.6133408446003465,20.043565348022334,0.5687000000000211,1
1536,2347,283.5,1.4616844455470226,11.091664599354965,0.27637500000003,1
2049,2344,264.825,1.4616844455470226,11.091664599354965,0.30750000000001876,1
2049,2454,1960.026,2.9250000000000016,20.10344827586205,3.8597500000000764,1
2049,2883,241.044,1.8079859466287909,5.99999999999997,-0.26839999999997843,1
2049,9933,352.12102500000003,1.4616844455470226,11.091664599354965,0.4210250000000144,1
2311,2371,62.0039,3.508635996771593,16.51957223567391,-0.09720000000000084,1
2327,2492,398.54325,2.030242211571373,14.706692913385783,-2.1142499999999984,1
2327,2615,183.474375,1.1433818417759427,7.290679890624436,-1.525624999999991,1
2327,6456,917.3425,0.6133408446003465,20.043565348022334,-7.444499999999948,1
2347,2409,93.43587500000001,2.1048266865449103,22.69250838613482,0.10457500000000408,1
2347,2454,352.35,2.1048266865449103,22.69250838613482,0.2115500000000452,1
2347,2892,128.383375,1.8079859466287909,5.99999999999997,0.10199999999999676,1
2347,6269,267.67975,1.1433818417759427,7.290679890624436,-2.176374999999993,1
2371,2395,300.01725,1.8079859466287909,5.99999999999997,0.7887500000000216,1
2371,2883,28.925070000000005,2.9250000000000016,20.10344827586205,-0.06547999999999732,1
2371,2892,29.880000000000003,3.254488356362935,7.52294907720547,0.09997500000000237,1
2371,6269,182.22625,1.1433818417759427,7.290679890624436,-0.02374999999999261,1
2409,2888,85.4047,1.8079859466287909,5.99999999999997,0.06590000000000629,1
2454,2492,599.31,2.9250000000000016,20.10344827586205,1.5972500000000878,1
2880,6456,291.92175000000003,1.8079859466287909,5.99999999999997,-0.22249999999998238,1
2886,2888,38.88872500000001,2.9250000000000016,20.10344827586205,0.01929500000000317,1
2892,6456,326.75912500000004,1.4616844455470226,11.091664599354965,-0.2408749999999884,1
9910,9917,692.9590000000001,1.8079859466287909,5.99999999999997,0.9590000000000032,1
