stock1,stock2,trade_capital,open,loss,reward,open_num
1301,6116,208.292625,2.1000000000000014,9.0,0.30792500000001866,1
1319,1605,177.929,2.200000000000001,6.0,0.4153000000000162,1
1319,2448,294.66,1.8000000000000012,5.0,1.0066500000000005,1
1319,9910,423.26425000000006,1.8000000000000012,5.0,0.8422500000000355,1
1326,2618,165.25855,1.8000000000000012,5.0,-0.15994999999999493,1
1504,1536,270.98625000000004,1.52,8.0,0.570999999999998,1
1504,2103,135.09064999999998,1.4000000000000008,20.0,0.17965000000001652,1
1504,2360,220.05,2.0000000000000013,6.0,0.1325000000000074,1
1504,2618,56.89725,1.8000000000000012,5.0,0.10970000000000368,1
1504,2823,80.825375,1.8000000000000012,5.0,0.06987500000000679,1
1504,6116,151.87185,1.9500000000000013,5.0,0.32185000000000485,1
1504,6176,217.62307500000003,1.4000000000000008,20.0,0.3230750000000171,1
1536,2377,727.7542500000001,2.0000000000000013,6.0,0.8570000000000277,1
1605,2439,277.289,1.4000000000000008,20.0,0.5492500000000291,1
1605,2915,100.4289,1.4000000000000008,20.0,0.34010000000000673,1
1605,6116,38.6369,1.8000000000000012,5.0,-0.2602250000000019,1
2103,2360,210.32999999999998,1.550000000000009,7.0,0.34840000000001226,1
2103,5880,111.73215,1.4500000000000008,5.0,0.032150000000001455,1
2103,6116,96.25540000000001,2.200000000000001,6.0,-0.7945999999999955,1
2377,2823,178.4015,2.1000000000000014,9.0,0.42175000000000296,1
2448,2618,140.04000000000002,1.4000000000000008,20.0,0.31577500000001635,1
2448,9910,305.1,1.4000000000000008,20.0,0.9892500000000268,1
2606,6116,96.47975,2.200000000000001,6.0,-0.9003749999999968,1
2606,6176,367.65,1.52,8.0,-1.9607249999999965,1
2618,5871,141.84,1.52,8.0,0.21292499999999848,1
2618,6176,138.60000000000002,1.4500000000000008,5.0,-0.43070000000000164,1
2915,5880,117.90435,1.4800000000000009,11.0,0.06085000000000207,1
3702,4943,359.55,1.4000000000000008,20.0,-0.8488749999999925,1
5871,6116,134.23475,2.200000000000001,6.0,-0.9632999999999967,1
6116,6176,131.26475000000002,2.200000000000001,6.0,-1.4575999999999922,1
