stock1,stock2,trade_capital,open,loss,reward,open_num
1434,1909,161.55,2,1000,-1.0181249999999835,1
1909,2439,187.20000000000002,2,1000,-0.5616249999999781,1
1909,2449,167.625,2,1000,0.36965000000002135,1
1909,2615,82.17655000000002,2,1000,0.27655000000001806,1
1909,2618,55.08,2,1000,-0.04187499999999034,1
1909,2881,255.87,2,1000,0.12272500000000264,1
1909,2890,60.001900000000006,2,1000,0.007450000000002177,1
1909,6456,312.885,2,1000,0.3272500000000633,1
2201,2615,107.03625,2,1000,0.28522500000000406,1
2204,2317,179.7901,2,1000,-1.8821499999999958,1
2204,2354,181.33980000000003,2,1000,-1.6846999999999923,1
2204,2439,247.59975000000003,2,1000,-2.639999999999972,1
2204,2449,177.5148,2,1000,-1.6783249999999867,1
2204,2615,56.3698,2,1000,-0.4393999999999991,1
2204,6239,188.51680000000002,2,1000,-1.4831999999999823,1
2317,3044,649.00525,2,1000,0.574450000000013,1
2344,2352,107.85674,2,1000,0.4058650000000057,1
2344,2615,91.11525,2,1000,0.5817299999999985,1
2344,6176,95.09714000000001,2,1000,0.13714000000000937,1
2354,2615,157.07625000000002,2,1000,0.3515999999999906,1
2352,2371,23.917900000000003,2,1000,0.03263500000000086,1
2352,2618,95.625,2,1000,0.24002500000000992,1
2352,9904,80.68605,2,1000,0.1217500000000058,1
2371,2439,156.69,2,1000,-0.3110749999999811,1
2371,2449,66.42000000000002,2,1000,0.08899999999999153,1
2371,2615,120.47900999999999,2,1000,0.2690099999999944,1
2371,2618,22.05,2,1000,-0.02676499999999926,1
2371,2881,88.56,2,1000,-0.0976749999999953,1
2371,2888,50.94276,2,1000,-0.05356499999999542,1
2371,3044,106.965,2,1000,0.12127499999999714,1
2439,2615,196.67624999999998,2,1000,-0.31349999999999056,1
2449,2615,106.04625,2,1000,0.43664999999999665,1
2615,2618,106.0663,2,1000,0.18380000000001928,1
2615,2888,24.632995,2,1000,0.07299500000000414,1
2615,2890,34.58804000000001,2,1000,0.05804000000000187,1
2615,6239,164.1534,2,1000,0.15340000000000487,1
2615,6505,179.57625000000002,2,1000,0.21425000000000693,1
2615,9904,88.6668,2,1000,0.21680000000000632,1
2618,6505,175.61225000000002,2,1000,0.9747500000000144,1
2881,6176,453.4116,2,1000,0.6798500000000445,1
2888,9904,53.947050000000004,2,1000,-0.06334000000000017,1
3481,9904,61.00835000000001,2,1000,0.1083500000000015,1
