stock1,stock2,trade_capital,open,loss,reward,open_num
2327,2337,380.76537500000006,4.471572794899045,12.523910733262484,-0.8706249999999898,1
2337,2382,83.2729,1.4616844455470226,11.091664599354965,0.06935000000000713,1
2337,2886,143.78300000000002,1.9903685727286529,4.999999999999846,0.13085000000000946,1
2337,3706,156.32575000000003,2.030242211571373,14.706692913385783,-1.2458499999999901,1
