stock1,stock2,trade_capital,open,loss,reward,open_num
1216,2049,700.2,0.6557762836185819,9.672269763651162,1.3292500000000018,1
1216,2201,157.9726,2.9250000000000016,20.10344827586205,0.15174999999999272,1
1504,3532,264.71525,1.4616844455470226,11.091664599354965,-0.16587499999998556,1
1504,3673,168.03,2.927334267040151,11.825552443199511,-0.2800499999999886,1
2049,2354,753.57025,0.6557762836185819,9.672269763651162,1.3037500000000364,1
2049,2492,3100.85325,0.6557762836185819,9.672269763651162,4.0395000000003165,1
2002,2409,75.0099,2.030242211571373,14.706692913385783,0.08375000000000199,1
2327,2603,1168.425,1.8916951729380467,12.846636259977194,3.294749999999979,1
2327,2618,1160.88525,3.254488356362935,7.52294907720547,7.812750000000008,1
2327,4915,1531.699,1.4616844455470226,11.091664599354965,8.699000000000126,1
2356,2603,140.063625,3.508635996771593,16.51957223567391,-0.4708749999999924,1
2354,2356,151.27275000000003,2.927334267040151,11.825552443199511,-0.17724999999998658,1
2354,2618,145.80905,1.9903685727286529,4.999999999999846,0.019300000000001205,1
2354,6505,606.9195,4.471572794899045,12.523910733262484,2.547500000000042,1
2409,2412,158.4,1.8916951729380467,12.846636259977194,0.4848750000000166,1
2409,2880,130.354175,2.1048266865449103,22.69250838613482,0.20417499999999222,1
2412,2610,144.0,2.927334267040151,11.825552443199511,0.5088750000000104,1
2412,2884,177.39,2.927334267040151,11.825552443199511,0.20360000000000866,1
2492,2603,439.875,3.254488356362935,7.52294907720547,3.51050000000005,1
2492,2882,648.68525,4.2079168858495475,14.57469752761706,0.46200000000004593,1
2492,2892,479.29175,2.030242211571373,14.706692913385783,2.464000000000013,1
2603,6505,176.175,2.2011242403781104,9.193923024983164,0.4552500000000066,1
2618,3673,128.29500000000002,1.4616844455470226,11.091664599354965,0.035800000000008936,1
2618,6456,272.58525000000003,1.4616844455470226,11.091664599354965,-0.19174999999999898,1
2618,6505,186.63524999999998,2.030242211571373,14.706692913385783,0.4507499999999993,1
2880,5880,153.7414,2.2011242403781104,9.193923024983164,0.20527500000001453,1
3034,3702,350.32112500000005,1.9903685727286529,4.999999999999846,-1.7963749999999834,1
