stock1,stock2,trade_capital,open,loss,reward,open_num
1227,1605,156.75725,0.6557762836185819,9.672269763651162,0.5058000000000149,1
2049,2884,361.430875,4.2079168858495475,14.57469752761706,-1.8316249999999599,1
2204,2498,207.91410000000002,4.471572794899045,12.523910733262484,0.8179750000000041,1
2301,2449,102.29632500000002,2.927334267040151,11.825552443199511,0.09632500000002153,1
2301,2884,148.9762,4.2079168858495475,14.57469752761706,0.12620000000001141,1
2303,2603,101.78999999999999,2.1048266865449103,22.69250838613482,0.17982500000001167,1
2303,2618,92.38499999999999,2.030242211571373,14.706692913385783,0.3452750000000062,1
2303,2884,130.03875,2.2011242403781104,9.193923024983164,0.19375000000002274,1
2303,3532,176.85,2.030242211571373,14.706692913385783,0.454125000000019,1
2344,2884,127.970875,4.2079168858495475,14.57469752761706,0.055225000000007185,1
2330,2884,369.69462500000003,4.2079168858495475,14.57469752761706,-0.3053749999999553,1
2353,2801,92.97227500000001,2.927334267040151,11.825552443199511,0.24857499999999888,1
2353,2884,137.543375,4.2079168858495475,14.57469752761706,-0.056624999999993264,1
2352,2454,323.77500000000003,1.5278527918781692,16.150050761421287,0.2092500000000257,1
2352,2474,460.2745,1.4616844455470226,11.091664599354965,-4.206874999999997,1
2352,2618,136.08,1.4616844455470226,11.091664599354965,0.17260000000000275,1
2449,2498,132.950275,4.471572794899045,12.523910733262484,0.5002750000000162,1
2474,2618,444.582125,0.6557762836185819,9.672269763651162,0.08212500000004752,1
2474,2886,445.95000000000005,3.254488356362935,7.52294907720547,3.2507500000000107,1
2454,2845,279.90000000000003,1.4616844455470226,11.091664599354965,0.03275000000002848,1
2454,2884,367.697625,4.2079168858495475,14.57469752761706,-0.3023749999999694,1
2498,2884,157.1639,4.2079168858495475,14.57469752761706,0.013900000000006685,1
2498,2888,88.3127,2.030242211571373,14.706692913385783,0.060725000000005025,1
2801,2884,131.452525,4.2079168858495475,14.57469752761706,0.0025250000000056616,1
2823,2884,142.68565,4.2079168858495475,14.57469752761706,0.03565000000000751,1
2885,3532,176.433,1.5278527918781692,16.150050761421287,0.21800000000001774,1
2915,3532,409.0835,4.2079168858495475,14.57469752761706,0.8685000000000116,1
2915,4938,305.12010000000004,4.2079168858495475,14.57469752761706,-0.27729999999996835,1
