stock1,stock2,trade_capital,open,loss,reward,open_num
1303,2383,798.01875,1.550000000000009,7.0,3.7697000000000287,1
1303,2823,202.19365000000002,2.7500000000000018,15.0,0.2739000000000118,1
1101,6285,466.695,1.6500000000000008,16.0,-1.5766249999999786,1
1216,2324,129.3757,1.9500000000000013,5.0,0.1932999999999936,1
1504,2383,711.7325000000001,1.3000000000000007,23.0,0.8140000000000924,1
2105,2337,107.98700000000001,2.9000000000000017,20.0,0.32960000000000633,1
2301,3702,318.06,2.2500000000000018,5.0,0.2687000000000239,1
2324,2337,130.21695,1.550000000000009,7.0,0.1889500000000197,1
2324,2354,173.79000000000002,2.2500000000000018,5.0,0.009900000000030218,1
2324,2383,212.39350000000002,1.550000000000009,7.0,-0.08449999999999136,1
2324,2492,147.6907,1.3000000000000007,23.0,0.1127000000000109,1
2324,2498,155.745,1.3000000000000007,23.0,-0.10979999999997858,1
2324,6176,149.35500000000002,1.7500000000000009,15.0,0.0007000000000090267,1
2324,9933,138.285,1.6500000000000008,16.0,0.11900000000001398,1
2330,2383,1002.99325,1.3000000000000007,23.0,3.493250000000046,1
2330,2886,300.315875,3.3500000000000023,16.0,0.2688750000000084,1
2330,6176,883.50675,3.3500000000000023,16.0,0.6245000000000687,1
2344,5880,46.2282,2.7500000000000018,15.0,0.12792500000000118,1
2344,6176,139.4787,2.200000000000001,6.0,0.5269499999999994,1
2344,9933,80.17945,1.6500000000000008,16.0,0.07174999999999443,1
2337,2498,121.995,1.3000000000000007,23.0,0.24600000000000932,1
2337,5880,39.510000000000005,2.7500000000000018,15.0,0.1338500000000007,1
2354,3231,218.26275,1.8500000000000012,9.0,0.0008750000000077307,1
2383,2823,252.94275,2.7500000000000018,15.0,0.847999999999999,1
2383,3702,201.0979,2.7500000000000018,15.0,0.7979000000000127,1
2383,9933,260.90775,1.7500000000000009,15.0,0.9837500000000006,1
2382,5880,109.93485,2.7500000000000018,15.0,0.1848499999999902,1
2492,2498,315.33825,1.3000000000000007,23.0,0.1105500000000319,1
2823,2886,175.125875,3.3500000000000023,16.0,0.3281250000000071,1
2823,3231,247.010625,3.3500000000000023,16.0,0.16112500000001262,1
2823,9933,151.92,2.7500000000000018,15.0,0.2460500000000181,1
3231,6176,184.68,2.1000000000000014,9.0,-0.05817499999999143,1
6285,9938,482.40000000000003,1.7500000000000009,15.0,0.693750000000037,1
