stock1,stock2,trade_capital,open,loss,reward,open_num
1319,1605,142.935275,1.3000000000000007,23.0,0.13527500000000714,1
1319,2330,546.1795000000001,1.7500000000000009,15.0,0.6795000000000471,1
1319,2353,134.0515,1.3000000000000007,23.0,0.2392500000000055,1
1319,2371,122.85804999999999,1.3000000000000007,23.0,-0.8939499999999896,1
1605,3019,187.67825000000002,1.3000000000000007,23.0,0.45562500000001194,1
2330,2371,300.0665,1.3000000000000007,23.0,-1.710499999999982,1
2330,2618,305.74075000000005,1.8500000000000012,9.0,0.2793750000000301,1
2313,2354,292.00500000000005,1.7500000000000009,15.0,0.312124999999952,1
2313,2376,187.61815,1.4000000000000008,20.0,0.718150000000044,1
2313,2498,341.865,1.3000000000000007,23.0,-2.516849999999998,1
2344,6116,75.51,1.3000000000000007,23.0,0.12377500000000552,1
2354,2376,578.17925,1.3000000000000007,23.0,-0.9241499999999974,1
2353,2356,86.020775,2.7500000000000018,15.0,-0.17922499999999886,1
2353,2371,124.7552,1.8500000000000012,9.0,-0.8967999999999847,1
2353,2498,139.7215,1.3200000000000007,6.0,-1.1185499999999848,1
2353,6116,36.6563,1.8500000000000012,9.0,0.14119999999999955,1
2356,2371,47.984825,2.7500000000000018,15.0,-0.17597499999999755,1
2356,2498,165.32999999999998,2.7500000000000018,15.0,0.3734749999999991,1
2371,2615,74.09905,2.7500000000000018,15.0,-0.16715000000000657,1
2371,2834,28.905100000000004,1.550000000000009,7.0,-0.1052999999999944,1
2371,3019,175.25400000000002,1.3000000000000007,23.0,0.4770000000000181,1
2371,5264,179.24800000000002,1.3000000000000007,23.0,0.47025000000000716,1
2371,6116,107.302625,2.7500000000000018,15.0,0.33072500000000815,1
2371,6269,170.1,1.4000000000000008,20.0,0.2157500000000141,1
2376,2615,131.72785,1.7500000000000009,15.0,0.1379750000000115,1
2376,3019,358.2565,1.3000000000000007,23.0,1.189375000000041,1
2376,5264,249.38422500000004,1.3000000000000007,23.0,-1.840524999999957,1
2376,6176,261.7431,1.4800000000000009,11.0,-0.31219999999999004,1
2409,2618,64.53,1.6500000000000008,16.0,0.14207500000000195,1
2498,3019,418.07825,1.9500000000000013,5.0,-2.1749999999999687,1
2498,5264,375.7444,1.3000000000000007,23.0,0.7173999999999694,1
2618,6269,175.05,1.6500000000000008,16.0,0.4571250000000049,1
2823,3019,242.979,1.3000000000000007,23.0,0.36412500000000136,1
2823,5264,246.973,1.3500000000000008,7.0,0.35737500000001887,1
3019,5264,544.908,1.3000000000000007,23.0,-1.8662499999999795,1
