stock1,stock2,trade_capital,open,loss,reward,open_num
1326,2379,847.99125,2.4000000000000017,10.0,3.1612500000000523,1
1476,6116,307.173875,1.3000000000000007,23.0,0.24562500000001108,1
1476,6269,710.269,1.3000000000000007,23.0,0.8907500000000255,1
1314,2303,29.07235,1.3000000000000007,23.0,0.05395000000000039,1
1314,2379,171.933,1.3000000000000007,23.0,0.4755000000000109,1
1314,2454,368.52650000000006,1.3000000000000007,23.0,0.18450000000004252,1
1314,2888,93.27275,2.7500000000000018,15.0,0.40254999999999797,1
1314,6116,92.65887500000001,1.3000000000000007,23.0,-0.5458750000000023,1
1704,2888,80.69320000000002,1.3000000000000007,23.0,0.07227500000000475,1
2308,2892,221.00525000000002,1.8500000000000012,9.0,0.14750000000000796,1
2303,2881,248.44500000000005,1.6500000000000008,16.0,0.23494999999999777,1
2303,2888,81.7732,1.3000000000000007,23.0,0.22025000000000006,1
2330,4904,442.3355,2.1000000000000014,9.0,0.6355000000000075,1
2356,2454,410.633125,1.3000000000000007,23.0,-0.11687499999997897,1
2379,2454,644.85,1.7500000000000009,15.0,3.9177500000000123,1
2379,6116,139.5,1.3000000000000007,23.0,0.5163750000000036,1
2809,6116,60.03,1.3000000000000007,23.0,0.14957500000000934,1
2887,6116,45.540000000000006,1.3000000000000007,23.0,0.07387500000000635,1
2881,4904,264.06000000000006,2.7500000000000018,15.0,0.3586999999999705,1
