stock1,stock2,trade_capital,open,loss,reward,open_num
1605,2454,412.87975000000006,1.4000000000000008,20.0,-3.12024999999997,1
1909,2106,378.83090000000004,1.550000000000009,7.0,0.4309000000000083,1
2106,2382,392.32525000000004,1.9500000000000013,5.0,0.3547250000000304,1
2327,2884,305.55,1.6500000000000008,16.0,0.23962500000000375,1
2382,2603,304.692275,2.0000000000000013,6.0,0.34227499999998656,1
2377,9910,731.09725,1.6500000000000008,16.0,0.8397500000000377,1
2603,6456,356.48750000000007,1.8500000000000012,9.0,-6.798624999999959,1
2882,6269,373.18937500000004,2.7500000000000018,15.0,-1.5606249999999733,1
3044,9910,708.75,1.4000000000000008,20.0,3.811249999999987,1
