stock1,stock2,open,loss,reward,open_num,action choose
1301,2354,9.98977440750324,24.99573317561555,0,0,24
1101,2313,4.2079168858495475,14.57469752761706,0.7367250000000212,1,17
1101,3702,3.254488356362935,7.52294907720547,0.6513000000000062,1,15
1101,6176,3.254488356362935,7.52294907720547,0.6382500000000135,1,15
2002,2311,9.98977440750324,24.99573317561555,0,0,24
2002,2313,1.4616844455470226,11.091664599354965,0.1905750000000097,1,4
2002,2823,0.7123126470953718,5.0376563854822525,0.21682500000001426,1,2
2002,3702,2.9250000000000016,20.10344827586205,0.08150000000000546,1,13
2313,2618,0.7123126470953718,5.0376563854822525,0.18507500000001187,1,2
2313,3702,3.254488356362935,7.52294907720547,0.2551750000000226,1,15
2313,6176,0.6133408446003465,20.043565348022334,0.12120000000000886,1,0
2311,2313,2.9250000000000016,20.10344827586205,0.3033750000000026,1,13
2311,2354,2.9250000000000016,20.10344827586205,0.17347499999999627,1,13
2311,2454,2.9250000000000016,20.10344827586205,0.1413750000000391,1,13
2311,2498,2.9250000000000016,20.10344827586205,0.42557500000003756,1,13
2311,2823,3.254488356362935,7.52294907720547,0.29937500000001904,1,15
2311,3702,2.9250000000000016,20.10344827586205,0.21420000000001949,1,13
2311,6176,3.508635996771593,16.51957223567391,0.39877500000002186,1,16
2311,6505,2.9250000000000016,20.10344827586205,0.4420750000000311,1,13
2354,2823,1.4616844455470226,11.091664599354965,0.05037500000001671,1,4
2354,3702,9.98977440750324,24.99573317561555,0,0,24
2354,6176,1.1433818417759427,7.290679890624436,0.01295000000001778,1,3
2439,6176,9.98977440750324,24.99573317561555,0,0,24
2498,3702,1.1433818417759427,7.290679890624436,0.3222000000000236,1,3
2498,6505,0.6133408446003465,20.043565348022334,0.21725000000000705,1,0
2823,3702,1.8916951729380467,12.846636259977194,0.056325000000008174,1,8
2823,6176,1.8079859466287909,5.99999999999997,0.14760000000001128,1,7
2618,3702,1.8916951729380467,12.846636259977194,0.12845000000001505,1,8
2886,3702,1.8079859466287909,5.99999999999997,0.24552500000001487,1,7
2886,6176,0.6133408446003465,20.043565348022334,0.014600000000015712,1,0
3702,4938,9.98977440750324,24.99573317561555,0,0,24
