stock1,stock2,trade_capital,open,loss,reward,open_num
2492,3019,302.50875,2.9250000000000016,20.10344827586205,-1.8112499999999727,1
