stock1,stock2,trade_capital,open,loss,reward,open_num
2439,3532,782.18625,3.508635996771593,16.51957223567391,-4.632499999999908,1
