stock1,stock2,trade_capital,open,loss,reward,open_num
2345,3532,832.59,1.4616844455470226,11.091664599354965,5.168500000000023,1
2823,5871,574.695,1.9903685727286529,4.999999999999846,3.6903750000000457,1
