stock1,stock2,trade_capital,open,loss,reward,open_num
1314,1477,202.05,2.9250000000000016,20.10344827586205,-0.06249999999998579,1
2542,6116,76.68,9.98977440750324,24.99573317561555,-0.3127500000000012,1
