stock1,stock2,trade_capital,open,loss,reward,open_num
2356,2371,61.11,9.98977440750324,24.99573317561555,-0.1697500000000005,1
