stock1,stock2,trade_capital,open,loss,reward,open_num
1476,5871,860.8425000000001,2.2011242403781104,9.193923024983164,-5.657499999999914,1
