stock1,stock2,trade_capital,open,loss,reward,open_num
2492,6176,362.48175000000003,1.4616844455470226,11.091664599354965,-3.0469999999999686,1
