stock1,stock2,trade_capital,open,loss,reward,open_num
2002,2492,319.3125,3.254488356362935,7.52294907720547,-10.579374999999985,1
2376,2498,387.99,1.1433818417759427,7.290679890624436,1.5145000000000266,1
2492,3034,581.04375,2.9250000000000016,20.10344827586205,-7.456249999999983,1
2492,5871,952.6125000000001,1.9903685727286529,4.999999999999846,-9.387499999999932,1
