stock1,stock2,trade_capital,open,loss,reward,open_num
2376,2885,120.405,3.254488356362935,7.52294907720547,-1.0632499999999965,1
2408,4943,506.88,9.98977440750324,24.99573317561555,-0.3312499999999545,1
2492,6269,1001.793,1.4616844455470226,11.091664599354965,3.7005000000000337,1
