stock1,stock2,trade_capital,open,loss,reward,open_num
2303,2385,101.99700000000001,1.9903685727286529,4.999999999999846,0.42875000000000796,1
2888,3019,98.568375,9.98977440750324,24.99573317561555,0.6866250000000207,1
