stock1,stock2,trade_capital,open,loss,reward,open_num
1402,2882,107.43860000000001,1.4616844455470226,11.091664599354965,0.08860000000000667,1
1303,2308,1010.2592999999999,1.9903685727286529,4.999999999999846,1.4443000000000836,1
1303,2344,109.35825,1.1433818417759427,7.290679890624436,0.12787500000000307,1
1303,2884,142.78500000000003,1.8079859466287909,5.99999999999997,0.3111999999999995,1
2106,2449,194.5005,1.5278527918781692,16.150050761421287,-1.0035250000000104,1
2106,2915,121.17760000000001,2.9250000000000016,20.10344827586205,0.10785000000000622,1
2308,9910,1002.93125,2.2011242403781104,9.193923024983164,-5.020249999999976,1
2353,2882,141.75775,3.254488356362935,7.52294907720547,-1.0195249999999874,1
2382,2801,158.75785000000002,1.8079859466287909,5.99999999999997,0.09785000000000821,1
2382,2884,155.025,1.8079859466287909,5.99999999999997,0.0910999999999973,1
2448,2887,117.073625,3.254488356362935,7.52294907720547,0.36497500000001537,1
2449,3682,141.441375,1.8079859466287909,5.99999999999997,-0.377324999999999,1
2542,2801,130.21200000000002,1.8079859466287909,5.99999999999997,0.2946500000000327,1
2801,2884,50.08500000000001,1.8079859466287909,5.99999999999997,0.06629999999999825,1
2618,2881,208.850375,1.9903685727286529,4.999999999999846,0.12127500000002556,1
2618,3034,286.52037500000006,1.4616844455470226,11.091664599354965,0.29137500000001637,1
2618,9910,210.92037500000004,2.9250000000000016,20.10344827586205,-0.5811249999999859,1
2834,3034,212.181375,2.1048266865449103,22.69250838613482,0.25312500000001137,1
