stock1,stock2,trade_capital,open,loss,reward,open_num
1536,2454,593.379,1.4616844455470226,11.091664599354965,0.5775000000000432,1
1605,2823,145.30855000000003,1.8079859466287909,5.99999999999997,-0.835649999999994,1
1605,2885,108.60600000000001,1.8079859466287909,5.99999999999997,0.08278000000001029,1
1605,3682,22.5507,2.9250000000000016,20.10344827586205,0.10402999999999984,1
2330,6239,453.81825000000003,3.508635996771593,16.51957223567391,0.31825000000000614,1
2408,2823,276.39000000000004,1.1433818417759427,7.290679890624436,-3.0567499999999797,1
2408,2885,115.2,1.8079859466287909,5.99999999999997,0.10755000000001758,1
2408,3034,352.08000000000004,1.8079859466287909,5.99999999999997,-3.3825999999999397,1
2408,3682,210.37500000000003,1.1433818417759427,7.290679890624436,0.19855000000002576,1
2615,3682,113.08500000000001,4.2079168858495475,14.57469752761706,-0.0886250000000004,1
2823,2882,253.89,1.9903685727286529,4.999999999999846,-1.0222499999999854,1
2823,2886,212.76000000000002,9.98977440750324,24.99573317561555,-0.3046749999999889,1
2823,2887,78.77850000000001,1.4616844455470226,11.091664599354965,0.07707500000000778,1
2823,5871,95.265,2.9250000000000016,20.10344827586205,-0.35847500000000565,1
2882,3682,199.60015000000004,1.1433818417759427,7.290679890624436,0.20015000000002914,1
2882,6456,345.15,1.1433818417759427,7.290679890624436,1.9210000000000491,1
2885,3682,95.64455000000001,1.5278527918781692,16.150050761421287,0.09355000000001112,1
3034,3044,326.43,1.4616844455470226,11.091664599354965,-0.5440499999999986,1
3034,6239,445.68125,1.9903685727286529,4.999999999999846,-3.19074999999998,1
