stock1,stock2,trade_capital,open,loss,reward,open_num
1227,1909,129.96,1.4616844455470226,11.091664599354965,0.23272499999998786,1
1314,2353,90.48910000000001,2.2011242403781104,9.193923024983164,0.20547500000000696,1
1102,2890,97.591275,1.8079859466287909,5.99999999999997,0.14339999999999975,1
1504,2823,151.58015,1.9903685727286529,4.999999999999846,0.2015250000000144,1
1722,2845,97.38000000000001,1.1433818417759427,7.290679890624436,0.08732500000000698,1
1909,2353,121.82412500000001,1.1433818417759427,7.290679890624436,0.20777500000000515,1
2103,2888,74.35825,2.9250000000000016,20.10344827586205,0.033299999999997,1
2204,2845,56.87572499999999,1.4616844455470226,11.091664599354965,0.06059999999999022,1
2308,2845,231.96787500000002,1.1433818417759427,7.290679890624436,0.37162500000001586,1
2308,2880,257.85,1.4616844455470226,11.091664599354965,0.5687500000000227,1
2308,2888,221.233325,2.9250000000000016,20.10344827586205,0.7370750000000257,1
2344,2353,127.20320000000001,2.9250000000000016,20.10344827586205,0.45095000000001306,1
2344,2356,50.091325,1.8079859466287909,5.99999999999997,0.16997500000000443,1
2344,2888,72.05832500000001,2.9250000000000016,20.10344827586205,0.18675000000000352,1
2353,2356,131.22,2.9250000000000016,20.10344827586205,-0.3185499999999877,1
2353,2845,69.31955,1.1433818417759427,7.290679890624436,0.18742500000000462,1
2353,2890,98.93925,1.8079859466287909,5.99999999999997,0.09137499999999932,1
2356,2474,436.57025,1.8079859466287909,5.99999999999997,-3.1723750000000024,1
2356,2890,78.66,2.1048266865449103,22.69250838613482,0.06860000000000355,1
2371,2845,44.60115,1.1433818417759427,7.290679890624436,0.08917000000000286,1
2382,2845,121.897875,1.1433818417759427,7.290679890624436,0.05582500000000579,1
2474,2845,350.1,1.1433818417759427,7.290679890624436,0.6646250000000222,1
2498,2845,171.45000000000002,1.1433818417759427,7.290679890624436,-0.03612499999997709,1
2498,2888,166.333325,2.9250000000000016,20.10344827586205,0.32932500000003273,1
2498,2912,1646.06,2.9250000000000016,20.10344827586205,3.941000000000031,1
2498,3702,321.899625,1.4616844455470226,11.091664599354965,0.2456250000000182,1
2885,5871,140.625,2.2011242403781104,9.193923024983164,0.21495000000001596,1
2885,6239,104.67000000000002,1.8079859466287909,5.99999999999997,-0.5738500000000002,1
5264,6239,343.44,4.471572794899045,12.523910733262484,-1.471049999999991,1
