stock1,stock2,trade_capital,open,loss,reward,open_num
1101,2449,165.8582,1.8079859466287909,5.99999999999997,0.23645000000001914,1
1101,2603,67.051725,2.2011242403781104,9.193923024983164,0.09454999999999814,1
1102,1605,60.737024999999996,2.9250000000000016,20.10344827586205,-0.14652500000000046,1
2303,2890,63.354825000000005,1.1433818417759427,7.290679890624436,0.25482500000000563,1
2303,3673,153.32680000000002,1.1433818417759427,7.290679890624436,0.31030000000001223,1
2330,2884,225.051875,1.8079859466287909,5.99999999999997,0.3903750000000059,1
2330,2891,219.5385,3.254488356362935,7.52294907720547,0.40687499999999943,1
2330,3706,326.8875,2.9250000000000016,20.10344827586205,-1.9809999999999803,1
2330,5880,203.5635,1.8079859466287909,5.99999999999997,0.6838750000000005,1
2383,5880,127.13500000000002,1.4616844455470226,11.091664599354965,0.0496000000000123,1
2383,6116,79.60475,3.508635996771593,16.51957223567391,-0.5219500000000004,1
2603,6452,423.30287500000003,2.9250000000000016,20.10344827586205,-4.938874999999982,1
2610,6116,47.922625,3.254488356362935,7.52294907720547,0.1729000000000127,1
2610,6269,142.85975000000002,1.5278527918781692,16.150050761421287,0.02762500000000756,1
2618,6116,30.01816,1.5278527918781692,16.150050761421287,0.052210000000004086,1
2880,2886,138.26875,1.8079859466287909,5.99999999999997,0.18205000000001803,1
2880,4938,153.52375,1.1433818417759427,7.290679890624436,0.10670000000001778,1
2880,6116,25.19675,3.254488356362935,7.52294907720547,-0.10926999999999865,1
2884,5880,57.385374999999996,1.8079859466287909,5.99999999999997,0.10737500000001177,1
2884,9945,95.840725,2.9250000000000016,20.10344827586205,-0.25269999999999015,1
2886,6116,28.9921,1.9903685727286529,4.999999999999846,-0.014579999999997817,1
2886,9945,186.9466,2.9250000000000016,20.10344827586205,-0.5975250000000045,1
2891,5880,102.9408,1.5278527918781692,16.150050761421287,0.18680000000000518,1
2892,5880,125.155,1.4616844455470226,11.091664599354965,0.25260000000001526,1
3481,5880,80.47455,1.1433818417759427,7.290679890624436,0.2205500000000029,1
3706,5880,87.83735,1.8079859466287909,5.99999999999997,0.25735000000001307,1
