stock1,stock2,trade_capital,open,loss,reward,open_num
2201,3034,269.52087500000005,2.2011242403781104,9.193923024983164,-2.424124999999975,1
2105,2303,99.18,1.8916951729380467,12.846636259977194,0.08432500000000687,1
2303,2313,74.51715,1.8079859466287909,5.99999999999997,0.17902499999999932,1
2303,2412,130.32,2.9250000000000016,20.10344827586205,0.08235000000000525,1
2303,2449,71.86500000000001,1.9903685727286529,4.999999999999846,0.17977499999999935,1
2303,2498,117.53999999999999,2.9250000000000016,20.10344827586205,0.35327500000001777,1
2303,3034,169.65,1.8079859466287909,5.99999999999997,0.4661249999999981,1
2303,6456,170.261875,2.9250000000000016,20.10344827586205,0.7251250000000127,1
2324,9945,106.71595,2.1048266865449103,22.69250838613482,0.07885000000000986,1
2313,2354,164.05025,2.2011242403781104,9.193923024983164,-0.11287499999998829,1
2313,2385,129.38925,1.8079859466287909,5.99999999999997,-1.1538500000000056,1
2337,2885,28.339925,1.9903685727286529,4.999999999999846,0.0946850000000019,1
2383,2618,130.71720000000002,1.8079859466287909,5.99999999999997,0.2904499999999999,1
2498,2885,100.92600000000002,1.8079859466287909,5.99999999999997,0.187400000000018,1
2880,9910,222.08675000000002,1.8079859466287909,5.99999999999997,1.3900000000000148,1
2886,4938,163.8,1.8079859466287909,5.99999999999997,-0.023375000000001478,1
