stock1,stock2,trade_capital,open,loss,reward,open_num
1326,2883,109.73425,2.9250000000000016,20.10344827586205,0.07540000000000191,1
1314,2337,45.388175,1.4616844455470226,11.091664599354965,-0.46997500000000514,1
1314,2891,101.745,1.8916951729380467,12.846636259977194,0.1299750000000106,1
1314,3231,39.7565,1.1433818417759427,7.290679890624436,0.1382750000000037,1
1477,2324,268.9805,3.508635996771593,16.51957223567391,0.069500000000005,1
1477,2888,217.97255,3.254488356362935,7.52294907720547,-2.427449999999986,1
1722,2383,385.611,1.4616844455470226,11.091664599354965,0.7021750000000253,1
1722,3189,203.52325000000002,0.7123126470953718,5.0376563854822525,0.677950000000024,1
1722,4915,216.60360000000003,1.4616844455470226,11.091664599354965,0.15800000000001546,1
2002,2801,116.32525000000001,1.4616844455470226,11.091664599354965,0.12525000000001185,1
2002,2883,71.68525,1.8079859466287909,5.99999999999997,0.13450000000000273,1
2308,3189,846.4315,1.1433818417759427,7.290679890624436,1.1477500000000873,1
2303,2353,121.19205000000001,5.022148337595906,22.808695652173878,-0.5451500000000067,1
2324,2352,35.032725,3.254488356362935,7.52294907720547,0.1438250000000032,1
2324,9904,216.2405,1.8079859466287909,5.99999999999997,0.20770000000000266,1
2325,2891,149.325675,2.030242211571373,14.706692913385783,0.2256750000000025,1
2330,2412,861.7175,1.4616844455470226,11.091664599354965,3.677899999999994,1
2337,2356,54.11750000000001,9.98977440750324,24.99573317561555,-0.13474999999999326,1
2345,2498,215.78400000000002,1.8079859466287909,5.99999999999997,0.41362500000002456,1
2345,9904,67.1424,4.2079168858495475,14.57469752761706,0.2939500000000024,1
2354,2891,178.38774999999998,1.8079859466287909,5.99999999999997,0.26890000000001635,1
2354,3034,408.35375,2.9250000000000016,20.10344827586205,1.145850000000081,1
2353,6239,133.4528,2.9250000000000016,20.10344827586205,0.39119999999999067,1
2352,9904,64.08045000000001,1.4616844455470226,11.091664599354965,0.14784999999999826,1
2356,2891,39.497975000000004,2.9250000000000016,20.10344827586205,-0.11247499999999278,1
2356,3034,265.889875,1.1433818417759427,7.290679890624436,0.32362500000002115,1
2474,3189,967.25,1.5278527918781692,16.150050761421287,1.9662500000000591,1
2498,9904,320.36275,1.8079859466287909,5.99999999999997,-1.251749999999987,1
2801,2888,60.887800000000006,1.9903685727286529,4.999999999999846,-0.24405000000000143,1
2801,4958,174.63765,2.9250000000000016,20.10344827586205,-0.7623499999999837,1
