stock1,stock2,trade_capital,open,loss,reward,open_num
1319,2385,124.62045000000002,3.508635996771593,16.51957223567391,-0.19312499999998778,1
1303,1319,297.855,0.6133408446003465,20.043565348022334,0.402225000000044,1
1303,4958,441.5367,1.1433818417759427,7.290679890624436,-3.1632999999999925,1
1326,6176,379.92925,2.9250000000000016,20.10344827586205,-0.4707499999999527,1
1402,2313,79.6014,2.9250000000000016,20.10344827586205,0.17242500000000405,1
2313,2317,165.62800000000001,1.8079859466287909,5.99999999999997,0.28795000000000925,1
2313,2353,162.02800000000002,1.8079859466287909,5.99999999999997,0.19410000000000593,1
2313,2354,157.0324,1.4616844455470226,11.091664599354965,0.10077500000001294,1
2313,2357,379.468,2.030242211571373,14.706692913385783,-0.11799999999998079,1
2313,2395,307.918,1.8079859466287909,5.99999999999997,0.001250000000013074,1
2313,2449,116.52495000000002,1.5278527918781692,16.150050761421287,0.1749500000000097,1
2313,2454,516.268,1.8916951729380467,12.846636259977194,-0.3459999999999894,1
2313,4958,180.09775000000002,1.8079859466287909,5.99999999999997,0.46612500000000523,1
2313,6239,118.35440000000001,1.4616844455470226,11.091664599354965,0.21400000000001285,1
2353,2395,337.1075,1.4616844455470226,11.091664599354965,0.4776250000000317,1
2353,6269,173.835125,2.9250000000000016,20.10344827586205,0.22722500000001844,1
2354,2891,162.72,1.9903685727286529,4.999999999999846,0.07827500000001919,1
2395,2542,303.76250000000005,1.4616844455470226,11.091664599354965,0.3335000000000292,1
2395,5264,837.5315,1.4616844455470226,11.091664599354965,2.1290000000000475,1
2409,3702,191.59957500000002,2.9250000000000016,20.10344827586205,-0.26192500000000507,1
2454,2886,587.16025,2.2011242403781104,9.193923024983164,0.34925000000002626,1
2449,2542,349.32522500000005,0.6133408446003465,20.043565348022334,0.42522500000002594,1
2449,6239,268.556875,1.8079859466287909,5.99999999999997,0.9548750000000119,1
2834,2891,64.98010000000001,2.9250000000000016,20.10344827586205,0.049275000000005065,1
2834,5264,225.76085,2.9250000000000016,20.10344827586205,-0.2391499999999951,1
2891,4958,183.15,1.8079859466287909,5.99999999999997,0.4436250000000115,1
2912,3019,468.546125,1.8079859466287909,5.99999999999997,2.0461250000000177,1
6176,6505,238.14225000000002,2.9250000000000016,20.10344827586205,-0.25774999999998727,1
