stock1,stock2,trade_capital,open,loss,reward,open_num
1402,2330,803.825,1.8500000000000012,9.0,3.781774999999996,1
1402,2887,78.06385,1.6500000000000008,16.0,0.17347500000000693,1
1605,2887,45.15217,1.6500000000000008,16.0,0.23217000000000176,1
2049,2382,653.46465,2.7500000000000018,15.0,-5.657350000000008,1
2313,2330,211.13800000000003,1.3000000000000007,23.0,0.17240000000002453,1
2313,3045,169.8395,1.8500000000000012,9.0,0.6339000000000112,1
2313,4958,145.94905,1.3000000000000007,23.0,0.2670500000000118,1
2330,2382,732.3220000000001,2.2500000000000018,5.0,0.8766500000000974,1
2330,2887,192.70925,3.3500000000000023,16.0,0.4380000000000024,1
2379,2439,354.0461,1.3000000000000007,23.0,0.43990000000002283,1
2382,2439,213.63465,1.3000000000000007,23.0,-0.3312000000000026,1
2412,2880,386.745,1.9500000000000013,5.0,0.9095999999999975,1
2412,2882,243.7319,1.4000000000000008,20.0,0.3169000000000324,1
2439,2880,136.60037499999999,2.4000000000000017,10.0,0.38527500000000714,1
2439,3045,648.8575,1.4800000000000009,11.0,1.5063999999999993,1
2603,2885,79.38075,1.3000000000000007,23.0,0.23074999999999335,1
2882,2887,72.541025,1.4500000000000008,5.0,0.19102500000000333,1
2884,2887,96.81945,1.4500000000000008,5.0,0.1971500000000006,1
2884,2892,50.326299999999996,1.3000000000000007,23.0,0.021999999999994913,1
2885,2892,86.47579999999999,1.3000000000000007,23.0,0.41267500000000723,1
2886,3045,210.7895,1.5000000000000009,5.0,0.16625000000000512,1
3045,6116,112.45500000000001,1.9500000000000013,5.0,0.36175000000000423,1
