stock1,stock2,trade_capital,open,loss,reward,open_num
2308,2376,468.0,2.7500000000000018,15.0,1.2170000000000556,1
2353,2439,281.181125,1.3000000000000007,23.0,0.7928750000000093,1
2353,4958,146.90112499999998,2.7500000000000018,15.0,0.2681749999999994,1
2371,9938,171.19762500000002,1.3000000000000007,23.0,0.7251250000000056,1
2382,4915,140.7957,1.3000000000000007,23.0,0.17754999999999654,1
2610,4958,131.80200000000002,1.3000000000000007,23.0,0.05200000000000671,1
