stock1,stock2,trade_capital,open,loss,reward,open_num
1802,2353,68.786975,1.3000000000000007,23.0,0.0875750000000064,1
2103,3045,295.794975,1.3000000000000007,23.0,0.5224750000000142,1
2382,2618,143.78405,1.3000000000000007,23.0,0.12267500000000098,1
2474,2618,397.238625,1.3000000000000007,23.0,0.0993750000000233,1
