stock1,stock2,trade_capital,open,loss,reward,open_num
1314,1504,120.38845,1.3000000000000007,23.0,0.2584500000000176,1
1314,2880,88.904,1.3000000000000007,23.0,0.35337500000000155,1
1314,3019,173.475,1.3000000000000007,23.0,0.9590000000000174,1
2337,9941,434.7135,1.3000000000000007,23.0,0.7332500000000124,1
2618,6269,205.69100000000003,1.3000000000000007,23.0,0.4410000000000167,1
2610,2885,83.33160000000001,1.3000000000000007,23.0,0.21837500000001597,1
2885,3019,186.31475,1.3000000000000007,23.0,-0.040624999999991473,1
