stock1,stock2,trade_capital,open,loss,reward,open_num
2317,3443,775.35,1.3000000000000007,23.0,1.2040000000000646,1
