stock1,stock2,trade_capital,open,loss,reward,open_num
2002,2303,86.085,2.7500000000000018,15.0,0.10615000000001373,1
2002,2379,229.96475,2.7500000000000018,15.0,0.636250000000004,1
2303,2379,176.85000000000002,1.3000000000000007,23.0,-0.04512499999999875,1
2303,5264,184.283375,1.3000000000000007,23.0,0.45487500000000125,1
