stock1,stock2,trade_capital,open,loss,reward,open_num
1314,3532,177.0125,0.5,10.0,-0.02487499999999443,1
1227,3532,490.43225,2.7500000000000018,15.0,-0.25449999999997885,1
2449,2542,234.760375,2.200000000000001,6.0,-1.3180249999999916,1
2454,5264,398.67150000000004,1.3000000000000007,23.0,0.870000000000033,1
2542,6505,451.279,3.3500000000000023,16.0,-0.21774999999999523,1
3034,9945,568.897,1.3000000000000007,23.0,1.7284250000000583,1
3532,9938,666.49875,1.3000000000000007,23.0,4.498749999999973,1
