stock1,stock2,trade_capital,open,loss,reward,open_num
2324,2887,83.17505,1.3000000000000007,23.0,0.12504999999999455,1
2377,4904,587.61,1.3000000000000007,23.0,-2.776649999999961,1
2412,4943,841.9449999999999,1.3000000000000007,23.0,-3.8462499999999977,1
2887,2890,94.12825,1.3000000000000007,23.0,0.13432000000000244,1
4904,5880,144.99304999999998,1.3000000000000007,23.0,0.11967500000000086,1
