stock1,stock2,trade_capital,open,loss,reward,open_num
1402,2615,164.5365,2.1000000000000014,9.0,0.29650000000000176,1
2201,4938,166.77,1.3000000000000007,23.0,0.12145000000002426,1
2303,2881,123.863925,1.3000000000000007,23.0,0.16392499999999188,1
2324,3481,81.05662500000001,2.7500000000000018,15.0,0.17505000000000592,1
