stock1,stock2,trade_capital,open,loss,reward,open_num
2105,2451,315.63,1.3000000000000007,23.0,0.3726000000000198,1
2327,2451,556.65,1.3000000000000007,23.0,4.564000000000036,1
2337,2492,107.7506,1.3000000000000007,23.0,0.3299000000000021,1
2357,2383,828.95625,2.1000000000000014,9.0,1.7100000000000364,1
2356,2451,192.375,3.3500000000000023,16.0,1.177125000000018,1
2356,2888,100.493875,2.7500000000000018,15.0,0.18875000000002018,1
2451,2492,371.04260000000005,0.5,10.0,1.1426000000000442,1
2812,3481,58.78529999999999,1.3000000000000007,23.0,0.22482500000001338,1
