stock1,stock2,trade_capital,open,loss,reward,open_num
2311,6456,448.4285,1.3000000000000007,23.0,1.0483750000000214,1
2317,2356,165.42000000000002,1.3000000000000007,23.0,0.22355000000000302,1
2317,2383,1032.84875,1.3000000000000007,23.0,3.3717500000001337,1
