stock1,stock2,trade_capital,open,loss,reward,open_num
1605,2377,123.48,1.3000000000000007,23.0,0.04382500000001244,1
2204,2344,84.4731,0.5,10.0,0.37310000000000443,1
2204,2371,52.49980000000001,0.5,10.0,0.11690000000000111,1
2344,2886,138.94127500000002,1.3000000000000007,23.0,0.24127500000000524,1
2376,3481,95.15705,3.3500000000000023,16.0,0.2070499999999953,1
2377,3481,143.234825,10.0,25.0,0.18482500000001778,1
2880,2886,65.11500000000001,1.3000000000000007,23.0,0.09117499999999623,1
2881,3481,116.574875,10.0,25.0,-0.2751249999999956,1
3231,3481,93.4596,10.0,25.0,0.3096000000000032,1
