stock1,stock2,trade_capital,open,loss,reward,open_num
2301,2317,282.87505,1.3000000000000007,23.0,0.5750500000000116,1
2327,3481,183.22475000000003,1.3000000000000007,23.0,0.7247500000000144,1
2352,2887,37.893075,1.3000000000000007,23.0,0.09307500000000246,1
2454,6505,670.4927500000001,1.3000000000000007,23.0,0.9927500000000578,1
