stock1,stock2,trade_capital,open,loss,reward,open_num
1536,2345,445.93010000000004,1.3000000000000007,23.0,0.9301000000000172,1
1536,2610,177.28367500000002,1.3000000000000007,23.0,0.2336750000000194,1
1605,2439,151.65,1.3000000000000007,23.0,0.4462000000000046,1
2204,2303,77.884725,2.7500000000000018,15.0,0.17422500000000696,1
2311,9945,143.734075,3.3500000000000023,16.0,-0.06592500000002133,1
2347,2887,76.5086,1.3000000000000007,23.0,0.13022500000000292,1
2610,3406,147.33010000000002,1.3000000000000007,23.0,-0.7371499999999926,1
