stock1,stock2,trade_capital,open,loss,reward,open_num
1216,3034,490.377,1.3000000000000007,23.0,-2.2709999999999866,1
2353,5880,42.6056,1.3000000000000007,23.0,0.03385000000000282,1
2357,3034,692.88375,1.3000000000000007,23.0,0.8877500000000396,1
2448,3034,455.88362500000005,1.3000000000000007,23.0,0.7616250000000093,1
2885,3706,55.930724999999995,2.7500000000000018,15.0,0.1120250000000027,1
3034,5880,157.05,1.3000000000000007,23.0,0.43720000000001136,1
3034,9938,896.7836,1.3000000000000007,23.0,1.063600000000008,1
