stock1,stock2,trade_capital,open,loss,reward,open_num
1314,2492,105.44535000000002,0.5,10.0,0.08260000000000645,1
1314,2603,103.616875,1.3000000000000007,23.0,0.18717500000001053,1
2308,2603,397.44050000000004,1.3000000000000007,23.0,0.6402500000000373,1
2376,2603,115.23910000000001,1.3000000000000007,23.0,0.3138500000000093,1
2376,3034,196.39475,1.3000000000000007,23.0,0.1929500000000104,1
2498,3673,153.76245,1.6500000000000008,16.0,0.155200000000022,1
