stock1,stock2,trade_capital,open,loss,reward,open_num
1303,2383,798.01875,1.3000000000000007,23.0,3.7697000000000287,1
2105,3231,162.60715,10.0,25.0,0.737950000000005,1
2330,2383,1002.99325,1.6500000000000008,16.0,3.493250000000046,1
2337,2344,118.125,3.3500000000000023,16.0,-0.24679999999998614,1
2337,2823,104.60130000000001,2.7500000000000018,15.0,0.1796750000000067,1
2383,2498,678.321,1.3000000000000007,23.0,2.3501500000000135,1
