stock1,stock2,open,loss,reward,open_num,action choose
1102,2303,2.157863247863247,5.9999999999998685,0.22797500000000426,1,14
1102,2887,0.5876911076443143,6.999999999999863,0.4464750000000066,1,1
1227,2303,3.0622389306599844,22.978279030910596,0.7008750000000106,1,21
1227,2353,2.493146677810282,4.999999999999952,0.12120000000000886,1,15
1227,2412,0.5000000000000047,9.999999999999966,2.450649999999996,1,0
1227,2867,2.981865912762523,11.999999999999998,0.5084250000000168,1,19
1227,5880,2.493146677810282,4.999999999999952,0.48917500000001723,1,15
1227,9914,1.4561853893866306,22.41419710544441,0.5567000000000064,1,7
1536,6116,2.783363576377437,14.773012207192318,2.747125000000011,1,16
2303,2801,0.5000000000000047,9.999999999999966,0.06070000000000242,1,0
2303,3008,7.950000000000058,18.999999999999858,0,0,24
2325,2353,0.5000000000000047,9.999999999999966,0.36027500000001567,1,0
2325,3045,2.157863247863247,5.9999999999998685,0.23964999999999748,1,14
2325,5880,0.8742723004694819,18.711737089201883,0.18754999999997324,1,2
2325,9914,7.950000000000058,18.999999999999858,0,0,24
2345,2353,3.1057039235080786,7.556544675239042,0.821975000000009,1,22
2345,2412,0.5000000000000047,9.999999999999966,1.3501000000000047,1,0
2345,2867,0.8742723004694819,18.711737089201883,0.4246500000000104,1,2
2353,2801,0.8742723004694819,18.711737089201883,0.2398750000000014,1,2
2353,3702,2.157863247863247,5.9999999999998685,0.2610250000000107,1,14
2353,5880,2.783363576377437,14.773012207192318,0.505549999999996,1,16
2353,9904,2.157863247863247,5.9999999999998685,0.526475000000012,1,14
2354,2887,1.3590389016018323,14.336956521739136,0.7317750000000061,1,5
2354,9904,1.2728413068844713,11.38302217036173,0.5776000000000252,1,4
2379,2412,2.783363576377437,14.773012207192318,1.2869000000000028,1,16
2379,2887,1.4561853893866306,22.41419710544441,0.5279500000000112,1,7
2379,5880,0.5000000000000047,9.999999999999966,0.2436750000000103,1,0
2412,2867,3.1057039235080786,7.556544675239042,1.221375000000009,1,22
2412,6269,1.3590389016018323,14.336956521739136,1.7380500000000438,1,5
2801,2892,1.231789137380188,5.999999999999997,0.033100000000002794,1,3
2801,5880,2.493146677810282,4.999999999999952,0.3129500000000007,1,15
2867,2887,3.1057039235080786,7.556544675239042,0.7075000000000085,1,22
2867,3008,7.950000000000058,18.999999999999858,0,0,24
3008,5880,0.8742723004694819,18.711737089201883,7.35862500000016,1,2
6269,9904,1.231789137380188,5.999999999999997,1.084399999999988,1,3
