stock1,stock2,model_type,w1,w2,pval,snr,mu,stdev,skewness,Emu,Estd,action
2301,3231,model3,-0.3839953492232244,0.6160046507767757,0.215688938726752,1.1141322081430796,0.4960367582513376,0.0007865363773905188,-0.21714016036778688,0.4960193774264201,0.0007861147266208856,0
2354,2542,model3,-0.7776734327565468,-0.2223265672434533,0.12784836835038355,0.280718976817566,-4.231968479950174,0.0009316399424155721,-0.09432482659318316,-4.231884310123774,0.000898950266114085,24
2354,3231,model1,-0.4166694495405168,0.5833305504594832,0.6732632921611137,1.6391258373385291,2.7705377055638655e-06,0.0006913463989232121,-0.10832818407984657,0.0,0.0006931579973265988,8
