stock1,stock2,model_type,w1,w2,pval,snr,mu,stdev,skewness,Emu,Estd,action
2633,2823,model3,-0.28065510642150626,0.7193448935784936,0.0277390208033318,1.0670747389042716,1.5873902809587022,0.0005385748589968566,-0.5313218630221592,1.5873905169509808,0.0005419231973944798,24
2633,2884,model3,-0.05491867540910715,0.9450813245908928,0.01514115397156344,0.4909628161210767,2.7336861831458585,0.0009543605838768992,-0.3658900502835351,2.7335954263011866,0.000937048873685852,0
2834,2892,model3,0.3631265376367923,0.6368734623632077,0.2600777350725792,0.5410482023348527,2.751496818695457,0.0007458604322884159,-0.3210940868891427,2.7515141022966114,0.0007482737279819817,24
2882,2884,model3,-0.04774747947126093,0.9522525205287392,0.0838210127052304,0.4658798520239845,2.7435837598566595,0.0009797235851076304,-0.3132843386783649,2.7434764433579266,0.0009491195893901604,8
2882,2892,model3,-0.2635303088037239,0.7364696911962759,0.1025713160148472,1.1844476706130094,1.187935378376594,0.0006957798886681463,0.151713116129582,1.187949918603988,0.000703981401759244,8
