stock1,stock2,model_type,w1,w2,pval,snr,mu,stdev,skewness,Emu,Estd,action
2385,2823,model3,0.31441114594802816,0.6855888540519719,0.06157340854939855,0.4947672193117898,3.6950273030123015,0.0007272634823245052,0.4220216833728373,3.6950275474379963,0.0007292097563345835,9
2823,2881,model3,-0.4164927194118454,-0.5835072805881546,0.02130985294010064,0.07917777610301488,-3.702586435887025,0.0012654139449724685,-1.453611081260071,-3.7021802437332663,0.0008448588986232534,24
