stock1,stock2,model_type,w1,w2,pval,snr,mu,stdev,skewness,Emu,Estd,action
2880,2886,model3,-0.6043949448122887,-0.3956050551877113,0.03521274631521998,0.41647146481940384,-3.0084577019325365,0.0009764461361731674,0.21273019186182915,-3.008542070638696,0.0009563317066067576,24
