stock1,stock2,model_type,w1,w2,pval,snr,mu,stdev,skewness,Emu,Estd,action
2002,2542,model1,-0.5473547839264015,0.4526452160735986,0.8356058105504688,0.7418534366690281,-1.0713138670029504e-05,0.0006286288449834051,-0.10534954940946052,4.485301019485631e-14,0.0006250981037281781,14
