stock1,stock2,trade_capital,open,loss,reward,open_num
1504,2884,104.84400000000001,1.3500000000000008,7.0,0.18912500000001486,1
2201,2412,403.1365,2.7500000000000018,15.0,0.84375,1
2201,2449,112.76420000000002,1.8500000000000012,9.0,0.2263750000000151,1
2412,2454,825.22875,2.200000000000001,6.0,1.2145000000000437,1
2412,2884,565.53375,1.4000000000000008,20.0,1.6473250000000377,1
2412,2885,258.52500000000003,2.4000000000000017,10.0,0.5676250000000067,1
2880,2882,134.56615,1.8500000000000012,9.0,0.18415000000000958,1
3034,3231,237.579,2.1000000000000014,9.0,0.3720000000000141,1
