stock1,stock2,trade_capital,open,loss,reward,open_num
1301,2002,210.466,1.8500000000000012,9.0,0.4162500000000193,1
1301,3231,213.022625,1.4800000000000009,11.0,0.41362500000001035,1
2002,3231,44.539525,1.4000000000000008,20.0,-0.5703499999999977,1
2330,3231,329.639,1.8500000000000012,9.0,0.48662500000001785,1
2354,3231,186.09225,2.200000000000001,6.0,-1.9911499999999904,1
