stock1,stock2,trade_capital,open,loss,reward,open_num
1326,2887,173.707,1.8500000000000012,9.0,0.478500000000011,1
1326,2891,204.49287500000003,1.8000000000000012,5.0,0.4256250000000108,1
1303,2891,172.362875,1.4000000000000008,20.0,0.07977500000001214,1
1722,2887,111.782075,1.5000000000000009,5.0,0.08207500000000323,1
2330,2887,278.1465,1.5000000000000009,5.0,-0.4514999999999816,1
2330,2891,313.392875,1.4000000000000008,20.0,0.24412500000001103,1
