stock1,stock2,trade_capital,open,loss,reward,open_num
2317,2449,176.92955,1.4000000000000008,20.0,0.06792500000000246,1
2317,3045,431.21750000000003,1.8000000000000012,5.0,0.6161499999999762,1
2409,2884,81.366325,1.4000000000000008,20.0,0.1177000000000028,1
2449,2867,112.726,1.550000000000009,7.0,0.01437499999999936,1
2449,3706,132.19675,1.550000000000009,7.0,0.03512500000000074,1
2881,3045,543.0182500000001,1.8500000000000012,9.0,0.6345000000000312,1
