stock1,stock2,trade_capital,open,loss,reward,open_num
2385,6239,356.9761,1.5000000000000009,5.0,0.3178500000000355,1
