stock1,stock2,trade_capital,open,loss,reward,open_num
1909,2395,279.374375,1.8500000000000012,9.0,0.048125000000013074,1
1909,2890,68.59695,2.1000000000000014,9.0,0.24695000000000178,1
2344,2881,299.05075000000005,1.3500000000000008,7.0,0.45075000000002774,1
