stock1,stock2,trade_capital,open,loss,reward,open_num
1101,2313,227.31425,2.0000000000000013,6.0,0.19615000000001714,1
1504,2313,87.25500000000001,1.4800000000000009,11.0,-0.6446750000000065,1
1605,2892,112.919625,2.200000000000001,6.0,-0.1348749999999974,1
2352,3481,95.1328,1.5000000000000009,5.0,0.1984250000000003,1
2809,9945,95.37110000000001,1.8500000000000012,9.0,-0.053449999999990894,1
2618,3481,60.19499999999999,1.3500000000000008,7.0,0.05437500000001094,1
3481,9945,81.9,1.7500000000000009,15.0,-0.2862749999999963,1
