stock1,stock2,trade_capital,open,loss,reward,open_num
1434,9921,285.37275,2.2011242403781104,9.193923024983164,0.5485000000000184,1
1101,1102,85.59765,2.9250000000000016,20.10344827586205,0.06634999999999991,1
1101,2882,335.33975000000004,2.9250000000000016,20.10344827586205,-0.3691499999999479,1
2103,2498,152.415,1.4616844455470226,11.091664599354965,0.7444750000000013,1
2105,2327,479.09325,1.4616844455470226,11.091664599354965,0.2507500000000107,1
2105,2812,108.786575,4.2079168858495475,14.57469752761706,-0.21342500000000086,1
2311,2324,130.50595,1.8079859466287909,5.99999999999997,0.1939750000000231,1
2301,2439,329.7047,1.8916951729380467,12.846636259977194,0.6047000000000082,1
2324,2354,192.78040000000001,2.9250000000000016,20.10344827586205,0.5937750000000079,1
2324,2439,293.67,3.254488356362935,7.52294907720547,0.7087500000000233,1
2324,6505,204.363,1.8079859466287909,5.99999999999997,0.4267500000000126,1
2327,2439,1435.5,1.9903685727286529,4.999999999999846,2.6000000000001933,1
2327,2449,324.70825,1.4616844455470226,11.091664599354965,0.23962500000001796,1
2327,2882,418.63475000000005,2.9250000000000016,20.10344827586205,-1.1569999999999538,1
2353,2882,267.3572,2.9250000000000016,20.10344827586205,-0.26317500000001814,1
2354,2886,193.815,1.9903685727286529,4.999999999999846,-0.07339999999999236,1
2409,3481,25.436324999999997,1.8079859466287909,5.99999999999997,0.0595750000000006,1
2439,2886,323.77500000000003,2.9250000000000016,20.10344827586205,1.2077500000000043,1
2439,5264,1198.82825,1.8916951729380467,12.846636259977194,3.513250000000184,1
2439,6116,253.607,1.8916951729380467,12.846636259977194,0.4672750000000008,1
2454,2882,915.2251000000001,2.9250000000000016,20.10344827586205,-16.37489999999994,1
2454,6116,829.6515,3.254488356362935,7.52294907720547,-16.09852499999994,1
2498,2883,108.0001,1.8079859466287909,5.99999999999997,-0.9711499999999873,1
2498,2886,180.07075,3.254488356362935,7.52294907720547,0.6684500000000071,1
2882,2886,113.12180000000001,3.254488356362935,7.52294907720547,0.1190249999999935,1
2886,6505,204.075,1.8079859466287909,5.99999999999997,0.40875000000001194,1
6269,6505,333.576,2.9250000000000016,20.10344827586205,0.9787500000000193,1
6505,9921,439.52575,1.5278527918781692,16.150050761421287,1.2897500000000264,1
