stock1,stock2,trade_capital,open,loss,reward,open_num
1504,2352,192.15,1.8916951729380467,12.846636259977194,-1.7680749999999819,1
1605,2633,142.09,1.8079859466287909,5.99999999999997,0.034525000000007466,1
1605,3682,61.379450000000006,2.1048266865449103,22.69250838613482,0.19957500000000472,1
1605,4904,85.3752,2.2011242403781104,9.193923024983164,0.11965000000000892,1
2313,2379,189.024,1.4616844455470226,11.091664599354965,0.20367500000001826,1
2313,2633,154.87,1.8079859466287909,5.99999999999997,0.06315000000000381,1
2324,2542,62.91,1.9903685727286529,4.999999999999846,0.04492500000000277,1
2352,3443,265.27500000000003,1.1433818417759427,7.290679890624436,-1.9398749999999865,1
2354,2498,234.95230000000004,2.9250000000000016,20.10344827586205,-0.2797999999999945,1
2439,2633,351.20500000000004,2.1048266865449103,22.69250838613482,0.18525000000002478,1
2408,2498,569.292,1.4616844455470226,11.091664599354965,1.401200000000074,1
2408,2883,88.542,1.4616844455470226,11.091664599354965,0.09206999999999965,1
2474,4915,1544.4,1.1433818417759427,7.290679890624436,1.4200000000001864,1
2409,2887,53.4711,1.8916951729380467,12.846636259977194,0.11779999999999369,1
2633,2887,117.6035,1.8916951729380467,12.846636259977194,0.16550000000000864,1
2633,4915,188.215,1.8079859466287909,5.99999999999997,-0.04234999999998479,1
2633,6269,253.555,1.8079859466287909,5.99999999999997,0.8472500000000025,1
2883,3682,83.55080000000001,2.9250000000000016,20.10344827586205,0.3177000000000021,1
2887,4915,129.3035,1.8079859466287909,5.99999999999997,0.1460000000000008,1
3682,6239,145.25345000000002,2.9250000000000016,20.10344827586205,0.3235750000000124,1
4904,4915,423.86100000000005,1.8079859466287909,5.99999999999997,0.15395000000002312,1
