stock1,stock2,trade_capital,open,loss,reward,open_num
1216,2887,125.698375,2.9250000000000016,20.10344827586205,0.1514750000000049,1
1314,2454,368.30150000000003,2.9250000000000016,20.10344827586205,0.4345000000000425,1
1314,2891,132.88500000000002,2.9250000000000016,20.10344827586205,-0.3712500000000034,1
1704,2379,479.70000000000005,2.9250000000000016,20.10344827586205,0.9478750000000389,1
1704,2888,80.60320000000002,1.8079859466287909,5.99999999999997,0.17227500000000617,1
2103,2379,165.24304999999998,1.1433818417759427,7.290679890624436,0.5348000000000042,1
2308,2809,189.81,1.8079859466287909,5.99999999999997,-0.5160499999999928,1
2303,2881,248.44500000000005,1.9903685727286529,4.999999999999846,0.23494999999999777,1
2303,2888,81.7732,1.4616844455470226,11.091664599354965,0.22025000000000006,1
2330,2881,453.558,2.9250000000000016,20.10344827586205,0.28000000000002956,1
2454,2615,399.89925000000005,1.1433818417759427,7.290679890624436,0.39925000000003763,1
2809,2881,258.70500000000004,1.8079859466287909,5.99999999999997,0.4674750000000145,1
2882,2888,105.34175,1.8079859466287909,5.99999999999997,0.2917500000000075,1
2881,2885,114.416125,2.030242211571373,14.706692913385783,0.07067500000000138,1
2888,6116,67.304325,1.1433818417759427,7.290679890624436,0.2425250000000112,1
2888,6269,159.45475,1.8079859466287909,5.99999999999997,0.5025000000000048,1
