stock1,stock2,trade_capital,open,loss,reward,open_num
1102,2454,325.14412500000003,1.8079859466287909,5.99999999999997,0.22987500000002115,1
1605,3034,175.9435,1.1433818417759427,7.290679890624436,-0.023749999999999716,1
1605,9945,80.6712,2.2011242403781104,9.193923024983164,0.17347500000001048,1
2105,2439,435.15,4.2079168858495475,14.57469752761706,1.2717500000000257,1
2105,2474,584.7737500000001,2.9250000000000016,20.10344827586205,1.5760000000000218,1
2105,2891,159.34500000000003,2.9250000000000016,20.10344827586205,0.08389999999999986,1
2105,3034,376.2,2.9250000000000016,20.10344827586205,0.870750000000001,1
2105,3706,245.835,2.9250000000000016,20.10344827586205,0.3890750000000338,1
2344,6285,166.39030000000002,1.5278527918781692,16.150050761421287,-0.46257499999998686,1
2344,9910,197.26925,1.9903685727286529,4.999999999999846,-0.058624999999977945,1
2344,9945,219.78,2.1048266865449103,22.69250838613482,-0.6159249999999901,1
2448,6285,232.19015000000002,1.8079859466287909,5.99999999999997,0.12702500000000327,1
2633,2801,86.454225,1.8079859466287909,5.99999999999997,0.059525000000011374,1
2618,2891,141.801625,1.8079859466287909,5.99999999999997,0.22522499999999468,1
2801,3034,200.11700000000002,2.9250000000000016,20.10344827586205,0.4361250000000183,1
2801,4904,356.355,2.9250000000000016,20.10344827586205,0.35465000000004565,1
2891,9945,82.64089999999999,1.9903685727286529,4.999999999999846,-0.483949999999993,1
