stock1,stock2,trade_capital,open,loss,reward,open_num
2371,6505,195.015,9.98977440750324,24.99573317561555,-0.017499999999998295,1
2882,3019,464.72249999999997,2.9250000000000016,20.10344827586205,1.7750000000000057,1
