stock1,stock2,trade_capital,open,loss,reward,open_num
2353,2379,559.4062500000001,2.9250000000000016,20.10344827586205,3.735875000000078,1
