stock1,stock2,trade_capital,open,loss,reward,open_num
2317,4943,622.5862500000001,5.022148337595906,22.808695652173878,1.8212500000000489,1
2383,4943,482.79,2.9250000000000016,20.10344827586205,-1.2099999999999795,1
2603,4943,299.115,2.9250000000000016,20.10344827586205,-1.0249999999999915,1
3702,4943,350.24625000000003,5.022148337595906,22.808695652173878,0.7822500000000048,1
