stock1,stock2,trade_capital,open,loss,reward,open_num
2337,2801,44.877525,4.2079168858495475,14.57469752761706,-0.15247500000000613,1
