stock1,stock2,trade_capital,open,loss,reward,open_num
1314,1536,196.54500000000002,5.022148337595906,22.808695652173878,-0.25687499999998664,1
1314,1605,36.1245,4.2079168858495475,14.57469752761706,-0.2462499999999963,1
2409,5871,108.81,2.2011242403781104,9.193923024983164,-0.8009999999999877,1
