stock1,stock2,trade_capital,open,loss,reward,open_num
4915,6505,464.83500000000004,9.98977440750324,24.99573317561555,-1.664999999999992,1
