stock1,stock2,trade_capital,open,loss,reward,open_num
1402,2383,183.51,1.1433818417759427,7.290679890624436,0.34317500000001644,1
1301,2891,170.775,1.8079859466287909,5.99999999999997,0.06485000000000696,1
1605,2105,286.17705,1.4616844455470226,11.091664599354965,0.17480000000000828,1
1605,2311,64.743975,1.8079859466287909,5.99999999999997,-0.2016249999999964,1
1605,2317,128.656725,1.8079859466287909,5.99999999999997,0.4067250000000051,1
1605,2352,159.8579,1.8079859466287909,5.99999999999997,0.14365000000000805,1
1605,2383,426.28487500000006,1.1433818417759427,7.290679890624436,1.2998750000000285,1
1605,2454,386.4222500000001,1.8916951729380467,12.846636259977194,0.9082500000000522,1
1605,9904,81.9,1.9903685727286529,4.999999999999846,-0.38612500000000693,1
2303,2352,130.3283,2.1048266865449103,22.69250838613482,0.14697500000000474,1
2303,2383,145.07999999999998,1.1433818417759427,7.290679890624436,0.2574500000000093,1
2303,2454,390.12075000000004,2.030242211571373,14.706692913385783,1.40300000000002,1
2311,2352,96.28897500000002,1.8079859466287909,5.99999999999997,0.1951999999999856,1
2317,2383,1032.84875,1.1433818417759427,7.290679890624436,3.3717500000001337,1
2353,2886,175.55037500000003,2.9250000000000016,20.10344827586205,0.12647500000001344,1
2352,2383,564.525,1.1433818417759427,7.290679890624436,1.5553750000000264,1
2352,3481,165.701075,1.4616844455470226,11.091664599354965,0.201075000000003,1
2454,3481,389.16537500000004,1.4616844455470226,11.091664599354965,1.1653750000000258,1
2886,3231,67.68295,1.9903685727286529,4.999999999999846,0.04110000000000724,1
3231,3481,119.47052500000001,1.4616844455470226,11.091664599354965,0.27052500000000634,1
