stock1,stock2,model_type,w1,w2,pval,snr,mu,stdev,skewness,Emu,Estd,action
2823,6116,model3,-0.5388458025731766,0.4611541974268234,0.13765116479936795,0.8982224025397867,-0.8692527048417522,0.0005099162929224876,0.3284458573398616,-0.869256715758957,0.0005127569256817028,0
2882,2884,model3,-0.04774747947126093,0.9522525205287392,0.0838210127052304,0.4658798520239845,2.7435837598566595,0.0009797235851076304,-0.3132843386783649,2.7434764433579266,0.0009491195893901604,8
