stock1,stock2,model_type,w1,w2,pval,snr,mu,stdev,skewness,Emu,Estd,action
1722,2880,model3,-0.5376802586132322,0.4623197413867679,0.5393908382695223,0.8230758157264916,-0.7145269418796926,0.0008529926488874939,0.11340827354803194,-0.7144993810957683,0.0008493357482425491,10
1722,5880,model3,-0.4312652051936753,0.5687347948063247,0.4589106221325542,1.505452622419302,-0.006137691687882332,0.000819466479195284,0.17318072647502067,-0.006135631977121969,0.0008245594588027022,0
2301,2884,model3,-0.3355675820462963,0.6644324179537038,0.042479185399819895,0.4096976659106558,0.8467064116556842,0.0009178729539724912,-0.6725973385303243,0.8467347663322293,0.0009011941567521011,8
2382,2890,model3,-0.5334700278833315,0.4665299721166685,0.22861723401998515,0.4678929820933467,-0.9851701871870322,0.0013041174128022854,-0.17893980700244885,-0.9851668935566618,0.0013070677334333885,17
2382,5880,model3,-0.4314333308951774,0.5685666691048227,0.3099631679674528,0.8019268485016473,-0.05118310473829755,0.0009228039967469703,0.2390523537934373,-0.05122829644988225,0.0009267471622077172,8
2880,5880,model3,-0.41213906261565614,0.5878609373843439,0.003649310302529074,11.826798412558524,0.5034652628244994,0.0007316144300616772,-0.100843364628881,0.5034655226482623,0.0007340686079942425,8
2884,5880,model3,-0.4601583126582833,0.5398416873417168,0.050949767055885616,1.9304663348212785,0.13848899412242213,0.0007627830093379652,0.0009127506383322496,0.1384734006021966,0.0007695621630510513,24
2890,5880,model3,-0.3446115534418652,0.6553884465581348,0.027138827831904667,0.7716962055834383,1.0705764949801024,0.0011877819084437384,0.3872726484375748,1.0705297071174391,0.0011886457716507772,24
2891,5880,model3,-0.5549538945408841,0.4450461054591159,0.11831079329555468,0.8704948748000426,-0.4214694007086825,0.0007213449447116884,-0.1128260747874762,-0.42148556299097706,0.0007294270881504348,3
