stock1,stock2,model_type,w1,w2,pval,snr,mu,stdev,skewness,Emu,Estd,action
1216,2347,model3,-0.5556357690780532,0.4443642309219467,0.04084769087344628,0.5732792521152442,-0.6748836203848733,0.0005791821039148942,-0.008143703567563458,-0.6749522166337865,0.0005184494605226639,24
1216,2382,model3,-0.5204356239990393,0.4795643760009608,0.06015413020402264,0.12963176139702007,-0.2481536450880537,0.0009251654984173419,0.1117457427798262,-0.2484673738332295,0.0008109479264710403,8
1216,2834,model3,-0.1617996209578125,0.8382003790421875,0.005604423923676868,1.0101847698947624,1.1290759055689852,0.00038604890117135136,0.6256968846509949,1.1290806795190171,0.00038926811328893483,24
1216,6285,model3,0.3486488680571723,0.6513511319428278,0.006782697573905724,0.9789242215737772,4.3016657617280565,0.0005763923367191513,0.946960285235146,4.301691714389103,0.0005812628378072609,0
2330,6285,model3,0.2518601987205443,0.7481398012794557,0.3116956721270321,0.7336341281711893,4.634297097722015,0.000635071211336316,0.7113178765970025,4.6342870584933635,0.0006224231372890753,24
2382,6285,model3,0.36777393634166455,0.6322260636583356,0.06467948397189019,0.4171368861500714,4.242106711150171,0.0007020031751620358,-0.12149372335534975,4.2420638614667565,0.0006858167449782714,8
2834,9945,model3,0.8439800820713835,0.1560199179286164,0.041619222505918964,0.9940633310796014,2.377985406168569,0.00038388734815263196,0.9270096891519112,2.3779905040702385,0.0003868630025007967,0
