stock1,stock2,model_type,w1,w2,pval,snr,mu,stdev,skewness,Emu,Estd,action
1227,2823,model1,-0.4624694182361542,0.5375305817638458,0.9636993497857272,1.0123971643300718,-1.8429975804009995e-05,0.00045618590949118653,-0.14303513826958014,1.6453505224944822e-13,0.00045712515109979783,10
2881,2886,model3,-0.6396125287804277,-0.3603874712195723,0.028390926436776667,0.11908087731158955,-3.644189145298748,0.0011559137393453718,1.7749266944165019,-3.6444258718709617,0.0010791845606594104,24
2823,2882,model3,-0.6068130165321916,0.3931869834678085,0.05201357329063691,0.5945833902689527,-0.5184844657848253,0.0006034732761344355,-1.0185441641074855,-0.5184289293230502,0.00053995232356988,4
2823,2884,model1,-0.4737059262751735,0.5262940737248265,0.8493358677359706,1.5399110285399351,2.6229634787474274e-06,0.0006306925116177848,0.2772215762501456,-6.8833827526759706e-15,0.000634607706544664,14
2882,2884,model3,-0.4266882000598913,0.5733117999401086,0.017993126514754685,0.5614332022357515,0.08354539529458828,0.0007996084735043215,0.31562970888141945,0.0835109041169051,0.0007788235554491268,13
