stock1,stock2,trade_capital,open,loss,reward,open_num
1303,2354,305.5443,2.733738993803925,15.5970472265867,-0.6726500000000186,1
1303,2454,599.64125,2.733738993803925,15.5970472265867,-1.9382499999999538,1
1326,1605,154.26825000000002,0.9435904877199437,5.815110860515745,0.6682500000000147,1
1504,1605,88.60050000000001,0.9435904877199437,5.815110860515745,0.31275000000000475,1
1504,3481,158.66165,2.733738993803925,15.5970472265867,0.3116500000000144,1
1605,1722,100.1205,0.9435904877199437,5.815110860515745,0.19370000000000687,1
1605,2301,109.97550000000001,0.9435904877199437,5.815110860515745,0.1769000000000105,1
1605,2354,144.8955,0.9435904877199437,5.815110860515745,0.21855000000000757,1
1605,2454,291.5055,0.9435904877199437,5.815110860515745,-0.474749999999986,1
1605,2883,71.83209000000001,0.9435904877199437,5.815110860515745,0.3720900000000018,1
1605,2886,85.94550000000001,0.9435904877199437,5.815110860515745,0.06717500000000243,1
1605,3231,64.9683,1.6102443547862653,20.593056549749527,0.14777499999999577,1
1605,3481,77.43367500000001,0.9435904877199437,5.815110860515745,0.23367500000000518,1
1722,2327,296.18425,2.0386430465172296,8.888021209930221,0.523750000000021,1
1722,2382,468.99545,2.733738993803925,15.5970472265867,0.19545000000003654,1
1722,2454,438.74475,2.733738993803925,15.5970472265867,0.30962500000001114,1
2103,2886,186.525,1.6102443547862653,20.593056549749527,0.28822500000001483,1
2301,2317,282.87505,0.9435904877199437,5.815110860515745,0.5750500000000116,1
2317,2883,139.991,1.6102443547862653,20.593056549749527,0.8156800000000146,1
2327,3481,183.22475000000003,2.0386430465172296,8.888021209930221,0.7247500000000144,1
2347,2887,73.07632500000001,2.9000315809028514,11.67323054059074,0.13502500000001305,1
2347,4958,193.13455,2.733738993803925,15.5970472265867,0.3887500000000159,1
2354,2886,297.0761,2.9000315809028514,11.67323054059074,0.23409999999999798,1
2408,2886,179.6778,2.733738993803925,15.5970472265867,-0.3888249999999971,1
2454,2883,272.43280000000004,2.0386430465172296,8.888021209930221,-0.34669999999997003,1
2454,9914,846.22875,0.9435904877199437,5.815110860515745,0.7287500000000477,1
2887,3231,42.94947500000001,2.0386430465172296,8.888021209930221,0.08325000000000315,1
2887,3481,100.39917500000001,2.733738993803925,15.5970472265867,0.3991750000000067,1
