stock1,stock2,trade_capital,open,loss,reward,open_num
1216,1303,293.38640000000004,2.9000315809028514,11.67323054059074,-1.2655999999999494,1
1216,3443,352.34925,2.733738993803925,15.5970472265867,-0.570749999999947,1
1605,2377,129.405375,0.9435904877199437,5.815110860515745,0.2957750000000061,1
1909,4938,201.555,2.733738993803925,15.5970472265867,-0.6354749999999854,1
2303,2345,130.753575,0.9435904877199437,5.815110860515745,0.003575000000004991,1
2303,2377,120.7585,0.9435904877199437,5.815110860515745,0.05875000000000341,1
2303,2884,66.95085,2.733738993803925,15.5970472265867,0.09755000000000358,1
2303,3673,146.925,2.733738993803925,15.5970472265867,-0.7441249999999897,1
2303,5264,157.613225,2.9000315809028514,11.67323054059074,0.6632250000000042,1
2303,5880,72.4426,2.0386430465172296,8.888021209930221,0.08937500000000576,1
2881,6456,366.18850000000003,2.9000315809028514,11.67323054059074,0.9270000000000209,1
3019,5264,370.94275000000005,0.9435904877199437,5.815110860515745,1.2427500000000435,1
3673,5264,557.6052500000001,2.9000315809028514,11.67323054059074,-3.5097499999999684,1
