stock1,stock2,trade_capital,open,loss,reward,open_num
1722,3443,370.436875,1.6102443547862653,20.593056549749527,-4.0778749999999775,1
2103,3481,219.08875,2.733738993803925,15.5970472265867,-0.03734999999999644,1
2301,2618,109.35000000000001,0.9435904877199437,5.815110860515745,0.06737500000000551,1
2301,3481,112.777925,0.9435904877199437,5.815110860515745,0.11955000000000382,1
2344,3443,234.989,2.733738993803925,15.5970472265867,-2.6757499999999794,1
2454,3443,1097.568,2.733738993803925,15.5970472265867,-17.755749999999864,1
2542,3443,726.888125,0.9435904877199437,5.815110860515745,-8.912874999999929,1
2542,6505,259.8097,0.9435904877199437,5.815110860515745,1.3097000000000207,1
2618,5264,165.43937499999998,0.9435904877199437,5.815110860515745,-0.01362499999999045,1
3481,6505,177.982625,0.9435904877199437,5.815110860515745,0.48262500000001296,1
