stock1,stock2,trade_capital,open,loss,reward,open_num
1303,2383,620.56775,0.9435904877199437,5.815110860515745,1.6677500000000407,1
2105,2383,664.93875,0.9435904877199437,5.815110860515745,1.6813500000000374,1
2324,2383,193.50600000000003,1.6102443547862653,20.593056549749527,0.44250000000000966,1
2379,2383,210.5365,0.9435904877199437,5.815110860515745,0.16625000000000512,1
2383,2603,135.675,2.9000315809028514,11.67323054059074,0.9221500000000091,1
2383,2823,206.91000000000003,2.733738993803925,15.5970472265867,0.6536500000000132,1
2383,2882,439.282125,2.733738993803925,15.5970472265867,1.3051250000000039,1
2383,2884,191.00975,2.733738993803925,15.5970472265867,0.9455000000000098,1
2383,2890,139.905,2.9000315809028514,11.67323054059074,0.9150999999999954,1
2383,2912,938.3205,2.733738993803925,15.5970472265867,3.5030000000000427,1
2383,2915,213.42540000000002,2.0386430465172296,8.888021209930221,0.561150000000012,1
2383,3034,215.42375,0.9435904877199437,5.815110860515745,0.6595000000000084,1
2383,3702,132.255,2.9000315809028514,11.67323054059074,0.8779249999999976,1
2383,3706,126.81,2.9000315809028514,11.67323054059074,0.8370750000000129,1
3034,5871,650.2232,0.9435904877199437,5.815110860515745,1.5231999999999815,1
