stock1,stock2,trade_capital,open,loss,reward,open_num
2330,3231,354.9665,2.733738993803925,15.5970472265867,-0.3019999999999925,1
2327,6116,292.59225000000004,0.9435904877199437,5.815110860515745,0.3011250000000203,1
2311,2408,190.75147500000003,2.733738993803925,15.5970472265867,-0.7987249999999904,1
2379,2409,171.24275,2.0386430465172296,8.888021209930221,0.492750000000008,1
2408,6116,139.228875,2.0386430465172296,8.888021209930221,-0.4713250000000002,1
2409,2885,108.9762,1.6102443547862653,20.593056549749527,0.27607500000001295,1
2474,2885,344.29987500000004,2.0386430465172296,8.888021209930221,0.18637499999999818,1
2474,6269,1875.518,0.9435904877199437,5.815110860515745,-5.045749999999998,1
2834,2885,76.02690000000001,2.0386430465172296,8.888021209930221,0.08205500000000399,1
2886,6269,230.8155,2.0386430465172296,8.888021209930221,0.8851250000000022,1
3231,6116,55.935,0.9435904877199437,5.815110860515745,0.10647500000000676,1
