stock1,stock2,trade_capital,open,loss,reward,open_num
2301,2633,107.055,2.733738993803925,15.5970472265867,-0.07857500000001494,1
2303,2360,178.53725000000003,2.0386430465172296,8.888021209930221,-1.030124999999984,1
2303,2890,23.096395,2.733738993803925,15.5970472265867,0.05284500000000136,1
2303,3481,84.9778,2.733738993803925,15.5970472265867,0.3600499999999993,1
2303,6269,176.4,2.0386430465172296,8.888021209930221,-2.5406249999999915,1
2347,2383,304.36350000000004,2.0386430465172296,8.888021209930221,0.2669999999999959,1
2347,2409,201.61785,2.9000315809028514,11.67323054059074,0.219850000000001,1
2347,3673,281.177,2.0386430465172296,8.888021209930221,0.8097500000000082,1
2383,2618,210.0885,0.9435904877199437,5.815110860515745,0.1737499999999983,1
2383,3673,341.48850000000004,0.9435904877199437,5.815110860515745,1.4525000000000148,1
2408,3481,144.60862500000002,2.9000315809028514,11.67323054059074,1.76892500000001,1
2448,2633,148.635,2.9000315809028514,11.67323054059074,0.15167500000001155,1
2409,2618,81.98094999999999,0.9435904877199437,5.815110860515745,-0.5838000000000019,1
2409,3189,81.405,0.9435904877199437,5.815110860515745,-0.4352249999999902,1
2409,6505,243.70499999999998,2.0386430465172296,8.888021209930221,0.628300000000003,1
2615,2618,87.77225,0.9435904877199437,5.815110860515745,0.2063750000000013,1
2542,6505,171.54,2.0386430465172296,8.888021209930221,0.313200000000009,1
2618,2881,111.33,2.0386430465172296,8.888021209930221,-0.9843499999999992,1
2618,2886,140.5929,2.0386430465172296,8.888021209930221,-0.9714749999999981,1
2610,2615,126.898875,2.9000315809028514,11.67323054059074,0.6475750000000104,1
2610,2633,56.07000000000001,2.733738993803925,15.5970472265867,-0.0435250000000007,1
2610,6505,104.94,0.9435904877199437,5.815110860515745,0.3742750000000026,1
2633,3673,225.46137500000003,2.0386430465172296,8.888021209930221,0.8933750000000202,1
2886,6269,212.85000000000002,2.9000315809028514,11.67323054059074,0.8933750000000202,1
3189,3481,236.78999999999996,0.9435904877199437,5.815110860515745,-1.4929999999999701,1
