stock1,stock2,trade_capital,open,loss,reward,open_num
1536,2615,224.66250000000002,1.6102443547862653,20.593056549749527,-0.8374999999999773,1
2002,2324,95.2569,2.0386430465172296,8.888021209930221,0.10689999999998179,1
2347,2615,129.2059,0.9435904877199437,5.815110860515745,-0.6440999999999946,1
2379,2615,194.86275,2.733738993803925,15.5970472265867,0.18950000000000955,1
2379,2883,144.855,2.733738993803925,15.5970472265867,0.3576750000000146,1
2379,6269,222.82075,1.6102443547862653,20.593056549749527,1.147500000000008,1
