stock1,stock2,trade_capital,open,loss,reward,open_num
1477,6176,332.08500000000004,2.733738993803925,15.5970472265867,0.580250000000035,1
1434,2356,99.76042500000003,2.0386430465172296,8.888021209930221,0.0955750000000144,1
1434,2885,91.7225,2.733738993803925,15.5970472265867,0.15772500000000633,1
1434,6505,342.89025000000004,0.9435904877199437,5.815110860515745,0.9804750000000304,1
1722,3034,286.2,2.9000315809028514,11.67323054059074,0.5215000000000174,1
1722,6505,242.1,2.0386430465172296,8.888021209930221,0.29545000000000243,1
1802,6505,568.42375,0.9435904877199437,5.815110860515745,1.6392250000000104,1
1909,3034,245.08460000000002,0.9435904877199437,5.815110860515745,0.31435000000000457,1
1909,6505,453.677,0.9435904877199437,5.815110860515745,1.263225000000027,1
2103,2352,211.11975,2.733738993803925,15.5970472265867,0.4643750000000182,1
2103,3045,295.794975,0.9435904877199437,5.815110860515745,0.5224750000000142,1
2308,2474,1134.83125,2.0386430465172296,8.888021209930221,0.2427500000000009,1
2308,2885,220.30625000000003,2.0386430465172296,8.888021209930221,0.4091250000000315,1
2308,5264,1072.10125,2.9000315809028514,11.67323054059074,3.346550000000036,1
2352,2618,51.21045,0.9435904877199437,5.815110860515745,0.11937500000000156,1
2352,6505,213.11675000000002,2.733738993803925,15.5970472265867,0.6613750000000067,1
2356,2474,445.11737500000004,2.9000315809028514,11.67323054059074,-2.468874999999983,1
2353,6505,172.16675,2.9000315809028514,11.67323054059074,-0.2696249999999907,1
2357,2603,354.30125000000004,2.0386430465172296,8.888021209930221,0.2055000000000149,1
2354,2356,285.907375,2.9000315809028514,11.67323054059074,-0.20652499999998497,1
2354,2542,217.71000000000004,2.9000315809028514,11.67323054059074,-0.36284999999999457,1
2354,6116,127.31205,2.733738993803925,15.5970472265867,0.04495000000002136,1
2474,2542,549.45,2.9000315809028514,11.67323054059074,-2.9127499999999884,1
2618,3034,175.838625,0.9435904877199437,5.815110860515745,-0.030874999999994657,1
2618,3045,173.93875000000003,1.6102443547862653,20.593056549749527,0.4773750000000092,1
2618,3443,230.28862500000002,0.9435904877199437,5.815110860515745,-0.12162499999998033,1
2823,6505,220.36175,2.0386430465172296,8.888021209930221,0.34975000000001444,1
3034,3045,594.3305,0.9435904877199437,5.815110860515745,1.5242500000000234,1
3034,6505,628.40875,0.9435904877199437,5.815110860515745,1.5392500000000098,1
3231,3443,307.97125000000005,2.733738993803925,15.5970472265867,0.011750000000006366,1
