stock1,stock2,trade_capital,open,loss,reward,open_num
1102,2886,225.211675,2.9250000000000016,20.10344827586205,-0.2883249999999862,1
1802,6116,99.13500000000002,1.4616844455470226,11.091664599354965,0.23417500000000757,1
1909,2330,715.5862500000001,1.4616844455470226,11.091664599354965,-1.0805999999999472,1
1909,2409,96.58587500000002,1.4616844455470226,11.091664599354965,0.09932500000000033,1
1909,3443,387.36100000000005,1.1433818417759427,7.290679890624436,1.0511250000000274,1
2105,2886,117.49312499999999,4.2079168858495475,14.57469752761706,-0.1339749999999924,1
2303,6456,260.790125,2.9250000000000016,20.10344827586205,0.07737500000000352,1
2317,2409,146.985875,1.4616844455470226,11.091664599354965,0.015325000000011357,1
2317,3481,156.1654,1.8079859466287909,5.99999999999997,0.015399999999999636,1
2317,6456,629.83725,2.9250000000000016,20.10344827586205,0.48225000000002183,1
2344,3706,148.320175,1.1433818417759427,7.290679890624436,-1.3896999999999977,1
2344,6269,222.4335,1.1433818417759427,7.290679890624436,0.8971250000000026,1
2376,2409,109.18587500000001,1.4616844455470226,11.091664599354965,0.17817499999999598,1
2376,3443,378.99100000000004,1.1433818417759427,7.290679890624436,0.5159000000000447,1
2376,3481,109.20625000000001,1.8079859466287909,5.99999999999997,0.07825000000000415,1
2382,3443,591.1120000000001,1.4616844455470226,11.091664599354965,3.612000000000023,1
2382,4943,648.9402500000001,1.4616844455470226,11.091664599354965,-6.520749999999964,1
2492,2886,219.12225,3.254488356362935,7.52294907720547,-0.34574999999998113,1
2492,6269,444.33250000000004,1.1433818417759427,7.290679890624436,2.332500000000053,1
2492,9914,238.14225000000002,1.1433818417759427,7.290679890624436,-0.8577499999999816,1
2610,3019,155.158875,1.4616844455470226,11.091664599354965,0.0013750000000030127,1
2610,6456,247.858875,1.4616844455470226,11.091664599354965,-0.6523749999999993,1
2884,6505,199.4275,1.4616844455470226,11.091664599354965,0.4361250000000041,1
3706,6269,362.70000000000005,1.4616844455470226,11.091664599354965,0.6436250000000427,1
4943,6269,877.6785,0.6133408446003465,20.043565348022334,2.0960000000000605,1
6176,6456,537.125,1.5278527918781692,16.150050761421287,1.1622500000000286,1
