stock1,stock2,trade_capital,open,loss,reward,open_num
1314,3706,48.56725,2.1048266865449103,22.69250838613482,-0.0246999999999975,1
1303,2891,162.06375000000003,2.9250000000000016,20.10344827586205,0.09575000000000955,1
1723,1909,217.623075,1.8079859466287909,5.99999999999997,-1.376925,1
1723,2382,641.16375,1.1433818417759427,7.290679890624436,-9.87544999999993,1
1723,2385,517.223,2.9250000000000016,20.10344827586205,-4.776999999999987,1
1723,2881,273.1335,1.1433818417759427,7.290679890624436,-4.067824999999992,1
1723,3189,591.3900000000001,1.1433818417759427,7.290679890624436,0.5121000000000322,1
1723,3231,252.97750000000002,1.1433818417759427,7.290679890624436,0.34687499999999716,1
1723,3706,306.53950000000003,1.4616844455470226,11.091664599354965,0.2895000000000181,1
1723,6239,880.7070000000001,1.1433818417759427,7.290679890624436,1.6065000000000396,1
1723,6269,345.98025,1.8916951729380467,12.846636259977194,0.9802500000000123,1
2002,3189,179.01,1.8079859466287909,5.99999999999997,0.15097500000000252,1
2353,2377,141.99187500000002,1.1433818417759427,7.290679890624436,0.12612500000000182,1
2353,4904,149.01187500000003,1.1433818417759427,7.290679890624436,0.11442500000001132,1
2377,4904,148.67665,1.5278527918781692,16.150050761421287,0.07665000000000077,1
2382,2891,162.06375000000003,2.9250000000000016,20.10344827586205,0.19559999999999889,1
2888,3702,100.99400000000001,2.9250000000000016,20.10344827586205,-0.965325,1
3231,3706,69.19605,2.9250000000000016,20.10344827586205,0.09605000000000175,1
