stock1,stock2,trade_capital,open,loss,reward,open_num
1326,2303,136.17000000000002,1.1433818417759427,7.290679890624436,0.42207500000002085,1
2105,3481,195.8165,1.8079859466287909,5.99999999999997,0.17750000000002686,1
2303,2337,49.675375,1.4616844455470226,11.091664599354965,0.22537500000000144,1
2303,2357,357.21337500000004,0.6133408446003465,20.043565348022334,-1.7866249999999582,1
2303,2451,152.859625,1.5278527918781692,16.150050761421287,0.7536250000000138,1
2303,2881,107.2389,1.4616844455470226,11.091664599354965,0.08890000000000953,1
2303,6269,157.359625,1.4616844455470226,11.091664599354965,-0.0023749999999864713,1
2327,2451,622.56475,0.6133408446003465,20.043565348022334,2.064750000000032,1
2327,2492,211.3218,1.1433818417759427,7.290679890624436,0.3665500000000179,1
2325,2356,104.26499999999999,2.9250000000000016,20.10344827586205,0.3754000000000275,1
2325,2379,223.38,1.4616844455470226,11.091664599354965,0.7759750000000452,1
2337,2492,107.7506,0.6557762836185819,9.672269763651162,0.3299000000000021,1
2357,2383,828.95625,2.2011242403781104,9.193923024983164,1.7100000000000364,1
2356,2451,192.825,1.4616844455470226,11.091664599354965,0.677125000000018,1
2356,2888,100.493875,3.254488356362935,7.52294907720547,0.18875000000002018,1
2379,2451,640.8,1.1433818417759427,7.290679890624436,1.4282500000000482,1
2379,3019,200.42925000000002,0.6133408446003465,20.043565348022334,0.5818500000000029,1
2383,2451,308.488,1.5278527918781692,16.150050761421287,1.019250000000028,1
2451,2492,331.56,1.4616844455470226,11.091664599354965,2.143350000000048,1
2451,3702,228.77999999999997,1.1433818417759427,7.290679890624436,0.5173500000000217,1
2474,2498,636.1115,1.1433818417759427,7.290679890624436,0.9972500000000082,1
2474,2892,362.02500000000003,2.9250000000000016,20.10344827586205,1.1440000000000339,1
2492,2880,137.154,1.8079859466287909,5.99999999999997,0.13505000000000678,1
2880,6505,179.274,1.9903685727286529,4.999999999999846,-0.03499999999998238,1
2888,3034,156.06555,1.1433818417759427,7.290679890624436,0.2655500000000046,1
3019,3406,598.433,3.508635996771593,16.51957223567391,5.537000000000035,1
3673,6505,719.8012500000001,1.1433818417759427,7.290679890624436,1.3877500000000964,1
5880,6456,227.834875,1.4616844455470226,11.091664599354965,-2.1148749999999694,1
