stock1,stock2,trade_capital,open,loss,reward,open_num
1101,2002,81.76955,2.9250000000000016,20.10344827586205,0.0719750000000019,1
1723,2308,995.8125,1.1433818417759427,7.290679890624436,3.42349999999999,1
2204,2633,43.065000000000005,1.1433818417759427,7.290679890624436,0.0779999999999994,1
2303,2383,166.3525,1.9903685727286529,4.999999999999846,0.49125000000000085,1
2303,2915,110.6362,1.4616844455470226,11.091664599354965,0.07495000000000118,1
2303,8464,372.4405,1.9903685727286529,4.999999999999846,-0.309500000000007,1
2308,2603,214.875,1.4616844455470226,11.091664599354965,0.39075000000002547,1
2308,6285,930.9592500000001,2.2011242403781104,9.193923024983164,0.5217499999999973,1
2308,8464,941.42675,1.8079859466287909,5.99999999999997,-0.520249999999919,1
2344,2409,58.713975,1.1433818417759427,7.290679890624436,-0.8408250000000024,1
2330,3045,829.3960000000001,1.8916951729380467,12.846636259977194,0.738500000000073,1
2330,9914,1470.6460000000002,1.8079859466287909,5.99999999999997,2.1660000000001673,1
2330,9938,1166.48,3.254488356362935,7.52294907720547,1.6055499999999938,1
2383,2915,410.3835,1.1433818417759427,7.290679890624436,0.3835000000000406,1
2409,2603,107.5503,1.9903685727286529,4.999999999999846,-0.6206999999999994,1
2409,3034,180.47887500000002,1.1433818417759427,7.290679890624436,1.2288750000000164,1
2409,5264,149.625,0.6133408446003465,20.043565348022334,0.24987500000001006,1
2615,6176,323.55,1.8079859466287909,5.99999999999997,0.6090250000000168,1
2603,2885,45.94500000000001,1.4616844455470226,11.091664599354965,0.07319999999999816,1
2885,3034,170.104,1.4616844455470226,11.091664599354965,0.4762500000000145,1
2885,6176,80.99175,1.4616844455470226,11.091664599354965,-1.029299999999992,1
3034,6176,229.74225,2.2011242403781104,9.193923024983164,-2.2598499999999717,1
6176,9914,330.34400000000005,1.4616844455470226,11.091664599354965,0.2758999999999787,1
