stock1,stock2,trade_capital,open,loss,reward,open_num
1216,2356,99.80025,1.8500000000000012,9.0,0.14115000000001032,1
1227,2379,499.51050000000004,1.8500000000000012,9.0,0.731250000000017,1
1477,2201,282.325875,1.3500000000000008,7.0,-3.424124999999975,1
1477,2308,743.3497500000001,1.4000000000000008,20.0,1.3307500000000232,1
1477,2324,214.65,1.3500000000000008,7.0,0.3911250000000308,1
1477,2356,259.85962500000005,1.5000000000000009,5.0,-2.3903749999999775,1
1477,2474,639.5475,1.4000000000000008,20.0,-4.4959999999999525,1
1477,2615,226.6595,1.8500000000000012,9.0,-1.0904999999999916,1
1477,2884,226.23250000000002,2.1000000000000014,9.0,0.39637500000000614,1
1477,3045,850.22275,1.5000000000000009,5.0,2.222750000000019,1
1477,9933,368.19687500000003,1.4000000000000008,20.0,-2.553124999999966,1
2002,2353,148.275,1.4000000000000008,20.0,0.2521250000000066,1
2324,2884,91.56245000000001,1.4000000000000008,20.0,0.06244999999999834,1
2201,2308,311.03274999999996,1.8500000000000012,9.0,-1.217250000000007,1
2201,2449,54.02352500000001,2.4000000000000017,10.0,-0.18549999999999756,1
2201,2615,57.128524999999996,1.8500000000000012,9.0,0.1090250000000097,1
2201,5264,249.37537500000002,1.8500000000000012,9.0,-1.8746249999999804,1
2330,4915,1018.8694,1.9500000000000013,5.0,0.9694000000000642,1
2353,2356,177.03405,1.4000000000000008,20.0,0.43405000000001337,1
2353,2379,175.275,1.3500000000000008,7.0,0.2071250000000049,1
2353,2823,127.705625,1.5000000000000009,5.0,0.39952500000001123,1
2353,2891,153.769,1.8500000000000012,9.0,0.2190000000000083,1
2353,3045,176.93562500000002,1.3500000000000008,7.0,0.4668750000000159,1
2353,5264,186.96912500000002,1.3500000000000008,7.0,0.46912500000000534,1
2356,2379,223.42525,1.52,8.0,0.896000000000015,1
2356,9904,115.276825,1.3500000000000008,7.0,0.22682500000001937,1
2449,9945,232.92000000000002,1.7500000000000009,15.0,0.16097500000002185,1
2615,2823,75.21075,1.8500000000000012,9.0,0.08270000000000977,1
2882,2884,130.454025,1.5000000000000009,5.0,0.05402500000000998,1
2887,5264,164.65775000000002,1.5000000000000009,5.0,0.4935000000000045,1
