stock1,stock2,trade_capital,open,loss,reward,open_num
1102,2885,107.0669,1.5000000000000009,5.0,0.18027500000000884,1
1909,2823,77.44800000000001,1.5000000000000009,5.0,0.22850000000001813,1
1909,3706,46.1073,1.4000000000000008,20.0,-0.0716999999999981,1
2204,2330,217.36885,1.8500000000000012,9.0,0.14585000000001003,1
2204,6505,182.23575,1.5000000000000009,5.0,0.36402500000001226,1
2311,2823,170.84335,2.1000000000000014,9.0,0.2433499999999782,1
2311,6239,179.004525,1.5000000000000009,5.0,0.318224999999984,1
2357,2912,1122.401,2.0000000000000013,6.0,-5.820999999999913,1
2357,6116,309.684775,1.4000000000000008,20.0,0.13477499999999765,1
2330,3706,290.1595,1.8500000000000012,9.0,-0.8627499999999912,1
2330,6116,207.38385,1.8500000000000012,9.0,0.21085000000000065,1
2330,9910,721.22775,1.550000000000009,7.0,-6.664749999999913,1
2382,6269,180.81,2.7500000000000018,15.0,-0.5010499999999922,1
2382,6505,543.69,0.5,10.0,4.086350000000074,1
2618,6505,166.275,1.5000000000000009,5.0,0.4717500000000143,1
2801,2885,101.924625,1.52,8.0,0.23800000000001376,1
2823,2892,114.98175,1.7500000000000009,15.0,0.0724000000000089,1
2823,6269,288.9913,1.8500000000000012,9.0,0.12915000000002408,1
2880,2912,286.65000000000003,2.0000000000000013,6.0,-1.476249999999979,1
2880,6116,52.28675500000001,1.4800000000000009,11.0,0.07407999999999504,1
2880,6239,147.96,1.4000000000000008,20.0,0.20272500000000093,1
2885,3231,97.58115000000001,1.3500000000000008,7.0,0.19452500000000583,1
2885,3706,73.1523,1.8500000000000012,9.0,0.08300000000000551,1
2885,6269,132.183375,1.8500000000000012,9.0,-0.26037499999999625,1
2885,9910,139.5,1.3500000000000008,7.0,-1.730249999999998,1
2912,3231,328.777875,1.4000000000000008,20.0,0.22012500000002433,1
2912,9910,1016.2845,1.3500000000000008,7.0,-4.60799999999989,1
3231,3706,125.716725,1.8000000000000012,5.0,0.15147500000001202,1
3706,6116,47.778075,2.200000000000001,6.0,-0.2044150000000009,1
3706,9945,97.51474999999999,2.0000000000000013,6.0,0.047900000000005605,1
6116,9910,571.716,1.3500000000000008,7.0,-5.865479999999927,1
