stock1,stock2,trade_capital,open,loss,reward,open_num
1326,1909,280.3884,1.8079859466287909,5.99999999999997,0.9934000000000225,1
1314,2002,106.79325,1.9903685727286529,4.999999999999846,0.4324500000000029,1
1314,2448,82.4254,1.4616844455470226,11.091664599354965,0.11829999999999785,1
1314,2603,24.440725,1.4616844455470226,11.091664599354965,0.061299999999999244,1
1314,3045,159.35325,2.9250000000000016,20.10344827586205,0.24500000000000455,1
1434,1909,191.21275,1.5278527918781692,16.150050761421287,0.21275000000000333,1
1434,2327,1106.999875,1.8079859466287909,5.99999999999997,-6.3101249999999425,1
1434,6176,226.509725,1.5278527918781692,16.150050761421287,0.059725000000007356,1
1909,2892,124.236625,1.8079859466287909,5.99999999999997,0.0597250000000038,1
1909,3481,81.346125,1.8079859466287909,5.99999999999997,0.4240750000000091,1
1909,6505,627.6015,1.8079859466287909,5.99999999999997,1.4665000000000106,1
2002,2603,105.17920000000001,1.1433818417759427,7.290679890624436,0.08207500000001033,1
2301,6414,586.868375,1.8079859466287909,5.99999999999997,0.6183750000000146,1
2317,2603,137.19287500000002,1.4616844455470226,11.091664599354965,-0.5678749999999866,1
2317,2834,119.47935000000001,3.254488356362935,7.52294907720547,-0.34140000000000015,1
2327,2892,1018.8,1.8079859466287909,5.99999999999997,3.544124999999994,1
2327,3045,1410.75,1.4616844455470226,11.091664599354965,0.1450000000000955,1
2344,2880,105.51225,2.9250000000000016,20.10344827586205,0.1885249999999985,1
2344,6505,307.106375,1.1433818417759427,7.290679890624436,0.5023750000000149,1
2409,2892,73.272975,1.8079859466287909,5.99999999999997,0.08787500000000037,1
2409,3673,71.11635000000001,1.8916951729380467,12.846636259977194,-0.8585999999999938,1
2492,2880,496.2545,1.1433818417759427,7.290679890624436,-0.49550000000000693,1
2492,3231,507.3865,1.1433818417759427,7.290679890624436,0.9711250000000149,1
2883,3045,152.114125,1.1433818417759427,7.290679890624436,0.5051250000000138,1
2882,6176,106.46955,2.9250000000000016,20.10344827586205,0.03229999999999933,1
3019,6116,407.016,0.6133408446003465,20.043565348022334,-0.19907999999999504,1
