stock1,stock2,trade_capital,open,loss,reward,open_num
1326,1402,232.04675,3.508635996771593,16.51957223567391,0.384750000000011,1
1326,2344,160.82999999999998,2.1048266865449103,22.69250838613482,0.4309000000000083,1
1402,2408,205.78500000000003,1.8079859466287909,5.99999999999997,0.20620000000002392,1
1402,2610,65.88260000000001,1.1433818417759427,7.290679890624436,0.14695000000000746,1
1301,1326,498.9365,1.5278527918781692,16.150050761421287,1.7005000000000337,1
1301,2344,173.47500000000002,3.254488356362935,7.52294907720547,0.7093750000000227,1
1101,2610,82.845,1.4616844455470226,11.091664599354965,0.06162500000000648,1
1536,3532,1021.729,0.6133408446003465,20.043565348022334,2.8777500000001055,1
2308,2883,153.4675,1.5278527918781692,16.150050761421287,0.5025000000000119,1
2308,2915,269.14305,2.9250000000000016,20.10344827586205,0.678800000000038,1
2344,6285,114.5199,1.4616844455470226,11.091664599354965,0.1676000000000144,1
2353,5880,99.591325,1.8079859466287909,5.99999999999997,0.08732500000001053,1
2360,2492,1133.9550000000002,2.9250000000000016,20.10344827586205,7.20900000000006,1
2360,5880,244.13325,1.4616844455470226,11.091664599354965,0.8832500000000039,1
2360,6285,464.71225,2.9250000000000016,20.10344827586205,3.250750000000039,1
2408,5880,161.325,1.8916951729380467,12.846636259977194,0.030675000000002228,1
2834,5880,81.8516,1.9903685727286529,4.999999999999846,0.05920000000000414,1
2915,5880,134.2892,1.8079859466287909,5.99999999999997,0.13520000000001176,1
3443,5880,338.99075000000005,1.4616844455470226,11.091664599354965,-1.2592499999999802,1
