stock1,stock2,trade_capital,open,loss,reward,open_num
1326,2049,406.13800000000003,2.1048266865449103,22.69250838613482,-0.6427499999999782,1
1326,6285,596.23425,1.8079859466287909,5.99999999999997,0.9566500000000246,1
1314,1326,153.119,2.9250000000000016,20.10344827586205,0.761125000000014,1
1314,1590,330.117125,1.4616844455470226,11.091664599354965,-0.29112499999995833,1
1314,2449,75.957125,1.4616844455470226,11.091664599354965,0.38247500000000656,1
1314,2454,258.56712500000003,1.4616844455470226,11.091664599354965,0.0781250000000071,1
1314,2610,65.022125,1.4616844455470226,11.091664599354965,0.40070000000000583,1
1314,6285,126.71712500000001,1.8079859466287909,5.99999999999997,0.497575000000019,1
2049,2303,270.79425000000003,1.4616844455470226,11.091664599354965,-0.16549999999999443,1
2303,2454,275.56175,1.8079859466287909,5.99999999999997,0.8273750000000177,1
2303,6285,130.10559999999998,1.9903685727286529,4.999999999999846,-0.5037750000000045,1
2324,2867,105.02799999999999,1.8079859466287909,5.99999999999997,0.23425000000001006,1
2379,2618,185.58050000000003,1.4616844455470226,11.091664599354965,-0.9355999999999725,1
2449,2454,318.776,2.9250000000000016,20.10344827586205,-1.5114999999999696,1
2610,5880,127.60725,2.1048266865449103,22.69250838613482,0.2515499999999946,1
