stock1,stock2,trade_capital,open,loss,reward,open_num
1909,3231,65.47355,1.4616844455470226,11.091664599354965,0.09785000000000466,1
2002,6456,305.790625,1.8916951729380467,12.846636259977194,-0.20937499999999432,1
2313,2356,139.17715,2.9250000000000016,20.10344827586205,0.1229000000000049,1
2915,6456,462.3165,1.9903685727286529,4.999999999999846,0.7590000000000146,1
