stock1,stock2,trade_capital,open,loss,reward,open_num
1303,2308,333.17730000000006,1.9500000000000013,5.0,0.2738000000000227,1
1303,3034,373.82775000000004,1.3000000000000007,23.0,0.40525000000002365,1
1402,2891,97.776525,1.6500000000000008,16.0,0.24602500000001726,1
1536,2885,195.31412500000002,1.7500000000000009,15.0,-0.3168749999999889,1
1477,2303,191.71412500000002,1.7500000000000009,15.0,0.4391250000000113,1
1477,2603,203.32500000000002,1.8500000000000012,9.0,0.18500000000000938,1
1477,3034,591.11625,2.2500000000000018,5.0,1.566250000000025,1
1477,3045,1039.95,1.9500000000000013,5.0,0.7630000000001473,1
1477,9945,252.10500000000002,1.9500000000000013,5.0,-0.9946499999999645,1
2105,2892,140.54770000000002,2.1000000000000014,9.0,0.22657500000001107,1
2308,2474,935.8945,1.6500000000000008,16.0,1.4910000000000991,1
2308,9945,339.74649999999997,1.7500000000000009,15.0,-1.7866249999999866,1
2303,2886,73.56655,1.3000000000000007,23.0,0.1806750000000079,1
2324,2603,51.3012,1.6500000000000008,16.0,0.21720000000000184,1
2330,2603,225.29200000000003,1.6500000000000008,16.0,0.4023750000000206,1
2353,2885,59.948475,3.3500000000000023,16.0,0.25542499999999535,1
2347,2892,113.4135,1.8000000000000012,5.0,0.3242750000000072,1
2409,2448,76.802625,2.200000000000001,6.0,0.27812500000000284,1
2409,2892,103.7385,2.4000000000000017,10.0,0.19025000000000603,1
2603,2886,75.81655,1.3000000000000007,23.0,0.426550000000006,1
2603,3034,160.3895,1.3000000000000007,23.0,0.24950000000000472,1
2603,3045,154.35,1.3000000000000007,23.0,-0.007624999999990223,1
2603,9945,91.49300000000001,1.7500000000000009,15.0,0.2033750000000083,1
2474,2885,257.414125,1.3000000000000007,23.0,-0.42037499999998573,1
2474,2892,281.12850000000003,2.1000000000000014,9.0,0.5440000000000111,1
2615,2885,119.42060000000001,1.5000000000000009,5.0,-0.679399999999994,1
2801,2892,30.61085,1.8500000000000012,9.0,0.05155000000000243,1
2886,5522,201.727,1.8500000000000012,9.0,0.23687500000002615,1
2886,9945,259.8412,2.7500000000000018,15.0,-1.4169249999999778,1
2892,3231,100.8135,2.9000000000000017,20.0,0.39520000000000266,1
3034,9945,209.53375,1.8500000000000012,9.0,0.5186499999999938,1
6456,9945,212.62555,2.7500000000000018,15.0,-0.6409499999999753,1
