stock1,stock2,trade_capital,open,loss,reward,open_num
1402,3231,87.11077500000002,1.6500000000000008,16.0,-0.08439999999998804,1
1536,2823,259.9545,1.8500000000000012,9.0,0.09012500000001467,1
1536,2886,269.09575,2.200000000000001,6.0,1.0957500000000238,1
1504,2379,504.76500000000004,2.200000000000001,6.0,0.606550000000027,1
1504,2884,119.81212500000001,2.1000000000000014,9.0,0.16580000000001505,1
1789,2330,869.802,2.2500000000000018,5.0,0.7682500000000232,1
2103,2201,109.73355000000002,1.8000000000000012,5.0,0.18110000000002913,1
2201,2356,214.83140000000003,2.4000000000000017,10.0,0.35965000000001623,1
2301,2377,335.2612,1.3000000000000007,23.0,0.7693000000000154,1
2301,2439,489.06680000000006,1.3000000000000007,23.0,0.6819250000000068,1
2301,9910,289.3665,1.3000000000000007,23.0,0.738599999999991,1
2330,2449,176.15709999999999,2.7500000000000018,15.0,0.26035000000000963,1
2330,2542,381.6,2.4000000000000017,10.0,0.8617500000000007,1
2330,3034,852.32825,1.8500000000000012,9.0,1.094500000000025,1
2330,3045,805.95,1.8500000000000012,9.0,1.15300000000002,1
2377,2379,310.77,2.7500000000000018,15.0,0.48055000000006487,1
2379,3034,373.48749999999995,2.7500000000000018,15.0,0.4955000000000638,1
2379,3231,301.84655000000004,2.200000000000001,6.0,0.1965500000000162,1
2408,2884,129.442125,1.3000000000000007,23.0,-0.2500249999999866,1
2449,2884,123.61430000000001,1.8500000000000012,9.0,-0.2856999999999843,1
2449,2912,379.0985,2.2500000000000018,5.0,-0.09137499999999932,1
2449,3231,72.64087500000001,2.7500000000000018,15.0,-0.1091249999999917,1
2449,6456,208.7544,1.7500000000000009,15.0,0.2652750000000168,1
2439,9933,379.080525,1.3000000000000007,23.0,0.33052500000002283,1
2542,3481,72.69300000000001,2.0000000000000013,6.0,0.10850000000000293,1
2542,6456,305.91,1.3000000000000007,23.0,0.7881999999999891,1
2542,9910,362.8065,1.3000000000000007,23.0,0.41575000000003115,1
2881,3045,267.34837500000003,1.3000000000000007,23.0,0.5983750000000185,1
2823,6456,192.8553,1.3000000000000007,23.0,-0.05869999999998754,1
2884,6456,175.386525,2.7500000000000018,15.0,-0.06347499999998263,1
2886,3045,249.483,2.1000000000000014,9.0,0.6216250000000159,1
2882,3231,276.48465,2.7500000000000018,15.0,0.23465000000001623,1
3034,3231,224.66250000000002,2.200000000000001,6.0,-0.5874999999999773,1
3045,9945,249.909,3.3500000000000023,16.0,0.5016000000000247,1
3481,9945,80.90815,2.7500000000000018,15.0,0.07122500000000542,1
