stock1,stock2,trade_capital,open,loss,reward,open_num
2327,2409,932.686875,2.9250000000000016,20.10344827586205,-24.0181249999999,1
2327,3406,3391.275,2.9250000000000016,20.10344827586205,12.262500000000273,1
