stock1,stock2,trade_capital,open,loss,reward,open_num
2303,3406,260.690625,3.508635996771593,16.51957223567391,3.781875000000028,1
2337,2439,236.409375,3.508635996771593,16.51957223567391,0.11937500000001933,1
2409,3406,254.158125,5.022148337595906,22.808695652173878,4.545625000000001,1
2454,2890,261.63375,3.508635996771593,16.51957223567391,1.5812500000000114,1
2606,2890,80.1885,2.9250000000000016,20.10344827586205,-0.6139999999999972,1
