stock1,stock2,trade_capital,open,loss,reward,open_num
1605,2327,1132.2375,2.9250000000000016,20.10344827586205,10.386875000000003,1
