stock1,stock2,trade_capital,open,loss,reward,open_num
2603,6176,120.555,3.254488356362935,7.52294907720547,-0.3348749999999967,1
