stock1,stock2,trade_capital,open,loss,reward,open_num
1314,2888,33.911625,3.254488356362935,7.52294907720547,-0.191124999999996,1
2356,2492,227.43,4.471572794899045,12.523910733262484,1.1800000000000068,1
