stock1,stock2,trade_capital,open,loss,reward,open_num
2049,2377,460.24649999999997,1.8079859466287909,5.99999999999997,0.6464999999999748,1
2049,2454,1318.935,1.4616844455470226,11.091664599354965,4.040000000000077,1
2308,2439,561.87,2.2011242403781104,9.193923024983164,-4.024999999999977,1
2327,6285,602.5500000000001,1.1433818417759427,7.290679890624436,-7.658749999999941,1
2344,6285,120.72375,1.4616844455470226,11.091664599354965,-0.7184999999999775,1
